54555,54555,54555,54555,54555,54555,54555,54555,54555,54555,54555,54555,54555,54555,54555,54555,54555,54555,54555,54555,54555,54555,54555,54555,54555,54555,54555,54555,54555,54555,54555,54555,54555,54555,54555,54555,54555,54555,54555,54555,54555,54555,54555,54555,54555,54555,54555,54555,54555,54555,54555,54555,54555,54555,54555,54555,54555,54555,54555,54555,54555,54555,54555,54555,54555,54555,54555,54555,54555,54555,54555,54555,54555,54555,54555,54555,54555,54555,54555,54555,54555,54555,54555,54555,54555,54555,54555,54555,54555,54555,54555,54555,54555,54555,54555,54555,54555,54555,54555,54555,54555,54555,54555,54555,54555,54555,54555,54555,54555,54555,54555,54555,54555,54555,54555,54555,54555,54555,54555,54555,54555,54555,54555,54555,54555,54555,54555,54555,54555,54555,54555,54555,54555,54555,54555,54555,54555,54555,54555,54555,54555,54555,54555,54555,54555,54555,54555,54555,54555,54555,54555,54555,54555,54555,54555,54555,54555,54555,54555,54555,54555,54555,54555,54555,54555,54555,54555,54555,54555,54555,54555,54555,54555,54555,54555,54555,54555,54555,54555,54555,54555,54555,54555,54555,54555,54555,54555,54555,54555,54555,54555,54555,54555,54555,54555,54555,54555,54555,54555,54555,54555,54555,54555,54555,54555,54555,54555,54555,54555,54555,54555,54555,54555,54555,54555,54555,54555,54555,54555,54555,54555,54555,54555,54555,54555,54555,54555,54555,54555,54555,54555,54555,54555,54555,54555,54555,54555,54555,54555,54555,54555,54555,54555,54555,54555,54555,54555,54555,54555,54555,54555,54555,54555,54555,54555,54555,54555,54555,54555,54555,54555,54555,54555,54555,54555,54555,54555,54555,54555,54555,54555,54555,54555,54555,54555,54555,54555,54555,54555,54555,54555,54555,54555,54555,54555,54555,54555,54555,54555,54555,54555,54555,54555,54555,54555,54555,54555,54555,54555,54555,54555,54555,54555,54555,54555,54555,54555,54555,54555,54555,54555,54555,54555,54555,54555,54555,54555,54555,54555,54555,54555,54555,54555,54555,54555,54555,54555,54555,54555,54555,54555,54555,54555,54555,54555,54555,54555,54555,54555,54555,54555,54555,54555,54555,54555,54555,54555,54555,54555,54555,54555,54555,54555,54555,54555,54555,54555,54555,54555,54555,_
55291,55287,55282,55277,55271,55266,55260,55254,55248,55242,55235,55228,55221,55214,55207,55199,55191,55183,55175,55167,55158,55150,55141,55132,55123,55113,55104,55094,55084,55074,55064,55053,55043,55032,55021,55010,54999,54988,54977,54965,54953,54942,54930,54918,54906,54894,54881,54869,54856,54844,54831,54818,54806,54793,54780,54767,54754,54740,54727,54714,54701,54687,54674,54660,54647,54633,54620,54606,54593,54579,54565,54552,54538,54525,54511,54497,54484,54470,54457,54443,54430,54416,54403,54389,54376,54363,54350,54336,54323,54310,54297,54284,54272,54259,54246,54234,54221,54209,54196,54184,54172,54160,54148,54137,54125,54114,54102,54091,54080,54069,54058,54048,54037,54027,54017,54006,53997,53987,53977,53968,53959,53950,53941,53932,53924,53915,53907,53899,53892,53884,53877,53870,53863,53856,53849,53843,53837,53831,53825,53820,53815,53810,53805,53800,53796,53792,53788,53784,53781,53778,53775,53772,53769,53767,53765,53763,53762,53760,53759,53759,53758,53758,53757,53758,53758,53759,53759,53760,53762,53763,53765,53767,53770,53772,53775,53778,53781,53785,53788,53792,53796,53801,53805,53810,53815,53821,53826,53832,53838,53844,53851,53857,53864,53871,53878,53886,53893,53901,53909,53918,53926,53935,53944,53953,53962,53971,53981,53991,54001,54011,54021,54032,54042,54053,54064,54075,54086,54097,54109,54121,54132,54144,54156,54168,54181,54193,54206,54218,54231,54244,54257,54270,54283,54296,54309,54322,54336,54349,54363,54376,54390,54404,54417,54431,54445,54459,54473,54486,54500,54514,54528,54542,54556,54570,54584,54598,54612,54625,54639,54653,54667,54681,54694,54708,54722,54735,54749,54762,54775,54789,54802,54815,54828,54841,54854,54867,54879,54892,54904,54917,54929,54941,54953,54965,54976,54988,54999,55011,55022,55033,55044,55054,55065,55075,55086,55096,55105,55115,55125,55134,55143,55152,55161,55169,55178,55186,55194,55202,55209,55217,55224,55231,55238,55244,55251,55257,55263,55268,55274,55279,55284,55289,55293,55298,55302,55306,55309,55313,55316,55319,55321,55324,55326,55328,55330,55331,55333,55334,55334,55335,55335,55335,55335,55335,55334,55333,55332,55330,55329,55327,55325,55323,55320,55317,55314,55311,55307,55304,55300,55296,_
56003,55993,55984,55973,55962,55951,55940,55928,55915,55902,55889,55875,55861,55847,55832,55817,55801,55785,55769,55752,55735,55717,55700,55681,55663,55644,55625,55606,55586,55566,55545,55525,55504,55482,55461,55439,55417,55395,55372,55349,55326,55303,55279,55256,55232,55208,55183,55159,55134,55109,55084,55059,55033,55008,54982,54956,54930,54904,54878,54852,54825,54799,54772,54746,54719,54692,54666,54639,54612,54585,54558,54531,54504,54477,54450,54424,54397,54370,54343,54316,54290,54263,54236,54210,54184,54157,54131,54105,54079,54053,54028,54002,53977,53951,53926,53901,53877,53852,53828,53804,53780,53756,53732,53709,53686,53663,53641,53618,53596,53574,53553,53532,53511,53490,53470,53450,53430,53410,53391,53373,53354,53336,53318,53301,53284,53267,53251,53235,53219,53204,53189,53175,53161,53147,53134,53121,53109,53097,53086,53074,53064,53054,53044,53034,53025,53017,53009,53001,52994,52988,52981,52976,52970,52966,52961,52957,52954,52951,52949,52947,52945,52944,52944,52944,52944,52945,52947,52948,52951,52954,52957,52961,52965,52970,52975,52981,52987,52994,53001,53009,53017,53025,53034,53044,53054,53064,53075,53087,53098,53111,53123,53136,53150,53164,53178,53193,53208,53224,53240,53257,53274,53291,53309,53327,53345,53364,53383,53403,53422,53443,53463,53484,53506,53527,53549,53571,53594,53617,53640,53663,53687,53711,53735,53760,53784,53809,53834,53860,53885,53911,53937,53963,53990,54016,54043,54070,54097,54124,54152,54179,54206,54234,54262,54290,54317,54345,54373,54401,54430,54458,54486,54514,54542,54570,54598,54626,54654,54682,54710,54738,54766,54794,54822,54849,54877,54904,54931,54958,54985,55012,55038,55065,55091,55117,55143,55169,55194,55220,55245,55269,55294,55318,55342,55366,55390,55413,55436,55458,55481,55503,55525,55546,55567,55588,55608,55628,55648,55667,55686,55705,55723,55741,55758,55775,55792,55808,55824,55839,55855,55869,55883,55897,55910,55923,55936,55948,55959,55970,55981,55991,56001,56010,56019,56027,56035,56043,56049,56056,56062,56067,56072,56077,56081,56085,56088,56091,56093,56094,56096,56096,56097,56096,56096,56094,56093,56091,56088,56085,56081,56077,56073,56068,56063,56057,56050,56044,56036,56029,56021,56012,_
56688,56674,56659,56643,56626,56609,56592,56573,56554,56535,56515,56494,56473,56451,56429,56406,56382,56358,56333,56308,56283,56256,56230,56202,56175,56147,56118,56089,56059,56029,55999,55968,55937,55905,55873,55840,55807,55774,55741,55707,55672,55638,55603,55567,55532,55496,55460,55423,55386,55349,55312,55275,55237,55199,55161,55123,55084,55045,55007,54968,54928,54889,54850,54810,54771,54731,54691,54652,54612,54572,54532,54492,54452,54412,54372,54332,54293,54253,54213,54173,54134,54094,54055,54016,53977,53938,53899,53860,53821,53783,53745,53707,53669,53632,53594,53557,53521,53484,53448,53412,53376,53341,53306,53271,53237,53203,53169,53136,53103,53070,53038,53007,52975,52944,52914,52884,52854,52825,52797,52769,52741,52714,52687,52661,52636,52610,52586,52562,52539,52516,52493,52472,52450,52430,52410,52391,52372,52354,52336,52319,52303,52287,52273,52258,52245,52232,52219,52208,52197,52186,52177,52168,52159,52152,52145,52139,52133,52129,52125,52121,52119,52117,52116,52115,52116,52117,52118,52121,52124,52128,52132,52138,52144,52151,52158,52166,52175,52185,52195,52207,52218,52231,52244,52258,52273,52288,52304,52321,52338,52356,52375,52395,52415,52435,52457,52479,52502,52525,52549,52574,52599,52625,52651,52678,52706,52734,52763,52792,52822,52852,52883,52915,52947,52979,53012,53046,53080,53114,53149,53184,53220,53256,53293,53330,53367,53405,53443,53481,53520,53559,53598,53638,53678,53718,53759,53799,53840,53881,53923,53964,54006,54048,54090,54132,54174,54216,54259,54301,54344,54387,54429,54472,54514,54557,54600,54642,54685,54727,54770,54812,54854,54896,54938,54980,55021,55062,55104,55145,55185,55226,55266,55306,55346,55385,55424,55463,55501,55539,55577,55614,55651,55688,55724,55760,55795,55830,55865,55899,55932,55965,55998,56030,56062,56093,56123,56153,56182,56211,56240,56267,56294,56321,56347,56372,56397,56421,56445,56467,56490,56511,56532,56552,56572,56591,56609,56627,56644,56660,56675,56690,56704,56718,56731,56743,56754,56765,56774,56784,56792,56800,56807,56813,56819,56824,56828,56831,56834,56836,56837,56838,56838,56837,56835,56833,56830,56826,56822,56817,56811,56805,56798,56790,56781,56772,56762,56751,56740,56728,56716,56702,_
57346,57326,57306,57284,57262,57239,57215,57190,57164,57138,57111,57083,57055,57025,56995,56965,56933,56901,56868,56834,56800,56765,56730,56693,56657,56619,56581,56542,56503,56463,56423,56382,56340,56298,56256,56213,56169,56125,56081,56036,55990,55945,55898,55852,55805,55757,55709,55661,55613,55564,55515,55465,55415,55365,55315,55265,55214,55163,55112,55060,55009,54957,54905,54853,54801,54749,54696,54644,54591,54539,54486,54434,54381,54328,54276,54223,54171,54118,54066,54014,53961,53909,53857,53806,53754,53703,53651,53600,53549,53499,53448,53398,53349,53299,53250,53201,53152,53104,53056,53009,52961,52915,52868,52822,52777,52732,52687,52643,52600,52557,52514,52472,52431,52390,52349,52309,52270,52232,52193,52156,52119,52083,52048,52013,51979,51945,51913,51881,51849,51819,51789,51760,51732,51704,51677,51651,51626,51602,51578,51555,51533,51512,51492,51473,51454,51437,51420,51404,51389,51375,51361,51349,51338,51327,51318,51309,51301,51295,51289,51284,51280,51277,51275,51274,51274,51274,51276,51279,51283,51287,51293,51300,51307,51316,51325,51336,51347,51360,51373,51387,51403,51419,51436,51454,51474,51494,51515,51537,51559,51583,51608,51634,51660,51687,51716,51745,51775,51806,51838,51870,51904,51938,51973,52009,52046,52084,52122,52161,52201,52241,52283,52325,52367,52411,52455,52500,52545,52591,52638,52685,52733,52782,52831,52880,52930,52981,53032,53084,53136,53188,53241,53294,53348,53402,53457,53511,53566,53622,53677,53733,53789,53846,53902,53959,54016,54073,54130,54187,54245,54302,54359,54417,54474,54532,54589,54646,54704,54761,54818,54875,54931,54988,55044,55100,55156,55212,55267,55322,55377,55431,55485,55539,55592,55645,55697,55749,55801,55852,55902,55952,56002,56051,56099,56147,56194,56241,56287,56332,56377,56421,56464,56507,56549,56590,56630,56670,56709,56747,56785,56822,56857,56892,56927,56960,56993,57024,57055,57085,57114,57143,57170,57197,57222,57247,57271,57293,57315,57336,57356,57376,57394,57411,57427,57443,57457,57470,57483,57494,57505,57515,57523,57531,57538,57544,57548,57552,57555,57557,57558,57558,57557,57555,57553,57549,57544,57539,57532,57525,57516,57507,57497,57486,57474,57461,57447,57432,57417,57400,57383,57365,_
57974,57949,57922,57895,57867,57837,57807,57776,57744,57710,57676,57641,57605,57568,57531,57492,57453,57412,57371,57329,57286,57243,57198,57153,57107,57060,57013,56965,56916,56866,56816,56765,56714,56662,56609,56555,56501,56447,56391,56336,56279,56223,56165,56108,56049,55991,55931,55872,55812,55751,55691,55629,55568,55506,55444,55381,55319,55256,55192,55129,55065,55001,54937,54873,54809,54744,54679,54615,54550,54485,54420,54355,54290,54225,54160,54095,54030,53965,53901,53836,53771,53707,53643,53579,53515,53451,53388,53325,53262,53199,53137,53075,53014,52952,52891,52831,52771,52711,52652,52593,52534,52476,52419,52362,52306,52250,52195,52140,52086,52032,51980,51927,51876,51825,51775,51725,51676,51628,51581,51535,51489,51444,51400,51356,51314,51272,51231,51191,51152,51114,51076,51040,51004,50970,50936,50904,50872,50841,50812,50783,50755,50729,50703,50679,50655,50633,50611,50591,50572,50554,50537,50521,50506,50493,50480,50469,50459,50450,50442,50435,50430,50426,50423,50421,50420,50420,50422,50425,50429,50434,50441,50448,50457,50467,50479,50491,50505,50520,50536,50553,50572,50592,50613,50635,50658,50683,50709,50736,50764,50793,50823,50855,50888,50922,50957,50993,51030,51069,51108,51149,51190,51233,51277,51322,51367,51414,51462,51511,51561,51611,51663,51716,51769,51824,51879,51935,51992,52050,52109,52168,52228,52289,52351,52413,52476,52540,52604,52669,52734,52800,52867,52934,53002,53070,53139,53208,53277,53347,53417,53488,53558,53630,53701,53772,53844,53916,53988,54061,54133,54205,54278,54350,54423,54495,54567,54640,54712,54784,54856,54927,54999,55070,55141,55212,55282,55352,55422,55491,55560,55628,55696,55764,55831,55897,55963,56028,56093,56157,56220,56283,56345,56406,56467,56527,56586,56644,56701,56758,56814,56869,56923,56976,57028,57080,57130,57179,57228,57275,57322,57367,57411,57455,57497,57538,57579,57618,57656,57692,57728,57763,57796,57829,57860,57890,57919,57947,57973,57999,58023,58046,58068,58088,58108,58126,58143,58159,58174,58187,58199,58211,58220,58229,58237,58243,58248,58252,58254,58256,58256,58255,58253,58250,58246,58240,58233,58226,58217,58206,58195,58183,58169,58155,58139,58122,58104,58085,58065,58044,58022,57998,_
58571,58540,58508,58474,58440,58404,58367,58329,58290,58250,58209,58166,58123,58079,58033,57987,57939,57891,57841,57791,57740,57687,57634,57580,57525,57469,57413,57355,57297,57238,57178,57117,57056,56993,56930,56867,56802,56737,56672,56606,56539,56471,56403,56334,56265,56195,56125,56054,55983,55911,55839,55767,55694,55620,55547,55472,55398,55323,55248,55173,55097,55022,54946,54869,54793,54716,54640,54563,54486,54409,54332,54255,54178,54101,54024,53947,53870,53793,53716,53639,53563,53487,53410,53334,53259,53183,53108,53033,52958,52884,52810,52737,52663,52591,52518,52446,52375,52304,52233,52164,52094,52025,51957,51889,51822,51756,51690,51625,51561,51497,51434,51372,51311,51250,51190,51131,51073,51016,50959,50904,50849,50795,50743,50691,50640,50590,50541,50493,50446,50401,50356,50312,50270,50228,50188,50148,50110,50073,50038,50003,49970,49938,49907,49877,49848,49821,49795,49771,49747,49725,49704,49685,49667,49650,49634,49620,49608,49596,49586,49578,49571,49565,49560,49557,49556,49556,49557,49560,49564,49570,49577,49585,49595,49607,49620,49634,49650,49667,49686,49706,49728,49751,49775,49801,49829,49858,49888,49920,49953,49988,50024,50061,50100,50140,50182,50225,50269,50315,50362,50410,50460,50511,50563,50617,50672,50728,50785,50844,50903,50964,51026,51089,51154,51219,51286,51353,51422,51492,51562,51634,51706,51780,51854,51929,52005,52082,52160,52238,52317,52397,52478,52559,52641,52723,52806,52890,52974,53058,53143,53229,53314,53400,53487,53573,53660,53747,53835,53922,54010,54097,54185,54273,54361,54448,54536,54623,54711,54798,54885,54972,55058,55144,55230,55315,55400,55485,55569,55653,55736,55819,55900,55982,56063,56143,56222,56301,56378,56455,56532,56607,56682,56755,56828,56900,56971,57041,57110,57177,57244,57310,57375,57438,57500,57562,57622,57680,57738,57795,57850,57904,57956,58008,58058,58107,58154,58200,58245,58288,58330,58371,58410,58448,58485,58520,58553,58586,58616,58646,58674,58700,58725,58749,58771,58792,58811,58829,58846,58861,58874,58886,58897,58906,58914,58920,58925,58928,58930,58931,58930,58928,58924,58919,58913,58905,58896,58886,58874,58861,58846,58830,58813,58795,58775,58754,58731,58708,58683,58657,58629,58601,_
59135,59098,59060,59020,58980,58937,58894,58849,58803,58756,58707,58658,58607,58555,58502,58447,58392,58335,58278,58219,58159,58098,58036,57973,57909,57845,57779,57712,57644,57576,57506,57436,57365,57293,57220,57146,57072,56997,56921,56844,56767,56689,56610,56531,56451,56371,56290,56208,56126,56043,55960,55876,55792,55707,55622,55537,55451,55365,55278,55191,55104,55017,54929,54841,54753,54665,54577,54488,54400,54311,54222,54133,54044,53955,53866,53778,53689,53600,53512,53423,53335,53247,53159,53072,52984,52897,52810,52724,52638,52552,52467,52382,52297,52213,52130,52047,51964,51882,51801,51720,51640,51561,51482,51404,51326,51249,51173,51098,51024,50950,50877,50806,50735,50664,50595,50527,50460,50393,50328,50263,50200,50138,50077,50016,49957,49900,49843,49787,49733,49679,49627,49577,49527,49479,49432,49386,49341,49298,49257,49216,49177,49139,49103,49068,49035,49003,48972,48943,48915,48889,48864,48841,48820,48800,48781,48764,48749,48735,48723,48712,48703,48696,48690,48686,48683,48682,48683,48686,48690,48696,48703,48712,48723,48736,48750,48766,48784,48803,48824,48847,48872,48898,48926,48955,48987,49020,49055,49091,49129,49169,49210,49253,49298,49345,49393,49442,49494,49547,49601,49657,49715,49774,49835,49897,49961,50026,50093,50161,50231,50302,50374,50448,50523,50599,50677,50756,50836,50918,51000,51084,51169,51255,51343,51431,51520,51610,51701,51793,51886,51980,52075,52170,52266,52363,52461,52559,52658,52757,52857,52957,53058,53159,53261,53363,53465,53568,53671,53773,53877,53980,54083,54186,54289,54392,54495,54598,54701,54804,54906,55008,55109,55211,55311,55412,55512,55611,55710,55808,55905,56002,56098,56194,56288,56382,56475,56567,56658,56748,56837,56925,57012,57098,57183,57267,57349,57431,57511,57590,57667,57744,57819,57892,57965,58036,58105,58173,58240,58305,58369,58431,58491,58550,58608,58664,58718,58771,58822,58872,58920,58966,59011,59054,59095,59135,59173,59209,59244,59277,59308,59338,59365,59392,59416,59439,59460,59479,59497,59513,59527,59540,59551,59560,59568,59574,59578,59581,59582,59581,59579,59575,59569,59562,59553,59543,59531,59517,59502,59486,59468,59448,59427,59404,59380,59354,59327,59299,59269,59238,59205,59171,_
59665,59622,59578,59532,59485,59436,59385,59334,59281,59226,59171,59114,59055,58996,58935,58873,58809,58744,58679,58612,58543,58474,58404,58332,58259,58186,58111,58035,57958,57880,57801,57722,57641,57559,57477,57393,57309,57224,57138,57052,56964,56876,56787,56697,56607,56516,56424,56332,56239,56146,56052,55957,55862,55766,55670,55574,55477,55380,55282,55184,55086,54987,54888,54789,54689,54590,54490,54390,54290,54190,54089,53989,53888,53788,53688,53587,53487,53387,53287,53187,53087,52988,52889,52790,52691,52593,52494,52397,52299,52203,52106,52010,51915,51820,51725,51631,51538,51445,51353,51262,51172,51082,50992,50904,50816,50730,50644,50559,50474,50391,50309,50227,50147,50068,49989,49912,49836,49760,49686,49613,49542,49471,49402,49333,49266,49201,49136,49073,49011,48951,48891,48834,48777,48722,48669,48616,48566,48517,48469,48423,48378,48335,48293,48253,48215,48178,48143,48109,48077,48047,48019,47992,47967,47943,47922,47902,47884,47867,47853,47840,47829,47820,47813,47807,47803,47802,47802,47804,47808,47814,47822,47831,47843,47856,47872,47889,47909,47930,47953,47979,48006,48035,48066,48099,48134,48171,48210,48251,48294,48338,48385,48434,48484,48537,48591,48647,48705,48765,48827,48891,48956,49024,49093,49164,49236,49311,49387,49465,49544,49625,49708,49792,49878,49966,50055,50145,50237,50331,50425,50521,50619,50718,50818,50919,51021,51125,51230,51336,51443,51550,51659,51769,51880,51991,52104,52217,52330,52445,52560,52675,52791,52908,53025,53143,53260,53379,53497,53615,53734,53853,53972,54091,54210,54328,54447,54565,54684,54802,54919,55037,55154,55270,55386,55501,55616,55730,55844,55956,56068,56179,56290,56399,56508,56615,56721,56827,56931,57034,57136,57237,57336,57435,57531,57627,57721,57814,57905,57995,58083,58170,58255,58339,58421,58501,58580,58657,58732,58806,58878,58948,59016,59082,59147,59210,59271,59330,59387,59443,59496,59548,59597,59645,59691,59734,59776,59816,59854,59890,59925,59957,59987,60015,60041,60066,60088,60108,60127,60144,60158,60171,60182,60191,60197,60203,60206,60207,60206,60204,60200,60194,60186,60176,60164,60151,60136,60119,60101,60080,60058,60034,60009,59982,59953,59923,59891,59857,59822,59785,59747,59707,_
60160,60111,60060,60008,59954,59898,59841,59782,59722,59661,59598,59533,59467,59400,59331,59261,59190,59117,59043,58968,58892,58814,58735,58655,58574,58491,58407,58323,58237,58150,58062,57973,57883,57792,57700,57607,57513,57419,57323,57227,57129,57031,56932,56832,56732,56631,56529,56426,56323,56219,56115,56009,55904,55797,55691,55584,55476,55368,55259,55150,55041,54931,54821,54711,54600,54490,54379,54267,54156,54045,53933,53822,53710,53598,53487,53375,53264,53152,53041,52930,52819,52709,52598,52488,52378,52269,52160,52051,51943,51835,51728,51621,51515,51409,51304,51200,51096,50993,50890,50789,50688,50588,50489,50390,50293,50196,50100,50006,49912,49819,49728,49637,49548,49459,49372,49286,49201,49117,49035,48953,48873,48795,48717,48641,48566,48493,48421,48351,48282,48214,48148,48083,48020,47959,47899,47841,47784,47729,47675,47623,47573,47525,47478,47433,47390,47348,47308,47271,47234,47200,47168,47137,47109,47082,47057,47034,47013,46994,46977,46962,46949,46939,46930,46923,46918,46915,46915,46916,46920,46926,46934,46944,46956,46970,46987,47005,47026,47049,47075,47102,47132,47164,47198,47234,47273,47313,47356,47402,47449,47498,47550,47604,47660,47719,47779,47842,47907,47974,48043,48114,48187,48262,48340,48419,48500,48584,48669,48757,48846,48937,49030,49125,49222,49320,49420,49522,49626,49731,49838,49947,50057,50168,50281,50396,50512,50629,50747,50867,50988,51110,51233,51357,51483,51609,51736,51864,51993,52122,52253,52384,52515,52648,52780,52913,53047,53181,53315,53449,53584,53718,53853,53988,54122,54257,54391,54526,54659,54793,54926,55059,55191,55323,55454,55585,55714,55843,55972,56099,56225,56351,56475,56599,56721,56842,56962,57081,57198,57314,57429,57542,57654,57765,57873,57980,58086,58190,58292,58393,58492,58589,58684,58777,58868,58958,59046,59131,59215,59297,59376,59454,59530,59603,59674,59744,59811,59876,59939,59999,60058,60114,60168,60220,60270,60318,60363,60406,60447,60486,60522,60556,60588,60618,60646,60671,60694,60715,60734,60751,60765,60777,60787,60795,60801,60805,60807,60806,60804,60799,60792,60784,60773,60760,60746,60729,60710,60690,60667,60643,60616,60588,60558,60526,60492,60457,60420,60381,60340,60297,60253,60207,_
60618,60563,60505,60446,60386,60323,60259,60194,60126,60058,59987,59916,59842,59767,59691,59613,59534,59453,59371,59288,59203,59117,59030,58942,58852,58761,58668,58575,58480,58385,58288,58190,58091,57991,57890,57787,57684,57580,57475,57369,57262,57154,57046,56936,56826,56715,56603,56490,56377,56263,56148,56033,55917,55800,55683,55565,55447,55328,55209,55090,54970,54849,54729,54608,54486,54365,54243,54121,53999,53876,53754,53631,53509,53386,53263,53141,53019,52896,52774,52652,52530,52409,52287,52166,52046,51926,51806,51686,51567,51449,51331,51214,51097,50981,50865,50751,50637,50523,50411,50299,50189,50079,49970,49862,49755,49648,49543,49439,49336,49235,49134,49034,48936,48839,48743,48648,48555,48463,48372,48283,48195,48109,48024,47940,47858,47777,47698,47621,47545,47470,47398,47326,47257,47189,47123,47059,46996,46935,46876,46819,46763,46710,46658,46608,46560,46514,46470,46428,46387,46349,46313,46279,46247,46217,46189,46163,46139,46118,46098,46081,46066,46053,46043,46034,46028,46025,46023,46024,46027,46033,46041,46051,46064,46079,46096,46116,46138,46163,46190,46219,46251,46286,46323,46362,46404,46448,46495,46545,46596,46651,46707,46766,46828,46892,46959,47027,47099,47173,47249,47327,47408,47491,47577,47665,47755,47847,47942,48039,48138,48239,48342,48447,48555,48664,48776,48889,49005,49122,49241,49362,49485,49609,49735,49863,49992,50123,50255,50388,50523,50660,50797,50936,51076,51217,51360,51503,51647,51792,51937,52084,52231,52379,52527,52676,52826,52975,53125,53276,53426,53577,53727,53878,54029,54179,54329,54479,54629,54778,54927,55075,55223,55370,55517,55662,55807,55951,56094,56236,56377,56517,56655,56793,56929,57064,57197,57329,57460,57589,57716,57842,57966,58088,58208,58327,58444,58559,58672,58783,58892,58999,59104,59206,59307,59405,59502,59596,59687,59777,59864,59949,60031,60111,60189,60264,60337,60408,60476,60541,60604,60665,60723,60779,60832,60883,60931,60977,61020,61061,61099,61135,61168,61199,61228,61254,61277,61298,61317,61333,61347,61358,61367,61374,61378,61380,61380,61377,61372,61365,61355,61344,61330,61314,61295,61275,61252,61227,61201,61172,61141,61108,61073,61036,60997,60956,60914,60869,60822,60774,60724,60672,_
61039,60977,60913,60847,60780,60710,60640,60567,60493,60417,60339,60260,60179,60096,60012,59927,59840,59752,59662,59570,59478,59384,59288,59191,59093,58994,58893,58791,58688,58584,58478,58371,58264,58155,58045,57933,57821,57708,57594,57478,57362,57245,57127,57008,56888,56767,56646,56524,56400,56277,56152,56027,55901,55774,55647,55519,55391,55262,55132,55002,54872,54741,54610,54479,54347,54215,54082,53950,53817,53684,53551,53417,53284,53151,53018,52884,52751,52618,52485,52353,52220,52088,51956,51824,51693,51562,51432,51302,51173,51044,50916,50788,50661,50535,50409,50285,50161,50037,49915,49794,49673,49554,49435,49318,49201,49086,48972,48859,48747,48636,48527,48419,48312,48207,48102,48000,47898,47798,47700,47603,47507,47413,47321,47230,47141,47053,46967,46883,46800,46719,46640,46563,46487,46413,46341,46271,46203,46137,46072,46010,45949,45890,45834,45779,45727,45676,45628,45581,45537,45495,45455,45417,45382,45349,45318,45289,45263,45238,45217,45197,45180,45166,45153,45143,45136,45131,45129,45129,45132,45137,45145,45155,45168,45183,45202,45222,45246,45272,45301,45332,45366,45403,45443,45485,45530,45578,45629,45682,45738,45797,45858,45922,45989,46059,46131,46206,46284,46364,46447,46533,46621,46712,46806,46902,47001,47102,47206,47312,47421,47532,47646,47762,47880,48000,48123,48248,48375,48504,48635,48769,48904,49041,49180,49321,49464,49608,49754,49902,50051,50202,50354,50507,50662,50818,50976,51134,51293,51454,51615,51777,51940,52104,52268,52433,52598,52764,52930,53096,53262,53429,53596,53762,53929,54096,54262,54428,54593,54758,54923,55086,55250,55412,55574,55735,55895,56053,56211,56368,56523,56677,56830,56981,57131,57280,57426,57571,57715,57856,57996,58134,58270,58404,58536,58666,58794,58920,59043,59164,59283,59400,59514,59626,59736,59843,59947,60049,60148,60245,60339,60431,60520,60606,60690,60771,60849,60925,60997,61067,61135,61199,61261,61320,61376,61430,61480,61528,61573,61616,61655,61692,61726,61758,61786,61812,61836,61856,61874,61889,61902,61912,61919,61924,61927,61926,61923,61918,61910,61900,61887,61872,61854,61835,61812,61788,61761,61732,61700,61667,61631,61593,61553,61510,61466,61419,61371,61320,61268,61214,61157,61099,_
61421,61352,61282,61209,61135,61059,60981,60901,60820,60737,60652,60565,60477,60387,60295,60202,60108,60012,59914,59815,59714,59612,59509,59404,59298,59190,59081,58971,58860,58747,58633,58518,58401,58284,58165,58045,57924,57802,57679,57555,57430,57303,57176,57048,56919,56789,56658,56527,56394,56261,56126,55992,55856,55720,55583,55445,55307,55168,55028,54888,54748,54607,54466,54324,54182,54040,53897,53754,53611,53467,53324,53180,53036,52893,52749,52605,52462,52318,52175,52032,51889,51746,51604,51462,51320,51179,51039,50898,50759,50620,50482,50344,50207,50071,49935,49801,49667,49534,49403,49272,49142,49013,48885,48759,48633,48509,48386,48264,48144,48025,47907,47791,47676,47562,47450,47339,47230,47123,47017,46912,46810,46708,46609,46511,46415,46321,46228,46138,46049,45962,45876,45793,45712,45632,45554,45479,45405,45334,45264,45196,45131,45068,45006,44947,44890,44836,44783,44733,44685,44639,44596,44555,44516,44479,44445,44414,44385,44358,44334,44312,44293,44277,44263,44251,44242,44236,44233,44232,44234,44239,44247,44257,44270,44286,44305,44327,44351,44379,44409,44442,44479,44518,44560,44605,44653,44704,44758,44815,44875,44938,45004,45073,45146,45221,45299,45380,45464,45551,45641,45733,45829,45928,46029,46134,46241,46351,46464,46580,46698,46819,46943,47069,47198,47329,47463,47600,47738,47879,48023,48169,48316,48467,48619,48773,48929,49087,49247,49409,49572,49737,49904,50072,50242,50413,50585,50759,50934,51110,51287,51464,51643,51822,52003,52183,52365,52546,52728,52911,53093,53276,53459,53642,53824,54007,54189,54371,54552,54733,54913,55093,55271,55449,55626,55802,55977,56151,56323,56494,56664,56832,56999,57164,57328,57489,57649,57807,57964,58118,58270,58420,58568,58713,58857,58998,59136,59272,59406,59537,59666,59792,59915,60036,60154,60269,60381,60491,60597,60701,60802,60900,60995,61087,61176,61262,61345,61425,61502,61576,61647,61715,61780,61842,61901,61956,62009,62058,62105,62148,62189,62226,62261,62292,62321,62346,62369,62388,62405,62419,62430,62438,62443,62446,62445,62442,62437,62428,62417,62403,62387,62368,62346,62322,62295,62266,62235,62201,62164,62126,62085,62041,61996,61948,61898,61845,61791,61735,61676,61615,61553,61488,_
61764,61689,61612,61532,61451,61368,61283,61196,61108,61017,60925,60831,60736,60638,60539,60439,60337,60233,60128,60021,59913,59803,59692,59579,59465,59349,59232,59114,58995,58874,58752,58628,58504,58378,58251,58123,57993,57863,57731,57598,57464,57330,57194,57057,56919,56780,56640,56499,56357,56215,56072,55927,55782,55637,55490,55343,55195,55047,54898,54748,54598,54447,54296,54144,53992,53840,53687,53534,53381,53227,53074,52920,52766,52612,52458,52304,52150,51996,51843,51689,51536,51383,51231,51079,50927,50776,50625,50475,50326,50177,50029,49881,49734,49589,49444,49300,49156,49014,48873,48733,48594,48456,48320,48184,48050,47918,47786,47656,47527,47400,47274,47150,47027,46905,46786,46668,46551,46436,46323,46212,46102,45994,45888,45784,45681,45581,45482,45385,45290,45197,45107,45018,44931,44846,44763,44682,44603,44527,44452,44380,44310,44242,44177,44113,44052,43994,43937,43883,43831,43782,43735,43691,43649,43610,43573,43538,43507,43478,43451,43427,43406,43388,43372,43359,43349,43342,43337,43336,43337,43342,43349,43359,43372,43389,43408,43430,43456,43485,43516,43551,43589,43631,43675,43723,43774,43828,43886,43946,44010,44078,44148,44222,44299,44379,44463,44550,44640,44733,44830,44930,45033,45139,45249,45361,45477,45596,45718,45842,45970,46101,46235,46372,46511,46653,46799,46946,47097,47250,47405,47563,47724,47887,48052,48220,48389,48561,48735,48911,49088,49268,49449,49632,49817,50003,50190,50379,50570,50761,50953,51147,51341,51537,51733,51929,52127,52325,52523,52721,52920,53119,53318,53517,53715,53914,54112,54309,54506,54703,54899,55094,55288,55481,55673,55864,56054,56243,56430,56615,56799,56982,57162,57341,57518,57693,57866,58037,58206,58372,58536,58698,58858,59015,59169,59321,59470,59616,59760,59900,60038,60173,60305,60434,60560,60683,60803,60920,61033,61144,61251,61355,61456,61553,61647,61738,61825,61909,61990,62068,62142,62212,62280,62344,62404,62462,62516,62566,62614,62658,62699,62736,62770,62801,62829,62853,62875,62893,62908,62920,62929,62934,62937,62937,62934,62927,62918,62906,62891,62874,62853,62830,62804,62775,62744,62710,62673,62634,62593,62549,62502,62453,62402,62348,62292,62234,62173,62110,62045,61978,61909,61838,_
62068,61986,61902,61816,61728,61638,61546,61452,61356,61258,61159,61058,60955,60850,60744,60636,60527,60416,60303,60189,60073,59955,59837,59716,59595,59471,59347,59221,59094,58965,58835,58704,58571,58437,58302,58166,58028,57890,57750,57609,57467,57323,57179,57034,56887,56740,56591,56442,56291,56140,55988,55835,55681,55526,55370,55214,55057,54899,54741,54581,54422,54261,54101,53939,53778,53616,53453,53290,53127,52964,52800,52636,52473,52309,52145,51981,51817,51653,51489,51326,51163,51000,50838,50676,50514,50353,50192,50033,49873,49715,49557,49400,49244,49088,48934,48781,48628,48477,48327,48178,48030,47884,47739,47595,47452,47311,47171,47033,46897,46761,46628,46496,46366,46237,46110,45985,45861,45740,45620,45502,45386,45271,45159,45048,44940,44833,44729,44626,44526,44428,44331,44237,44145,44055,43967,43882,43798,43717,43638,43562,43487,43415,43346,43278,43214,43151,43091,43033,42978,42926,42876,42828,42783,42741,42701,42664,42630,42599,42570,42544,42521,42501,42483,42469,42457,42449,42443,42441,42442,42446,42452,42463,42476,42492,42512,42535,42562,42591,42624,42661,42701,42744,42791,42841,42895,42952,43013,43077,43145,43216,43291,43369,43451,43537,43626,43719,43815,43914,44018,44124,44235,44348,44466,44586,44710,44838,44968,45102,45240,45380,45524,45671,45821,45974,46131,46290,46452,46617,46784,46955,47128,47304,47482,47663,47846,48031,48219,48409,48601,48795,48991,49188,49388,49589,49792,49996,50202,50408,50617,50826,51036,51247,51459,51672,51885,52099,52313,52528,52743,52958,53173,53387,53602,53816,54030,54244,54457,54669,54880,55091,55300,55509,55716,55922,56126,56330,56531,56731,56929,57125,57320,57512,57702,57890,58076,58260,58441,58619,58795,58969,59139,59307,59472,59635,59794,59950,60103,60253,60400,60544,60684,60821,60955,61085,61212,61336,61456,61572,61685,61794,61900,62002,62101,62196,62287,62375,62459,62539,62616,62689,62759,62824,62887,62945,63000,63051,63099,63143,63183,63220,63254,63284,63310,63333,63353,63369,63382,63392,63398,63401,63400,63397,63390,63380,63367,63351,63332,63310,63285,63258,63227,63193,63157,63118,63076,63031,62984,62934,62882,62827,62770,62710,62648,62583,62516,62447,62376,62302,62226,62149,_
62333,62244,62153,62059,61964,61867,61768,61667,61564,61460,61353,61245,61135,61023,60910,60795,60678,60559,60439,60318,60195,60070,59944,59816,59687,59557,59425,59291,59156,59020,58883,58744,58604,58462,58319,58175,58030,57883,57736,57587,57437,57285,57133,56979,56825,56669,56512,56355,56196,56036,55875,55713,55551,55387,55223,55058,54892,54725,54557,54389,54220,54051,53881,53710,53539,53367,53195,53023,52850,52677,52504,52331,52157,51983,51810,51636,51462,51289,51115,50942,50769,50597,50424,50253,50081,49911,49740,49571,49402,49234,49067,48901,48735,48571,48407,48245,48084,47923,47765,47607,47451,47296,47142,46990,46840,46690,46543,46397,46253,46110,45969,45830,45692,45557,45423,45291,45161,45033,44907,44782,44660,44540,44422,44305,44191,44079,43969,43862,43756,43653,43551,43452,43356,43261,43169,43079,42991,42906,42823,42742,42664,42588,42514,42443,42375,42309,42246,42185,42126,42071,42018,41967,41919,41874,41832,41793,41756,41722,41692,41664,41639,41617,41598,41582,41569,41559,41553,41549,41549,41553,41559,41569,41582,41599,41619,41643,41670,41701,41735,41773,41814,41860,41908,41961,42017,42077,42141,42209,42280,42356,42435,42518,42604,42695,42789,42888,42990,43095,43205,43319,43436,43557,43682,43810,43943,44079,44218,44361,44508,44658,44812,44969,45130,45294,45461,45632,45805,45982,46162,46344,46530,46719,46910,47104,47300,47499,47701,47905,48111,48319,48530,48742,48957,49173,49391,49610,49831,50054,50277,50502,50728,50955,51183,51411,51641,51871,52101,52331,52562,52793,53024,53255,53485,53716,53945,54175,54403,54631,54858,55084,55308,55532,55754,55975,56194,56411,56627,56841,57053,57263,57471,57677,57880,58081,58279,58475,58668,58859,59046,59231,59412,59591,59766,59939,60108,60274,60436,60595,60750,60902,61050,61195,61336,61473,61607,61737,61863,61985,62103,62218,62328,62435,62537,62636,62731,62821,62908,62991,63070,63145,63216,63283,63346,63405,63460,63512,63559,63603,63643,63679,63711,63739,63764,63785,63802,63816,63826,63833,63836,63836,63832,63825,63814,63800,63783,63763,63739,63713,63683,63650,63614,63575,63534,63489,63441,63391,63338,63283,63224,63163,63100,63034,62965,62894,62821,62745,62667,62587,62504,62420,_
62557,62461,62363,62263,62161,62057,61951,61843,61733,61622,61508,61393,61276,61157,61036,60914,60790,60665,60538,60409,60279,60147,60014,59879,59743,59605,59466,59325,59183,59040,58895,58749,58602,58453,58303,58151,57998,57845,57689,57533,57375,57216,57056,56895,56732,56569,56404,56238,56071,55903,55734,55564,55394,55222,55049,54875,54700,54525,54349,54172,53994,53816,53637,53457,53277,53096,52915,52733,52551,52369,52186,52003,51820,51637,51453,51270,51087,50904,50721,50538,50355,50173,49992,49810,49629,49449,49270,49091,48913,48735,48559,48384,48209,48036,47863,47692,47522,47354,47186,47020,46856,46693,46531,46371,46213,46056,45901,45747,45596,45446,45298,45152,45008,44866,44725,44587,44451,44317,44185,44054,43927,43801,43677,43556,43436,43319,43204,43092,42981,42873,42768,42664,42563,42464,42368,42274,42182,42093,42006,41922,41840,41761,41684,41609,41538,41469,41402,41338,41277,41218,41162,41109,41059,41012,40967,40925,40886,40850,40818,40788,40761,40737,40717,40699,40685,40674,40667,40663,40662,40664,40671,40680,40693,40710,40731,40755,40783,40814,40850,40889,40932,40979,41030,41085,41143,41206,41273,41344,41419,41498,41581,41668,41760,41855,41955,42058,42166,42278,42394,42514,42639,42767,42899,43036,43176,43321,43469,43621,43777,43937,44101,44268,44439,44614,44792,44973,45159,45347,45539,45734,45932,46133,46337,46544,46754,46967,47182,47400,47621,47843,48068,48295,48524,48755,48988,49223,49459,49697,49936,50177,50418,50661,50905,51149,51394,51640,51886,52133,52379,52626,52873,53119,53366,53612,53857,54102,54346,54589,54831,55072,55312,55550,55787,56022,56256,56488,56718,56946,57171,57395,57616,57834,58051,58264,58475,58682,58887,59089,59288,59484,59676,59865,60050,60232,60411,60586,60757,60924,61088,61248,61403,61555,61703,61847,61987,62122,62254,62381,62504,62623,62738,62848,62955,63057,63154,63248,63337,63421,63502,63578,63650,63718,63781,63841,63896,63947,63993,64036,64075,64109,64140,64166,64189,64207,64222,64233,64240,64243,64243,64239,64231,64220,64205,64187,64165,64140,64112,64080,64045,64007,63965,63921,63874,63823,63770,63714,63655,63593,63528,63461,63391,63318,63243,63166,63086,63004,62919,62832,62742,62651,_
62742,62639,62534,62427,62318,62207,62094,61979,61863,61744,61624,61501,61377,61252,61124,60995,60864,60732,60598,60463,60326,60187,60047,59905,59762,59617,59471,59324,59175,59025,58873,58720,58566,58410,58253,58094,57934,57773,57611,57447,57282,57116,56949,56780,56610,56439,56267,56094,55919,55743,55567,55389,55210,55030,54849,54667,54484,54300,54116,53930,53744,53557,53369,53181,52992,52802,52612,52421,52230,52038,51846,51654,51462,51269,51077,50884,50692,50499,50307,50114,49923,49731,49540,49349,49159,48970,48781,48593,48406,48219,48034,47850,47666,47484,47303,47123,46945,46768,46592,46418,46246,46075,45906,45738,45572,45408,45246,45085,44927,44770,44616,44463,44313,44164,44018,43874,43732,43592,43454,43319,43185,43055,42926,42800,42676,42554,42434,42317,42203,42091,41981,41873,41768,41666,41566,41468,41373,41280,41190,41103,41018,40935,40855,40778,40703,40631,40562,40495,40431,40370,40312,40256,40204,40154,40107,40063,40022,39984,39949,39918,39889,39864,39842,39823,39808,39796,39787,39782,39781,39783,39788,39798,39811,39828,39848,39873,39901,39934,39970,40011,40055,40104,40156,40213,40275,40340,40410,40484,40562,40645,40732,40823,40919,41019,41124,41233,41347,41465,41587,41714,41845,41980,42120,42264,42412,42565,42722,42883,43048,43218,43391,43568,43750,43935,44124,44317,44513,44713,44917,45124,45335,45549,45766,45986,46209,46435,46664,46896,47130,47367,47607,47848,48092,48338,48586,48836,49087,49340,49595,49851,50108,50366,50625,50885,51146,51408,51670,51932,52194,52457,52719,52981,53243,53505,53766,54026,54285,54543,54801,55057,55311,55564,55816,56065,56313,56559,56803,57044,57283,57520,57754,57985,58214,58439,58662,58881,59098,59311,59520,59726,59929,60128,60323,60515,60702,60886,61065,61241,61412,61579,61742,61901,62055,62205,62351,62492,62628,62760,62888,63011,63129,63243,63352,63457,63557,63652,63743,63829,63911,63988,64060,64128,64192,64251,64305,64355,64401,64442,64479,64512,64540,64564,64584,64600,64611,64619,64622,64622,64618,64609,64597,64582,64562,64539,64512,64482,64449,64411,64371,64327,64280,64230,64177,64120,64061,63998,63933,63865,63794,63720,63643,63564,63483,63398,63312,63223,63131,63037,62941,62843,_
62888,62778,62666,62552,62436,62318,62199,62077,61953,61828,61701,61571,61441,61308,61174,61038,60901,60762,60621,60479,60335,60190,60043,59895,59745,59594,59442,59288,59132,58975,58817,58657,58496,58334,58170,58005,57839,57671,57502,57331,57159,56986,56812,56636,56459,56281,56102,55921,55739,55556,55372,55187,55000,54813,54624,54434,54243,54052,53859,53665,53471,53275,53079,52882,52685,52486,52287,52088,51888,51688,51487,51286,51084,50883,50681,50479,50277,50076,49874,49673,49472,49271,49071,48871,48672,48473,48275,48078,47882,47687,47493,47300,47108,46917,46728,46540,46353,46168,45984,45802,45622,45444,45267,45092,44919,44748,44578,44411,44246,44083,43922,43764,43607,43453,43301,43151,43004,42859,42716,42576,42438,42302,42169,42038,41910,41784,41661,41540,41422,41306,41192,41081,40973,40867,40764,40663,40565,40469,40376,40285,40198,40112,40030,39950,39873,39798,39726,39657,39591,39527,39467,39409,39354,39302,39254,39208,39165,39125,39089,39055,39025,38999,38975,38955,38938,38925,38916,38910,38908,38909,38914,38923,38936,38953,38974,38999,39028,39061,39098,39140,39186,39236,39290,39349,39413,39481,39553,39630,39712,39798,39889,39984,40085,40189,40299,40413,40532,40656,40784,40918,41055,41198,41345,41497,41653,41814,41979,42149,42323,42502,42685,42872,43064,43260,43460,43663,43871,44083,44298,44518,44740,44967,45197,45430,45666,45906,46148,46394,46642,46893,47147,47403,47661,47922,48184,48449,48715,48984,49253,49525,49797,50071,50346,50621,50898,51175,51452,51730,52008,52286,52564,52841,53119,53395,53672,53947,54221,54494,54766,55037,55306,55573,55839,56103,56365,56624,56881,57136,57388,57638,57884,58128,58369,58606,58840,59071,59299,59522,59742,59959,60171,60380,60584,60785,60981,61173,61360,61543,61722,61896,62066,62231,62391,62546,62697,62843,62984,63121,63252,63378,63500,63617,63729,63835,63937,64034,64126,64214,64296,64373,64446,64514,64577,64635,64688,64737,64781,64820,64855,64885,64910,64932,64948,64961,64969,64973,64972,64968,64959,64946,64930,64909,64885,64857,64825,64789,64750,64707,64661,64611,64558,64502,64442,64380,64314,64245,64173,64098,64021,63940,63857,63771,63683,63592,63499,63403,63304,63203,63100,62995,_
62994,62878,62759,62638,62516,62391,62264,62136,62005,61873,61739,61604,61466,61327,61187,61044,60900,60755,60608,60459,60309,60157,60004,59850,59694,59536,59378,59217,59056,58892,58728,58562,58395,58226,58056,57885,57712,57538,57362,57185,57007,56827,56647,56464,56281,56096,55910,55722,55533,55343,55152,54960,54766,54571,54375,54178,53979,53780,53579,53378,53175,52972,52768,52563,52357,52150,51943,51735,51526,51317,51108,50898,50688,50477,50267,50056,49845,49634,49424,49213,49003,48794,48584,48376,48168,47960,47753,47548,47343,47139,46936,46735,46534,46335,46138,45941,45747,45554,45363,45173,44985,44799,44616,44434,44254,44076,43900,43727,43555,43386,43220,43055,42893,42733,42576,42421,42269,42119,41972,41827,41685,41545,41408,41273,41141,41012,40885,40760,40638,40519,40403,40289,40177,40069,39963,39859,39758,39660,39565,39472,39381,39294,39209,39127,39047,38971,38897,38826,38757,38692,38629,38570,38513,38459,38409,38361,38316,38275,38237,38202,38171,38142,38118,38096,38079,38064,38054,38047,38044,38045,38050,38058,38071,38088,38109,38134,38163,38197,38235,38278,38325,38377,38433,38494,38559,38630,38705,38785,38869,38959,39054,39153,39257,39367,39481,39601,39725,39854,39989,40128,40272,40422,40576,40735,40899,41068,41242,41421,41604,41792,41984,42182,42383,42589,42800,43015,43234,43457,43684,43915,44150,44389,44631,44877,45127,45379,45635,45895,46157,46422,46689,46959,47232,47507,47785,48064,48345,48629,48913,49200,49487,49776,50066,50357,50649,50941,51234,51527,51820,52114,52407,52699,52992,53284,53575,53865,54154,54442,54728,55013,55296,55578,55858,56135,56410,56683,56953,57221,57486,57748,58007,58263,58515,58764,59009,59251,59489,59723,59954,60180,60402,60619,60833,61042,61246,61446,61641,61831,62017,62197,62373,62544,62709,62870,63026,63176,63321,63461,63596,63726,63850,63969,64083,64192,64295,64393,64486,64574,64656,64733,64806,64873,64934,64991,65043,65090,65132,65169,65201,65228,65251,65269,65282,65291,65295,65294,65290,65281,65267,65250,65228,65203,65173,65139,65102,65060,65015,64967,64914,64859,64799,64737,64671,64602,64529,64454,64376,64294,64210,64123,64033,63940,63845,63747,63647,63544,63438,63331,63221,63109,_
63063,62939,62814,62686,62557,62426,62292,62157,62020,61882,61741,61599,61455,61310,61163,61014,60864,60712,60559,60404,60248,60090,59931,59770,59608,59445,59280,59114,58946,58777,58607,58435,58262,58087,57911,57734,57555,57375,57193,57010,56826,56641,56453,56265,56075,55884,55691,55497,55302,55106,54908,54708,54508,54306,54103,53898,53693,53486,53278,53069,52859,52648,52436,52223,52009,51795,51579,51363,51146,50929,50711,50492,50273,50054,49835,49616,49396,49177,48957,48738,48519,48301,48083,47865,47648,47432,47217,47002,46789,46577,46365,46156,45947,45740,45534,45330,45128,44927,44729,44532,44337,44144,43953,43764,43578,43394,43212,43032,42855,42680,42508,42338,42171,42007,41844,41685,41528,41374,41222,41074,40927,40784,40643,40505,40370,40237,40107,39980,39855,39733,39614,39498,39384,39273,39164,39059,38956,38855,38758,38663,38570,38481,38394,38310,38229,38150,38075,38002,37932,37865,37801,37739,37681,37626,37573,37524,37478,37435,37396,37360,37327,37297,37271,37249,37230,37215,37204,37196,37192,37192,37197,37205,37217,37234,37255,37281,37310,37345,37384,37427,37475,37528,37586,37649,37716,37789,37866,37949,38037,38130,38228,38331,38439,38553,38672,38797,38926,39061,39201,39347,39498,39654,39815,39982,40153,40330,40512,40699,40891,41089,41291,41497,41709,41925,42146,42372,42602,42836,43075,43318,43565,43816,44071,44330,44592,44858,45127,45399,45675,45954,46235,46520,46807,47096,47388,47682,47978,48276,48575,48876,49179,49483,49788,50094,50401,50708,51016,51324,51632,51940,52248,52556,52863,53170,53475,53780,54083,54385,54686,54985,55282,55578,55871,56161,56450,56736,57019,57299,57576,57850,58121,58388,58652,58912,59169,59421,59669,59913,60153,60389,60620,60846,61068,61285,61497,61704,61906,62103,62295,62482,62663,62839,63010,63175,63335,63489,63638,63782,63919,64052,64178,64299,64415,64525,64629,64728,64821,64908,64991,65067,65139,65204,65265,65320,65370,65414,65454,65488,65517,65541,65560,65574,65584,65588,65588,65584,65574,65560,65542,65519,65492,65461,65426,65387,65343,65296,65245,65190,65132,65070,65004,64935,64862,64787,64708,64626,64540,64452,64361,64267,64170,64071,63969,63864,63756,63647,63534,63420,63303,63184,_
63094,62964,62832,62698,62562,62424,62284,62142,61999,61853,61707,61558,61408,61256,61103,60948,60792,60634,60475,60314,60152,59989,59824,59657,59490,59321,59150,58978,58805,58630,58454,58277,58098,57918,57737,57554,57369,57184,56997,56808,56618,56427,56234,56040,55844,55647,55448,55248,55047,54844,54640,54434,54227,54019,53809,53598,53385,53172,52957,52741,52523,52305,52085,51865,51643,51421,51197,50973,50748,50523,50297,50070,49843,49615,49388,49160,48932,48704,48476,48248,48020,47793,47567,47340,47115,46890,46667,46444,46222,46001,45782,45564,45348,45133,44919,44708,44498,44290,44084,43880,43678,43478,43281,43086,42893,42703,42515,42330,42147,41967,41790,41615,41443,41274,41107,40943,40782,40624,40469,40317,40167,40020,39877,39735,39597,39462,39329,39200,39073,38949,38827,38709,38593,38480,38370,38262,38158,38056,37957,37860,37766,37675,37587,37502,37419,37339,37262,37188,37116,37048,36982,36920,36860,36803,36750,36699,36652,36608,36567,36530,36496,36465,36438,36415,36395,36379,36366,36358,36353,36353,36357,36365,36377,36393,36414,36440,36470,36505,36544,36589,36638,36692,36751,36816,36885,36960,37040,37125,37215,37311,37413,37520,37632,37750,37874,38003,38138,38278,38424,38575,38732,38895,39063,39237,39416,39601,39791,39987,40187,40394,40605,40821,41043,41269,41501,41737,41978,42223,42473,42728,42987,43250,43517,43788,44063,44342,44624,44910,45199,45491,45786,46085,46385,46689,46995,47303,47614,47926,48240,48556,48873,49191,49511,49832,50153,50475,50798,51121,51443,51766,52089,52411,52733,53053,53373,53692,54010,54326,54640,54953,55263,55572,55878,56182,56483,56782,57077,57369,57659,57944,58226,58505,58780,59050,59317,59579,59838,60091,60340,60584,60824,61059,61288,61513,61732,61946,62155,62358,62556,62748,62935,63116,63291,63461,63624,63782,63934,64080,64221,64355,64483,64606,64722,64833,64938,65037,65130,65217,65298,65374,65444,65508,65567,65620,65667,65709,65746,65777,65802,65823,65838,65849,65854,65854,65849,65840,65825,65806,65783,65755,65722,65685,65644,65599,65550,65496,65439,65378,65313,65244,65172,65096,65017,64935,64849,64760,64668,64573,64475,64374,64270,64164,64055,63943,63829,63712,63593,63472,63348,63222,_
63089,62952,62814,62673,62530,62386,62239,62091,61942,61790,61637,61483,61326,61169,61010,60849,60687,60523,60358,60192,60024,59855,59685,59513,59340,59165,58989,58812,58633,58454,58272,58090,57906,57721,57534,57346,57156,56965,56773,56579,56384,56187,55989,55789,55588,55386,55181,54976,54769,54560,54350,54138,53925,53710,53494,53277,53058,52838,52616,52393,52169,51943,51717,51489,51260,51030,50799,50567,50335,50101,49867,49633,49397,49162,48926,48689,48453,48217,47980,47744,47508,47273,47038,46803,46569,46336,46104,45873,45643,45415,45187,44961,44737,44514,44294,44074,43857,43642,43429,43218,43010,42804,42600,42399,42200,42004,41811,41620,41432,41247,41065,40886,40709,40536,40365,40198,40033,39872,39713,39558,39405,39256,39109,38966,38825,38688,38553,38422,38293,38167,38044,37924,37807,37693,37581,37472,37367,37263,37163,37066,36971,36879,36789,36703,36619,36538,36460,36385,36313,36243,36176,36113,36052,35994,35940,35888,35840,35795,35753,35714,35679,35647,35619,35595,35574,35557,35544,35535,35530,35529,35532,35539,35551,35568,35588,35614,35644,35679,35720,35765,35815,35870,35930,35996,36067,36144,36226,36314,36407,36506,36611,36721,36837,36960,37087,37221,37361,37506,37658,37815,37978,38148,38322,38503,38690,38882,39080,39284,39493,39708,39929,40154,40386,40622,40864,41110,41362,41618,41880,42146,42416,42691,42970,43254,43541,43833,44128,44426,44729,45034,45343,45655,45969,46287,46607,46929,47253,47580,47908,48238,48570,48902,49236,49571,49907,50244,50581,50918,51255,51592,51929,52265,52601,52935,53269,53602,53933,54262,54590,54916,55240,55561,55880,56196,56510,56820,57128,57432,57732,58029,58322,58612,58897,59178,59454,59726,59994,60256,60514,60767,61014,61257,61494,61725,61952,62172,62387,62596,62799,62997,63188,63373,63553,63726,63893,64054,64208,64357,64499,64635,64765,64888,65005,65116,65221,65320,65412,65499,65579,65653,65721,65784,65840,65890,65935,65974,66007,66035,66057,66073,66085,66091,66091,66087,66077,66062,66043,66019,65990,65956,65918,65875,65828,65776,65721,65661,65597,65530,65458,65383,65304,65222,65136,65047,64954,64858,64759,64657,64552,64445,64334,64221,64104,63986,63865,63741,63615,63487,63357,63224,_
63049,62906,62761,62613,62464,62314,62161,62007,61851,61693,61534,61374,61212,61048,60883,60717,60549,60380,60209,60038,59864,59690,59514,59337,59159,58979,58799,58616,58433,58248,58062,57874,57686,57496,57304,57111,56917,56721,56524,56325,56125,55923,55720,55515,55309,55101,54892,54681,54469,54255,54039,53822,53603,53383,53161,52937,52712,52486,52258,52028,51797,51565,51332,51097,50861,50624,50386,50147,49906,49665,49424,49181,48938,48695,48451,48206,47962,47718,47473,47229,46984,46741,46497,46255,46013,45772,45532,45292,45055,44818,44583,44349,44117,43887,43659,43433,43209,42987,42767,42549,42335,42122,41912,41705,41501,41300,41101,40905,40713,40523,40337,40153,39973,39795,39621,39451,39283,39118,38957,38799,38644,38492,38344,38198,38056,37917,37781,37647,37517,37390,37266,37145,37027,36912,36800,36690,36584,36480,36379,36281,36185,36093,36003,35916,35831,35750,35671,35595,35522,35452,35385,35320,35259,35200,35145,35092,35043,34997,34954,34915,34879,34846,34817,34792,34770,34752,34738,34729,34723,34721,34724,34731,34742,34758,34779,34805,34835,34870,34911,34956,35007,35064,35125,35192,35265,35343,35428,35518,35613,35715,35823,35937,36057,36182,36315,36453,36597,36748,36905,37068,37237,37412,37594,37781,37975,38175,38381,38593,38810,39034,39263,39498,39739,39985,40237,40494,40756,41023,41295,41573,41855,42141,42432,42728,43027,43331,43639,43950,44266,44584,44906,45231,45559,45890,46224,46559,46898,47238,47580,47924,48270,48616,48964,49313,49663,50014,50365,50716,51067,51418,51768,52118,52467,52816,53163,53508,53853,54195,54536,54875,55211,55545,55876,56204,56530,56852,57171,57486,57797,58105,58409,58708,59003,59294,59580,59861,60137,60408,60674,60935,61190,61439,61684,61922,62154,62381,62601,62815,63023,63225,63421,63610,63793,63969,64139,64303,64460,64610,64754,64891,65022,65146,65263,65374,65478,65576,65668,65753,65832,65904,65970,66030,66084,66131,66173,66208,66238,66262,66280,66292,66299,66300,66296,66287,66272,66252,66227,66197,66163,66123,66079,66030,65977,65919,65857,65791,65721,65647,65568,65487,65401,65312,65219,65123,65023,64921,64815,64706,64594,64479,64362,64241,64119,63993,63865,63735,63602,63467,63330,63191,_
62976,62826,62674,62521,62365,62208,62050,61889,61727,61564,61399,61233,61065,60896,60725,60553,60380,60206,60030,59853,59675,59495,59315,59133,58950,58765,58580,58393,58205,58015,57824,57632,57439,57244,57048,56851,56652,56452,56250,56047,55842,55636,55429,55219,55008,54796,54582,54366,54149,53929,53709,53486,53262,53036,52809,52580,52349,52117,51883,51647,51410,51172,50932,50690,50448,50204,49959,49712,49465,49217,48968,48718,48467,48216,47964,47712,47460,47207,46955,46703,46451,46199,45948,45697,45447,45198,44950,44703,44457,44213,43970,43729,43490,43253,43017,42784,42553,42324,42098,41874,41653,41435,41220,41007,40798,40591,40387,40187,39990,39796,39605,39418,39234,39054,38876,38703,38532,38365,38201,38041,37884,37731,37581,37434,37290,37150,37013,36879,36748,36620,36495,36374,36255,36140,36027,35918,35811,35707,35606,35507,35412,35319,35229,35142,35057,34976,34897,34820,34747,34676,34609,34544,34482,34423,34367,34314,34264,34217,34174,34133,34097,34063,34033,34007,33985,33966,33951,33941,33934,33932,33934,33940,33951,33967,33988,34013,34044,34079,34120,34166,34217,34274,34337,34405,34480,34560,34646,34738,34836,34940,35051,35168,35291,35421,35557,35699,35848,36004,36166,36334,36509,36691,36878,37073,37274,37481,37694,37914,38140,38372,38610,38854,39104,39360,39621,39888,40160,40438,40721,41010,41303,41601,41904,42211,42523,42839,43159,43483,43810,44142,44477,44815,45156,45500,45847,46196,46548,46901,47257,47615,47974,48334,48696,49058,49422,49786,50150,50514,50879,51243,51607,51970,52333,52694,53054,53413,53770,54125,54478,54829,55177,55523,55866,56205,56542,56875,57205,57531,57853,58171,58484,58793,59098,59398,59693,59982,60267,60546,60820,61088,61350,61606,61857,62101,62339,62571,62797,63016,63228,63434,63634,63826,64012,64191,64364,64529,64688,64839,64984,65122,65253,65377,65495,65605,65709,65806,65896,65979,66056,66126,66190,66247,66298,66342,66380,66412,66438,66458,66471,66479,66481,66478,66469,66454,66434,66409,66378,66342,66302,66256,66206,66151,66091,66027,65959,65886,65810,65729,65644,65555,65463,65367,65267,65164,65058,64948,64836,64720,64601,64479,64355,64228,64098,63966,63831,63694,63555,63413,63269,63124,_
62870,62714,62556,62396,62235,62072,61907,61741,61573,61404,61233,61061,60888,60714,60538,60361,60182,60003,59822,59640,59457,59273,59087,58901,58713,58524,58334,58143,57950,57756,57561,57365,57168,56969,56769,56567,56364,56160,55954,55747,55538,55328,55116,54902,54687,54470,54252,54031,53809,53586,53360,53133,52904,52673,52441,52206,51970,51732,51493,51251,51009,50764,50518,50270,50021,49771,49519,49266,49012,48757,48500,48243,47985,47727,47468,47208,46948,46688,46428,46168,45908,45649,45390,45131,44873,44617,44361,44106,43853,43602,43352,43103,42857,42612,42370,42130,41893,41657,41425,41195,40968,40744,40524,40306,40091,39880,39672,39467,39266,39068,38874,38683,38496,38312,38132,37956,37783,37614,37449,37287,37128,36973,36822,36674,36530,36389,36251,36117,35986,35858,35733,35612,35493,35378,35266,35156,35050,34946,34845,34747,34652,34560,34470,34383,34299,34217,34138,34062,33989,33918,33851,33785,33723,33664,33608,33554,33504,33457,33412,33372,33334,33300,33270,33243,33220,33200,33185,33173,33166,33163,33165,33170,33181,33196,33216,33242,33272,33307,33348,33395,33447,33504,33568,33637,33712,33794,33882,33976,34076,34183,34296,34416,34542,34675,34815,34962,35115,35275,35442,35616,35796,35984,36178,36379,36586,36800,37021,37249,37483,37723,37969,38222,38481,38746,39018,39294,39577,39865,40159,40458,40762,41071,41385,41704,42028,42356,42688,43024,43364,43708,44055,44406,44760,45117,45476,45839,46203,46570,46939,47310,47682,48056,48430,48806,49183,49560,49937,50315,50692,51069,51446,51822,52197,52571,52943,53314,53683,54050,54415,54778,55138,55495,55849,56200,56547,56891,57231,57567,57899,58226,58549,58868,59181,59489,59793,60090,60383,60669,60950,61225,61494,61756,62013,62262,62506,62743,62973,63196,63413,63622,63825,64020,64209,64390,64564,64732,64891,65044,65190,65328,65459,65583,65700,65809,65912,66007,66095,66177,66251,66319,66380,66434,66482,66522,66557,66585,66606,66622,66631,66634,66632,66623,66609,66589,66563,66532,66496,66454,66408,66356,66300,66239,66173,66102,66027,65948,65865,65777,65686,65590,65491,65388,65282,65172,65059,64942,64823,64700,64575,64446,64315,64181,64045,63906,63764,63620,63475,63326,63176,63024,_
62733,62571,62407,62241,62074,61905,61734,61562,61389,61215,61039,60861,60683,60503,60322,60140,59956,59772,59587,59400,59212,59023,58833,58642,58450,58257,58063,57868,57671,57473,57274,57074,56873,56670,56466,56261,56054,55846,55637,55425,55213,54999,54783,54566,54346,54126,53903,53679,53453,53225,52995,52763,52530,52294,52057,51818,51577,51334,51089,50842,50594,50344,50092,49839,49584,49327,49069,48809,48549,48287,48024,47760,47495,47229,46963,46696,46429,46161,45894,45626,45359,45092,44825,44559,44294,44030,43767,43505,43244,42985,42728,42473,42219,41968,41719,41473,41229,40988,40749,40514,40281,40052,39826,39603,39384,39168,38956,38747,38542,38341,38143,37949,37759,37573,37391,37213,37038,36867,36700,36537,36378,36222,36070,35922,35777,35636,35498,35364,35233,35106,34982,34861,34743,34628,34517,34408,34302,34200,34100,34002,33908,33816,33727,33641,33558,33477,33398,33323,33250,33179,33112,33047,32985,32926,32869,32816,32765,32717,32673,32632,32594,32559,32528,32500,32477,32456,32440,32428,32420,32416,32417,32422,32432,32447,32467,32492,32522,32557,32598,32644,32697,32755,32819,32889,32965,33048,33137,33233,33335,33444,33560,33682,33812,33948,34091,34242,34399,34564,34735,34914,35100,35293,35493,35700,35914,36135,36363,36598,36840,37088,37343,37605,37873,38147,38427,38714,39006,39305,39609,39918,40233,40553,40879,41209,41544,41883,42227,42575,42927,43283,43643,44006,44372,44742,45114,45489,45866,46245,46627,47010,47395,47782,48169,48558,48947,49337,49727,50117,50507,50896,51285,51673,52060,52446,52830,53213,53594,53972,54349,54722,55093,55461,55826,56187,56545,56898,57248,57594,57935,58272,58603,58930,59252,59568,59879,60184,60484,60777,61065,61346,61621,61889,62151,62406,62654,62895,63129,63356,63576,63789,63994,64192,64383,64566,64742,64910,65071,65224,65369,65508,65638,65762,65877,65986,66087,66180,66267,66346,66418,66482,66540,66591,66635,66672,66703,66727,66744,66755,66759,66758,66750,66736,66717,66691,66660,66623,66581,66534,66481,66423,66361,66293,66221,66144,66062,65977,65887,65792,65694,65592,65486,65377,65263,65147,65027,64904,64777,64648,64516,64380,64243,64102,63959,63813,63665,63515,63363,63208,63052,62893,_
62567,62399,62229,62057,61884,61710,61534,61356,61178,60998,60816,60634,60450,60265,60080,59893,59705,59516,59325,59134,58942,58749,58555,58360,58164,57967,57768,57569,57369,57167,56965,56761,56556,56350,56142,55934,55724,55512,55299,55085,54869,54651,54432,54211,53988,53764,53538,53310,53080,52848,52614,52379,52141,51901,51660,51416,51170,50923,50673,50421,50168,49913,49655,49396,49136,48873,48609,48344,48077,47808,47539,47268,46997,46724,46451,46177,45903,45628,45354,45079,44804,44530,44256,43983,43710,43439,43169,42900,42632,42366,42102,41840,41580,41322,41067,40814,40564,40317,40073,39832,39594,39360,39129,38901,38677,38457,38241,38029,37820,37616,37415,37219,37027,36838,36654,36474,36298,36126,35958,35794,35635,35479,35326,35178,35034,34893,34756,34622,34492,34366,34243,34123,34006,33893,33782,33675,33570,33469,33370,33274,33181,33091,33003,32918,32836,32756,32678,32604,32531,32462,32395,32330,32269,32210,32153,32100,32049,32001,31957,31915,31877,31842,31810,31782,31757,31737,31720,31707,31698,31694,31694,31698,31707,31722,31741,31765,31795,31830,31870,31917,31969,32027,32092,32162,32240,32323,32414,32511,32614,32725,32843,32968,33100,33240,33386,33540,33702,33870,34047,34230,34421,34620,34825,35038,35259,35487,35722,35964,36213,36469,36732,37002,37278,37562,37851,38147,38449,38757,39071,39391,39717,40047,40384,40725,41071,41422,41777,42137,42500,42868,43240,43615,43993,44375,44759,45146,45536,45927,46321,46717,47114,47513,47913,48313,48715,49116,49518,49921,50322,50724,51124,51524,51923,52320,52716,53109,53501,53891,54278,54662,55043,55421,55796,56167,56534,56897,57256,57611,57961,58306,58646,58981,59310,59634,59952,60264,60570,60870,61163,61450,61731,62004,62270,62530,62782,63027,63265,63495,63718,63933,64141,64341,64533,64718,64895,65063,65225,65378,65523,65661,65791,65913,66028,66134,66233,66325,66409,66485,66554,66616,66671,66718,66758,66792,66818,66837,66850,66856,66856,66850,66837,66818,66792,66761,66725,66682,66634,66581,66522,66458,66389,66315,66237,66153,66065,65973,65876,65776,65671,65562,65449,65333,65213,65090,64963,64834,64701,64565,64426,64284,64139,63992,63843,63691,63537,63380,63221,63061,62898,62733,_
62373,62199,62024,61847,61668,61488,61307,61124,60940,60755,60569,60381,60193,60003,59813,59621,59428,59235,59041,58845,58649,58452,58254,58055,57855,57654,57452,57249,57045,56840,56634,56427,56219,56010,55799,55587,55374,55159,54943,54726,54507,54286,54064,53840,53614,53386,53157,52925,52692,52457,52220,51980,51739,51495,51250,51002,50752,50500,50246,49990,49732,49472,49209,48945,48679,48411,48142,47870,47597,47323,47048,46771,46493,46214,45934,45654,45373,45091,44810,44528,44246,43965,43684,43404,43124,42846,42569,42293,42018,41746,41475,41206,40940,40676,40414,40156,39900,39647,39397,39151,38908,38669,38434,38202,37974,37750,37530,37315,37103,36896,36693,36494,36300,36110,35924,35743,35566,35393,35225,35060,34900,34745,34593,34445,34301,34162,34025,33893,33764,33639,33518,33399,33284,33173,33064,32958,32856,32756,32659,32565,32474,32385,32299,32216,32135,32056,31980,31907,31836,31767,31701,31637,31576,31518,31462,31409,31358,31310,31266,31224,31185,31150,31118,31089,31064,31043,31025,31011,31002,30996,30996,30999,31008,31021,31040,31063,31092,31127,31167,31213,31265,31323,31388,31459,31537,31621,31712,31811,31916,32028,32148,32275,32410,32552,32701,32859,33024,33196,33377,33565,33761,33964,34175,34394,34621,34855,35097,35346,35602,35866,36137,36415,36700,36991,37290,37595,37906,38224,38548,38878,39213,39555,39901,40253,40610,40972,41338,41709,42084,42464,42847,43233,43623,44017,44413,44812,45213,45617,46022,46430,46839,47249,47661,48073,48486,48900,49313,49727,50140,50552,50964,51375,51785,52193,52599,53003,53406,53805,54202,54597,54988,55375,55759,56140,56516,56888,57255,57618,57976,58329,58677,59019,59356,59686,60011,60329,60641,60947,61246,61538,61823,62101,62372,62635,62891,63139,63380,63613,63838,64056,64265,64467,64660,64845,65023,65192,65353,65506,65651,65788,65917,66037,66150,66255,66352,66441,66522,66596,66662,66720,66771,66815,66851,66880,66902,66917,66926,66927,66922,66910,66892,66867,66837,66800,66758,66710,66656,66596,66531,66461,66386,66306,66221,66131,66037,65938,65835,65728,65616,65501,65382,65259,65133,65003,64870,64733,64594,64451,64306,64158,64007,63854,63698,63539,63379,63216,63052,62885,62716,62546,_
62154,61974,61793,61611,61427,61242,61055,60867,60678,60488,60297,60105,59912,59718,59523,59327,59130,58932,58734,58534,58334,58133,57931,57728,57525,57320,57115,56909,56702,56494,56285,56075,55863,55651,55438,55223,55007,54789,54570,54350,54128,53905,53680,53453,53224,52994,52762,52527,52291,52053,51812,51570,51325,51078,50829,50577,50324,50068,49810,49549,49287,49022,48755,48486,48215,47942,47667,47391,47112,46833,46551,46268,45984,45699,45413,45127,44839,44551,44263,43975,43687,43398,43111,42824,42538,42253,41969,41686,41405,41126,40849,40574,40301,40031,39764,39499,39238,38980,38725,38474,38226,37983,37743,37507,37275,37048,36825,36606,36392,36182,35977,35776,35580,35389,35202,35020,34843,34670,34501,34337,34178,34022,33871,33725,33582,33444,33309,33179,33052,32928,32809,32693,32580,32470,32364,32261,32160,32063,31969,31877,31788,31701,31617,31536,31456,31380,31306,31234,31164,31097,31032,30969,30909,30851,30796,30744,30694,30646,30602,30560,30521,30485,30453,30424,30398,30376,30358,30343,30333,30327,30325,30328,30335,30347,30365,30388,30416,30450,30489,30535,30587,30645,30709,30780,30858,30943,31035,31134,31240,31354,31475,31604,31741,31885,32038,32198,32366,32543,32727,32919,33119,33328,33544,33769,34001,34241,34489,34745,35008,35279,35558,35844,36137,36437,36744,37058,37378,37706,38039,38378,38724,39075,39432,39795,40162,40534,40912,41294,41680,42070,42464,42862,43263,43668,44075,44486,44898,45313,45730,46149,46570,46991,47414,47838,48262,48686,49111,49535,49959,50383,50805,51226,51646,52064,52481,52895,53307,53716,54123,54526,54927,55323,55716,56105,56489,56870,57245,57616,57981,58341,58696,59045,59388,59725,60055,60379,60697,61008,61311,61608,61897,62179,62454,62720,62979,63231,63474,63709,63936,64155,64366,64568,64763,64948,65126,65295,65456,65608,65752,65888,66015,66134,66245,66347,66442,66528,66607,66677,66740,66795,66842,66882,66914,66939,66956,66967,66970,66967,66957,66940,66916,66886,66850,66808,66760,66706,66646,66581,66510,66434,66353,66266,66175,66079,65978,65873,65764,65650,65532,65410,65285,65156,65023,64887,64747,64604,64458,64310,64158,64004,63847,63687,63525,63361,63194,63026,62855,62682,62508,62332,_
61910,61725,61539,61351,61162,60972,60780,60588,60394,60199,60003,59807,59609,59411,59211,59011,58810,58608,58406,58203,57999,57794,57589,57383,57176,56968,56760,56550,56340,56129,55917,55704,55491,55275,55059,54842,54623,54403,54182,53959,53735,53509,53282,53053,52821,52589,52354,52117,51878,51637,51394,51148,50900,50650,50398,50143,49886,49627,49365,49101,48834,48565,48294,48021,47745,47468,47188,46906,46623,46338,46051,45763,45473,45182,44890,44598,44304,44010,43716,43421,43126,42832,42538,42245,41952,41660,41370,41081,40794,40509,40225,39945,39666,39390,39117,38847,38581,38317,38058,37802,37550,37302,37058,36818,36583,36353,36127,35905,35689,35477,35270,35068,34870,34678,34491,34308,34130,33958,33790,33626,33467,33313,33164,33019,32878,32741,32609,32480,32356,32235,32118,32004,31894,31787,31684,31583,31486,31391,31300,31210,31124,31040,30959,30880,30803,30728,30656,30586,30518,30453,30389,30328,30269,30213,30158,30107,30057,30010,29966,29924,29885,29850,29817,29787,29761,29738,29719,29704,29693,29685,29683,29684,29691,29702,29719,29740,29768,29800,29839,29884,29935,29992,30056,30127,30205,30290,30382,30482,30589,30704,30826,30957,31095,31242,31396,31559,31730,31910,32098,32294,32499,32712,32933,33162,33400,33646,33900,34162,34433,34711,34996,35290,35591,35899,36214,36537,36866,37202,37545,37894,38249,38610,38977,39349,39727,40110,40498,40890,41287,41688,42093,42502,42914,43329,43748,44169,44592,45018,45446,45876,46307,46740,47173,47607,48042,48477,48912,49347,49781,50214,50647,51078,51507,51935,52361,52785,53206,53624,54040,54452,54860,55265,55666,56063,56455,56843,57225,57603,57975,58342,58703,59058,59407,59749,60085,60414,60737,61052,61360,61660,61953,62239,62516,62786,63048,63301,63546,63783,64012,64232,64443,64646,64841,65027,65204,65372,65532,65684,65826,65960,66086,66203,66311,66411,66503,66587,66662,66729,66788,66839,66883,66918,66946,66967,66980,66986,66985,66976,66961,66939,66910,66875,66834,66786,66732,66672,66607,66535,66459,66376,66289,66197,66099,65997,65890,65779,65663,65543,65419,65291,65160,65024,64885,64743,64597,64448,64296,64141,63983,63823,63660,63494,63326,63156,62984,62810,62633,62455,62275,62093,_
61644,61454,61262,61070,60876,60680,60484,60287,60089,59889,59689,59488,59286,59084,58880,58676,58471,58266,58060,57853,57646,57437,57229,57019,56809,56599,56387,56175,55962,55748,55534,55318,55102,54884,54666,54446,54225,54003,53780,53555,53329,53101,52871,52639,52406,52171,51934,51695,51454,51210,50965,50717,50466,50214,49958,49701,49441,49178,48913,48645,48375,48103,47828,47550,47271,46989,46705,46418,46130,45840,45548,45255,44960,44664,44367,44068,43769,43469,43169,42868,42568,42267,41967,41668,41369,41071,40775,40480,40187,39896,39607,39320,39036,38754,38476,38201,37929,37661,37397,37137,36881,36629,36381,36138,35900,35666,35438,35214,34995,34782,34573,34370,34172,33979,33791,33609,33431,33259,33092,32930,32772,32620,32472,32329,32190,32056,31926,31800,31678,31560,31446,31336,31229,31125,31025,30928,30834,30743,30654,30568,30485,30404,30325,30249,30175,30103,30034,29966,29900,29837,29775,29716,29658,29603,29550,29499,29450,29404,29360,29319,29280,29244,29211,29181,29154,29131,29111,29095,29083,29075,29071,29071,29076,29087,29102,29122,29148,29180,29217,29261,29311,29368,29431,29501,29579,29663,29756,29855,29963,30078,30202,30333,30473,30621,30778,30943,31117,31299,31491,31690,31899,32116,32342,32576,32819,33071,33330,33599,33875,34160,34453,34753,35062,35378,35701,36032,36370,36715,37066,37424,37789,38159,38536,38918,39306,39699,40096,40499,40906,41317,41733,42152,42575,43001,43429,43861,44295,44732,45170,45610,46052,46494,46938,47382,47827,48272,48717,49161,49605,50048,50490,50930,51369,51805,52240,52672,53102,53529,53952,54372,54789,55201,55609,56013,56413,56807,57196,57580,57959,58331,58698,59058,59412,59760,60100,60434,60760,61080,61391,61695,61991,62279,62560,62831,63095,63350,63597,63835,64064,64285,64497,64700,64895,65080,65256,65424,65583,65733,65874,66006,66129,66244,66350,66447,66536,66616,66688,66752,66808,66855,66894,66926,66950,66966,66974,66975,66969,66956,66936,66908,66874,66834,66787,66734,66674,66609,66538,66461,66378,66290,66197,66099,65995,65887,65774,65657,65535,65409,65279,65145,65007,64866,64721,64572,64420,64265,64107,63947,63783,63617,63448,63277,63103,62927,62750,62570,62388,62204,62019,61832,_
61356,61161,60965,60768,60569,60369,60169,59967,59764,59561,59356,59151,58945,58739,58531,58324,58115,57906,57696,57486,57275,57064,56852,56640,56427,56213,55999,55784,55569,55353,55136,54918,54699,54479,54259,54037,53814,53590,53365,53138,52910,52680,52448,52215,51980,51743,51504,51263,51020,50774,50527,50276,50024,49769,49511,49251,48988,48723,48455,48184,47911,47635,47357,47076,46792,46507,46219,45928,45636,45341,45045,44747,44447,44146,43843,43539,43235,42930,42624,42318,42011,41705,41399,41094,40790,40486,40184,39884,39585,39288,38994,38702,38412,38126,37842,37562,37286,37014,36745,36481,36221,35965,35714,35468,35227,34991,34760,34534,34314,34099,33889,33685,33487,33294,33106,32924,32747,32576,32410,32249,32093,31943,31797,31656,31520,31389,31262,31139,31021,30906,30796,30689,30586,30486,30390,30296,30206,30118,30033,29951,29871,29794,29719,29646,29575,29506,29439,29374,29311,29250,29191,29133,29077,29024,28972,28922,28875,28829,28786,28745,28706,28670,28637,28607,28580,28556,28535,28518,28505,28495,28490,28490,28493,28502,28516,28535,28559,28589,28626,28668,28717,28772,28835,28904,28981,29065,29156,29256,29363,29479,29603,29735,29876,30026,30184,30351,30527,30712,30906,31109,31321,31542,31772,32010,32258,32515,32780,33054,33337,33628,33927,34235,34551,34874,35205,35544,35890,36244,36604,36971,37344,37724,38110,38501,38898,39301,39708,40121,40538,40959,41385,41814,42247,42682,43121,43563,44007,44454,44902,45352,45803,46256,46709,47163,47617,48071,48525,48979,49432,49883,50334,50783,51230,51675,52118,52558,52996,53430,53861,54288,54712,55131,55546,55957,56362,56763,57158,57548,57931,58309,58681,59046,59405,59756,60101,60438,60768,61091,61405,61712,62011,62301,62583,62857,63122,63378,63626,63865,64095,64315,64527,64730,64924,65108,65284,65450,65607,65755,65894,66024,66145,66257,66361,66455,66541,66618,66686,66746,66798,66841,66877,66904,66923,66935,66939,66935,66924,66906,66881,66849,66810,66764,66712,66653,66588,66517,66440,66358,66270,66176,66077,65973,65864,65750,65631,65508,65380,65248,65113,64973,64829,64682,64531,64376,64219,64058,63895,63728,63559,63387,63213,63036,62857,62676,62493,62308,62121,61932,61742,61550,_
61049,60850,60649,60447,60244,60040,59835,59629,59422,59214,59006,58797,58587,58377,58166,57955,57743,57530,57317,57104,56890,56676,56461,56246,56030,55814,55597,55380,55162,54943,54724,54504,54283,54062,53839,53616,53391,53165,52938,52710,52480,52248,52015,51781,51544,51305,51065,50822,50577,50330,50081,49829,49574,49317,49058,48795,48530,48263,47992,47719,47443,47164,46883,46598,46312,46022,45731,45437,45140,44842,44541,44239,43934,43629,43321,43013,42703,42393,42082,41771,41459,41148,40837,40526,40216,39908,39600,39294,38990,38688,38388,38091,37797,37506,37218,36933,36652,36376,36103,35835,35571,35312,35059,34810,34566,34328,34095,33867,33646,33430,33219,33015,32816,32623,32436,32255,32079,31909,31745,31586,31432,31284,31141,31003,30870,30742,30619,30500,30385,30275,30168,30065,29966,29871,29778,29689,29603,29520,29439,29361,29285,29211,29140,29071,29003,28938,28874,28812,28752,28693,28637,28581,28528,28476,28426,28377,28331,28286,28244,28203,28165,28130,28096,28066,28038,28013,27992,27974,27960,27949,27943,27940,27943,27950,27962,27979,28002,28030,28065,28106,28153,28207,28268,28336,28411,28494,28585,28684,28791,28907,29031,29163,29305,29455,29614,29783,29961,30148,30344,30550,30765,30989,31223,31466,31718,31980,32250,32530,32818,33115,33421,33735,34058,34388,34727,35074,35427,35789,36157,36533,36915,37303,37698,38099,38505,38917,39334,39756,40183,40613,41048,41487,41930,42375,42824,43275,43729,44185,44642,45102,45562,46024,46486,46949,47412,47875,48338,48800,49261,49721,50180,50637,51092,51545,51995,52442,52887,53328,53766,54200,54630,55055,55476,55893,56304,56710,57110,57505,57894,58276,58652,59021,59384,59739,60087,60428,60760,61085,61402,61711,62012,62304,62587,62862,63128,63385,63633,63872,64102,64322,64534,64736,64928,65112,65286,65450,65606,65752,65888,66016,66134,66244,66344,66435,66517,66591,66656,66712,66760,66799,66831,66854,66869,66876,66875,66867,66851,66828,66798,66761,66716,66666,66608,66544,66474,66398,66316,66228,66134,66035,65930,65821,65706,65586,65462,65333,65200,65063,64921,64776,64626,64473,64317,64157,63994,63828,63659,63487,63313,63135,62956,62774,62590,62403,62215,62025,61833,61639,61444,61247,_
60724,60520,60315,60109,59902,59694,59485,59275,59064,58852,58640,58428,58214,58001,57786,57571,57356,57140,56924,56708,56491,56274,56057,55839,55620,55402,55182,54963,54743,54522,54301,54079,53856,53633,53409,53183,52957,52730,52501,52271,52040,51807,51573,51337,51099,50859,50617,50373,50127,49879,49628,49374,49118,48860,48598,48334,48067,47798,47525,47250,46971,46690,46406,46119,45830,45537,45242,44945,44645,44343,44038,43732,43424,43114,42802,42490,42176,41861,41545,41229,40913,40596,40280,39965,39650,39336,39024,38713,38404,38097,37792,37490,37191,36896,36603,36315,36030,35749,35473,35201,34934,34673,34416,34165,33919,33678,33444,33215,32992,32776,32565,32360,32162,31969,31783,31603,31429,31261,31098,30942,30791,30646,30506,30371,30242,30118,29998,29883,29773,29666,29564,29466,29371,29280,29193,29108,29027,28948,28872,28798,28727,28657,28590,28525,28461,28400,28339,28281,28224,28168,28114,28062,28010,27961,27912,27866,27820,27777,27735,27696,27658,27623,27589,27559,27530,27505,27483,27464,27448,27437,27429,27425,27426,27431,27441,27456,27477,27504,27536,27575,27621,27673,27732,27798,27872,27954,28043,28141,28247,28362,28486,28618,28760,28911,29071,29240,29420,29608,29807,30015,30232,30460,30697,30944,31200,31466,31741,32025,32319,32622,32934,33254,33583,33921,34267,34620,34982,35351,35728,36111,36502,36899,37302,37711,38127,38548,38974,39405,39840,40280,40725,41173,41624,42079,42537,42997,43460,43925,44392,44860,45329,45800,46271,46742,47213,47685,48155,48625,49094,49562,50028,50492,50954,51414,51871,52325,52776,53224,53668,54108,54543,54974,55401,55822,56238,56649,57054,57453,57845,58232,58611,58984,59349,59708,60058,60401,60737,61064,61382,61693,61995,62288,62572,62847,63114,63371,63619,63857,64086,64306,64517,64717,64909,65090,65262,65425,65578,65722,65856,65981,66096,66202,66300,66387,66466,66536,66597,66650,66694,66729,66756,66775,66786,66788,66783,66770,66750,66722,66687,66645,66596,66540,66478,66409,66333,66252,66164,66071,65972,65868,65758,65643,65523,65398,65268,65134,64996,64853,64706,64555,64401,64242,64081,63916,63747,63576,63402,63225,63045,62863,62678,62491,62302,62111,61918,61723,61526,61328,61128,60927,_
60383,60175,59966,59755,59544,59332,59119,58906,58691,58476,58260,58044,57828,57610,57393,57175,56957,56738,56519,56300,56080,55860,55640,55420,55199,54978,54756,54535,54313,54090,53867,53643,53419,53194,52968,52741,52514,52285,52055,51824,51592,51358,51122,50885,50646,50406,50163,49918,49671,49421,49169,48914,48657,48397,48135,47869,47601,47329,47055,46778,46497,46214,45928,45639,45347,45052,44754,44454,44151,43846,43538,43228,42916,42603,42287,41970,41652,41333,41014,40693,40372,40052,39731,39411,39091,38773,38456,38141,37827,37515,37207,36900,36597,36297,36001,35708,35420,35136,34856,34581,34311,34047,33788,33534,33287,33045,32809,32579,32356,32139,31928,31723,31525,31334,31149,30970,30798,30632,30472,30318,30170,30028,29892,29761,29636,29516,29400,29290,29184,29083,28985,28892,28803,28717,28634,28555,28478,28404,28333,28264,28197,28133,28070,28009,27950,27892,27836,27781,27728,27675,27624,27574,27526,27478,27432,27387,27344,27302,27261,27222,27185,27150,27117,27086,27058,27032,27009,26989,26972,26959,26949,26944,26943,26946,26954,26968,26986,27011,27041,27077,27120,27170,27227,27292,27364,27443,27531,27628,27733,27846,27969,28101,28242,28393,28554,28724,28904,29094,29294,29504,29723,29953,30194,30444,30703,30973,31253,31542,31841,32149,32466,32793,33128,33472,33824,34185,34554,34930,35314,35706,36104,36510,36921,37339,37763,38192,38627,39067,39511,39960,40413,40870,41331,41794,42261,42730,43202,43675,44150,44627,45104,45583,46062,46541,47020,47499,47977,48455,48931,49405,49878,50349,50818,51284,51747,52207,52664,53117,53566,54011,54452,54888,55319,55745,56165,56580,56988,57391,57787,58176,58559,58934,59302,59663,60016,60360,60697,61026,61345,61657,61959,62253,62537,62813,63079,63336,63583,63821,64049,64267,64476,64675,64865,65044,65214,65374,65525,65666,65797,65919,66032,66135,66228,66313,66388,66454,66512,66560,66600,66631,66654,66669,66675,66673,66664,66646,66621,66589,66549,66502,66449,66388,66321,66247,66167,66080,65988,65890,65786,65676,65561,65441,65316,65186,65051,64912,64768,64621,64469,64313,64153,63990,63823,63653,63480,63303,63124,62942,62758,62571,62381,62190,61996,61800,61603,61403,61202,60999,60795,60590,_
60026,59814,59601,59387,59172,58957,58740,58523,58305,58087,57868,57648,57428,57208,56987,56766,56545,56324,56102,55880,55658,55435,55213,54990,54767,54544,54320,54097,53873,53648,53423,53198,52972,52746,52519,52291,52062,51832,51601,51369,51136,50901,50665,50427,50187,49945,49702,49456,49208,48958,48705,48450,48191,47931,47667,47400,47131,46858,46583,46304,46022,45737,45449,45158,44864,44567,44267,43964,43659,43351,43040,42727,42412,42096,41777,41457,41135,40812,40489,40164,39840,39515,39190,38866,38542,38220,37898,37579,37261,36946,36633,36322,36015,35711,35411,35115,34823,34536,34254,33976,33704,33437,33176,32920,32671,32428,32191,31961,31737,31520,31309,31105,30908,30718,30534,30358,30188,30024,29867,29716,29572,29433,29301,29174,29053,28938,28827,28722,28621,28525,28433,28345,28260,28180,28103,28029,27958,27889,27823,27760,27698,27639,27581,27525,27470,27417,27365,27314,27264,27215,27167,27121,27075,27030,26986,26943,26901,26861,26822,26784,26747,26713,26680,26649,26620,26594,26570,26549,26531,26516,26505,26498,26495,26496,26502,26513,26530,26551,26579,26613,26654,26701,26755,26817,26887,26965,27050,27145,27248,27360,27482,27613,27753,27903,28063,28234,28414,28605,28806,29017,29239,29471,29713,29966,30229,30503,30786,31080,31383,31696,32018,32350,32692,33042,33400,33768,34143,34527,34919,35317,35723,36137,36556,36982,37414,37852,38295,38743,39196,39653,40115,40580,41049,41521,41996,42473,42953,43435,43918,44402,44888,45374,45860,46347,46833,47319,47804,48288,48771,49252,49731,50208,50682,51154,51623,52088,52550,53008,53462,53911,54356,54796,55231,55661,56085,56503,56914,57320,57718,58110,58495,58872,59242,59604,59959,60305,60642,60971,61292,61603,61906,62199,62484,62758,63024,63280,63526,63762,63989,64205,64412,64609,64797,64974,65141,65299,65447,65585,65713,65832,65941,66040,66131,66211,66283,66345,66399,66444,66479,66507,66525,66536,66538,66532,66518,66496,66467,66430,66385,66334,66276,66210,66138,66060,65975,65884,65787,65684,65575,65461,65341,65216,65086,64951,64812,64668,64519,64367,64210,64049,63885,63717,63545,63370,63192,63012,62828,62641,62452,62261,62067,61871,61673,61472,61271,61067,60862,60655,60447,60237,_
59656,59440,59224,59006,58788,58569,58349,58128,57907,57685,57463,57241,57018,56795,56571,56347,56123,55899,55675,55450,55226,55001,54776,54551,54326,54101,53876,53650,53424,53198,52972,52745,52517,52290,52061,51832,51602,51372,51140,50907,50673,50437,50200,49962,49722,49480,49235,48989,48741,48490,48237,47981,47722,47461,47196,46929,46659,46385,46109,45829,45546,45260,44970,44678,44382,44083,43781,43477,43169,42859,42546,42231,41913,41594,41272,40949,40624,40298,39971,39643,39315,38987,38658,38331,38003,37677,37352,37029,36707,36388,36071,35757,35447,35140,34836,34537,34242,33952,33667,33387,33112,32843,32580,32324,32073,31829,31591,31361,31137,30920,30710,30507,30311,30123,29941,29767,29599,29438,29284,29137,28996,28862,28734,28612,28495,28385,28279,28179,28084,27993,27907,27824,27746,27671,27600,27532,27466,27404,27343,27285,27229,27175,27122,27071,27021,26973,26925,26878,26833,26788,26743,26700,26657,26615,26574,26533,26494,26455,26417,26380,26345,26311,26278,26247,26218,26192,26167,26145,26126,26110,26097,26088,26083,26082,26086,26094,26108,26127,26152,26183,26221,26265,26317,26376,26443,26518,26601,26693,26794,26904,27024,27153,27292,27442,27601,27771,27951,28142,28344,28556,28779,29013,29257,29512,29778,30055,30341,30639,30946,31264,31591,31928,32275,32630,32995,33369,33751,34141,34540,34946,35359,35780,36207,36641,37080,37526,37977,38433,38894,39360,39829,40303,40779,41259,41742,42227,42715,43204,43695,44186,44679,45172,45666,46159,46652,47145,47636,48126,48615,49102,49586,50069,50548,51025,51499,51969,52435,52897,53355,53808,54257,54700,55138,55571,55997,56418,56832,57240,57640,58034,58420,58799,59170,59533,59888,60234,60572,60902,61222,61533,61835,62128,62411,62685,62949,63203,63448,63682,63907,64121,64326,64521,64705,64880,65044,65199,65344,65478,65603,65719,65824,65920,66007,66084,66152,66210,66260,66300,66332,66355,66370,66376,66374,66364,66346,66320,66286,66245,66196,66141,66078,66008,65932,65849,65759,65664,65562,65455,65342,65223,65099,64969,64835,64695,64551,64403,64250,64092,63931,63766,63597,63424,63249,63069,62887,62702,62514,62323,62129,61934,61735,61535,61333,61129,60923,60715,60506,60295,60083,59870,_
59272,59053,58833,58613,58391,58169,57946,57722,57498,57274,57049,56823,56597,56371,56145,55919,55692,55466,55239,55012,54785,54558,54331,54104,53877,53650,53423,53195,52968,52740,52512,52284,52056,51827,51597,51367,51136,50905,50672,50439,50204,49968,49731,49492,49251,49009,48764,48518,48269,48018,47764,47508,47249,46988,46723,46455,46185,45911,45633,45353,45069,44782,44492,44198,43902,43601,43298,42992,42683,42371,42056,41739,41419,41097,40773,40448,40120,39792,39462,39131,38800,38469,38137,37806,37475,37146,36818,36491,36166,35844,35524,35207,34893,34583,34277,33975,33677,33385,33097,32815,32538,32268,32003,31745,31494,31249,31011,30780,30557,30341,30132,29930,29736,29549,29370,29198,29033,28875,28725,28582,28445,28315,28191,28074,27963,27857,27757,27663,27573,27488,27408,27332,27259,27191,27126,27063,27004,26947,26893,26841,26791,26742,26695,26649,26604,26560,26518,26476,26434,26393,26353,26313,26273,26234,26196,26158,26120,26083,26047,26012,25978,25944,25912,25881,25852,25825,25800,25777,25757,25739,25725,25714,25707,25704,25705,25711,25721,25738,25760,25788,25822,25863,25912,25968,26032,26104,26184,26273,26372,26479,26597,26724,26861,27009,27167,27336,27516,27706,27908,28120,28344,28579,28825,29082,29350,29629,29919,30220,30531,30852,31184,31526,31878,32239,32609,32989,33377,33774,34178,34591,35012,35439,35874,36315,36762,37215,37674,38137,38606,39079,39556,40037,40522,41009,41500,41992,42487,42983,43481,43980,44479,44979,45479,45979,46478,46976,47473,47969,48463,48955,49445,49932,50416,50897,51375,51848,52318,52784,53245,53702,54153,54599,55040,55475,55903,56326,56742,57151,57553,57947,58335,58714,59085,59449,59804,60150,60487,60816,61136,61446,61747,62038,62320,62592,62854,63107,63349,63581,63803,64015,64217,64409,64591,64762,64923,65075,65216,65347,65469,65580,65682,65775,65857,65931,65995,66049,66095,66132,66160,66179,66189,66191,66185,66171,66149,66119,66081,66035,65983,65923,65856,65782,65702,65614,65521,65421,65315,65204,65086,64963,64835,64701,64562,64419,64271,64118,63960,63799,63633,63464,63291,63114,62934,62751,62564,62375,62183,61988,61790,61591,61389,61185,60979,60771,60561,60350,60137,59923,59707,59490,_
58877,58655,58432,58208,57984,57758,57533,57306,57079,56852,56624,56396,56168,55939,55711,55482,55253,55024,54795,54566,54337,54108,53879,53650,53421,53192,52963,52734,52505,52276,52047,51817,51588,51358,51127,50896,50665,50432,50199,49965,49730,49494,49256,49017,48776,48534,48289,48043,47794,47543,47289,47033,46774,46512,46248,45980,45709,45435,45158,44877,44593,44305,44015,43720,43423,43122,42818,42511,42200,41887,41571,41252,40931,40607,40281,39954,39624,39293,38961,38628,38295,37961,37626,37293,36959,36627,36296,35966,35639,35313,34991,34671,34355,34042,33733,33429,33129,32834,32545,32261,31983,31711,31445,31186,30934,30689,30451,30221,29998,29782,29575,29375,29182,28998,28821,28652,28490,28336,28190,28050,27918,27793,27674,27562,27456,27356,27262,27173,27090,27011,26937,26867,26801,26739,26680,26624,26571,26521,26473,26427,26382,26340,26298,26258,26219,26180,26142,26105,26068,26031,25995,25959,25923,25887,25852,25816,25781,25746,25712,25678,25645,25613,25581,25551,25522,25495,25469,25445,25424,25405,25389,25376,25367,25361,25360,25363,25371,25384,25403,25428,25459,25496,25541,25594,25654,25723,25800,25886,25981,26086,26200,26325,26460,26606,26762,26929,27108,27298,27499,27711,27935,28171,28418,28676,28946,29227,29520,29823,30138,30463,30798,31144,31501,31867,32242,32627,33021,33424,33835,34254,34681,35115,35556,36004,36458,36919,37385,37856,38332,38812,39296,39785,40276,40771,41268,41768,42269,42772,43277,43782,44288,44794,45300,45805,46310,46813,47316,47816,48315,48812,49306,49797,50285,50770,51251,51728,52201,52670,53134,53593,54046,54494,54937,55373,55803,56227,56644,57054,57456,57851,58238,58618,58989,59352,59706,60052,60388,60716,61034,61343,61642,61931,62211,62481,62741,62990,63230,63459,63679,63888,64086,64275,64453,64621,64779,64927,65065,65192,65310,65418,65516,65604,65683,65753,65813,65863,65905,65938,65962,65977,65984,65982,65972,65954,65927,65893,65852,65802,65746,65682,65611,65533,65449,65358,65260,65157,65047,64931,64810,64683,64551,64413,64271,64123,63971,63814,63653,63487,63318,63145,62968,62787,62603,62416,62225,62032,61836,61638,61437,61233,61028,60820,60610,60399,60186,59971,59755,59537,59318,59098,_
58471,58246,58020,57794,57566,57338,57110,56881,56651,56422,56191,55961,55730,55499,55268,55037,54806,54575,54344,54113,53882,53651,53420,53189,52958,52728,52497,52267,52036,51806,51576,51345,51114,50883,50652,50420,50188,49955,49721,49487,49252,49015,48777,48538,48297,48055,47810,47564,47315,47065,46811,46555,46297,46035,45771,45503,45233,44959,44682,44401,44117,43830,43539,43244,42947,42645,42341,42033,41722,41408,41091,40771,40449,40124,39797,39468,39137,38804,38470,38135,37800,37463,37127,36791,36456,36121,35788,35456,35126,34798,34473,34151,33832,33517,33206,32900,32598,32302,32011,31725,31446,31173,30907,30648,30395,30150,29913,29683,29461,29246,29040,28842,28652,28470,28296,28130,27972,27822,27679,27544,27417,27296,27183,27076,26976,26882,26794,26711,26634,26562,26494,26431,26371,26316,26263,26214,26168,26124,26082,26043,26004,25968,25932,25898,25864,25831,25798,25766,25733,25701,25669,25637,25605,25573,25540,25508,25476,25443,25411,25379,25347,25316,25285,25256,25227,25199,25173,25149,25127,25106,25089,25074,25063,25055,25051,25051,25056,25066,25081,25103,25130,25164,25205,25254,25311,25375,25449,25531,25623,25724,25835,25957,26089,26232,26386,26552,26729,26917,27117,27329,27553,27788,28036,28295,28566,28849,29143,29449,29766,30095,30434,30784,31144,31514,31895,32285,32684,33092,33509,33934,34367,34807,35255,35710,36170,36637,37110,37588,38071,38558,39050,39545,40043,40544,41048,41554,42062,42572,43082,43593,44105,44616,45128,45638,46148,46657,47164,47669,48172,48672,49170,49665,50156,50644,51128,51608,52083,52554,53020,53481,53936,54386,54829,55266,55697,56121,56538,56948,57351,57745,58132,58511,58881,59243,59596,59940,60275,60601,60917,61223,61520,61807,62084,62351,62608,62855,63091,63318,63534,63739,63934,64119,64294,64458,64612,64756,64890,65014,65127,65231,65325,65410,65485,65550,65606,65653,65691,65720,65740,65751,65754,65748,65735,65713,65683,65645,65599,65547,65486,65419,65344,65263,65175,65080,64979,64872,64758,64639,64514,64383,64247,64106,63960,63809,63653,63492,63328,63159,62985,62809,62628,62444,62256,62065,61871,61675,61475,61273,61069,60862,60653,60442,60229,60014,59798,59580,59361,59140,58918,58695,_
58055,57827,57599,57370,57140,56910,56679,56447,56215,55983,55751,55518,55285,55052,54819,54586,54353,54120,53887,53654,53421,53188,52955,52723,52490,52258,52026,51794,51563,51331,51099,50868,50636,50404,50172,49940,49707,49473,49239,49005,48769,48532,48295,48055,47815,47573,47329,47083,46834,46584,46331,46076,45818,45557,45293,45026,44756,44483,44206,43926,43642,43355,43065,42770,42473,42172,41867,41559,41248,40934,40616,40296,39973,39647,39320,38989,38657,38324,37989,37652,37315,36978,36640,36302,35965,35628,35293,34959,34627,34298,33971,33647,33326,33010,32697,32389,32086,31788,31496,31209,30929,30656,30389,30129,29877,29632,29395,29166,28945,28733,28528,28332,28145,27965,27795,27632,27478,27332,27194,27063,26941,26826,26718,26616,26522,26434,26352,26276,26205,26140,26079,26022,25970,25921,25876,25833,25794,25756,25721,25688,25656,25626,25596,25568,25540,25512,25485,25457,25430,25403,25375,25347,25319,25291,25262,25232,25203,25173,25143,25113,25083,25053,25024,24995,24966,24939,24913,24888,24865,24843,24824,24808,24794,24784,24778,24775,24777,24784,24796,24813,24837,24867,24905,24949,25001,25062,25131,25210,25297,25395,25503,25621,25750,25890,26041,26204,26379,26565,26764,26974,27197,27432,27680,27939,28211,28495,28791,29098,29418,29749,30091,30444,30808,31182,31567,31961,32365,32778,33201,33631,34070,34516,34970,35431,35898,36371,36850,37335,37824,38318,38816,39317,39822,40329,40839,41352,41865,42381,42897,43413,43930,44447,44963,45479,45993,46506,47017,47526,48032,48536,49037,49535,50029,50520,51006,51488,51965,52437,52905,53367,53823,54273,54717,55154,55585,56009,56426,56835,57237,57631,58016,58394,58762,59123,59474,59816,60148,60471,60785,61089,61383,61667,61941,62204,62458,62701,62934,63156,63368,63570,63761,63942,64112,64273,64423,64563,64692,64812,64922,65021,65111,65192,65263,65324,65376,65419,65453,65478,65494,65502,65501,65492,65474,65449,65415,65374,65325,65269,65205,65134,65056,64971,64880,64782,64677,64567,64450,64327,64199,64065,63926,63781,63631,63477,63318,63154,62986,62813,62637,62457,62273,62085,61894,61700,61503,61303,61101,60895,60688,60478,60266,60051,59835,59618,59398,59178,58956,58732,58507,58282,_
57630,57400,57169,56937,56705,56473,56240,56006,55772,55538,55303,55069,54834,54599,54364,54129,53894,53659,53424,53189,52954,52720,52485,52251,52018,51784,51551,51317,51084,50852,50619,50386,50154,49921,49688,49455,49222,48988,48754,48519,48283,48047,47809,47570,47330,47088,46844,46599,46351,46101,45849,45595,45337,45077,44814,44548,44279,44007,43731,43451,43169,42882,42592,42299,42002,41701,41397,41090,40779,40465,40148,39827,39504,39178,38850,38520,38187,37853,37517,37180,36842,36503,36165,35826,35487,35149,34813,34478,34144,33813,33485,33159,32838,32520,32206,31896,31592,31293,31000,30713,30433,30159,29892,29632,29380,29136,28900,28672,28453,28242,28040,27846,27661,27485,27318,27159,27009,26867,26733,26608,26490,26381,26278,26183,26095,26013,25938,25868,25804,25745,25691,25641,25596,25554,25516,25480,25448,25417,25389,25362,25337,25313,25289,25267,25245,25223,25201,25179,25157,25134,25111,25088,25064,25039,25014,24988,24962,24935,24907,24879,24851,24823,24795,24767,24739,24712,24686,24661,24637,24615,24595,24577,24561,24549,24540,24535,24534,24537,24546,24560,24579,24606,24639,24679,24727,24783,24848,24922,25006,25099,25203,25317,25442,25578,25726,25886,26058,26242,26439,26647,26869,27103,27350,27609,27881,28165,28462,28771,29092,29425,29770,30126,30493,30870,31259,31657,32066,32483,32910,33346,33790,34242,34701,35168,35641,36120,36605,37095,37591,38090,38594,39102,39612,40126,40642,41159,41679,42199,42721,43242,43764,44285,44806,45326,45844,46361,46875,47388,47898,48404,48908,49408,49904,50397,50885,51368,51846,52320,52788,53250,53706,54157,54601,55038,55468,55891,56307,56715,57115,57507,57891,58266,58633,58991,59339,59678,60008,60328,60639,60939,61229,61510,61780,62040,62289,62528,62757,62975,63183,63381,63567,63744,63910,64066,64212,64347,64472,64588,64693,64789,64875,64951,65018,65075,65123,65162,65193,65214,65226,65230,65226,65213,65192,65163,65126,65081,65029,64970,64903,64829,64748,64660,64565,64464,64356,64243,64123,63997,63866,63729,63586,63439,63286,63129,62966,62799,62628,62453,62273,62090,61903,61713,61519,61322,61122,60919,60713,60505,60294,60081,59866,59649,59431,59210,58988,58765,58540,58314,58087,57859,_
57196,56964,56731,56497,56263,56028,55793,55558,55322,55086,54849,54613,54376,54139,53902,53666,53429,53192,52956,52719,52483,52247,52011,51776,51540,51305,51071,50836,50602,50368,50135,49901,49668,49434,49201,48967,48734,48500,48265,48030,47795,47558,47321,47082,46842,46601,46358,46113,45866,45617,45366,45112,44856,44597,44335,44070,43802,43531,43256,42978,42696,42411,42123,41830,41534,41235,40931,40625,40315,40001,39685,39365,39042,38717,38389,38059,37726,37392,37056,36718,36380,36041,35702,35362,35023,34684,34347,34011,33676,33344,33015,32689,32366,32047,31732,31422,31117,30818,30524,30237,29956,29682,29416,29157,28906,28662,28428,28201,27984,27775,27575,27384,27202,27029,26865,26710,26564,26427,26298,26178,26066,25962,25865,25776,25694,25619,25550,25487,25430,25378,25331,25288,25250,25215,25183,25155,25129,25106,25084,25064,25045,25028,25011,24994,24978,24962,24946,24929,24912,24895,24877,24858,24838,24818,24796,24774,24751,24727,24702,24677,24651,24625,24598,24572,24545,24519,24493,24468,24444,24421,24399,24380,24363,24349,24337,24329,24325,24326,24331,24341,24357,24379,24408,24444,24487,24539,24599,24669,24747,24836,24935,25045,25166,25299,25443,25599,25768,25949,26143,26349,26569,26801,27047,27305,27577,27861,28158,28468,28790,29125,29471,29829,30199,30579,30971,31373,31785,32207,32638,33079,33527,33984,34449,34920,35399,35883,36374,36870,37371,37876,38386,38899,39415,39934,40455,40978,41502,42028,42554,43080,43606,44132,44656,45180,45702,46222,46739,47254,47767,48276,48782,49283,49781,50275,50764,51248,51727,52201,52669,53131,53588,54037,54480,54917,55346,55767,56181,56588,56986,57376,57757,58130,58493,58848,59193,59529,59855,60172,60478,60775,61061,61337,61603,61859,62104,62338,62562,62776,62979,63172,63354,63526,63687,63838,63979,64110,64231,64342,64443,64534,64616,64688,64751,64804,64848,64883,64910,64927,64936,64937,64929,64913,64888,64856,64816,64768,64713,64650,64580,64503,64419,64329,64231,64127,64017,63900,63778,63649,63515,63376,63230,63080,62925,62764,62599,62430,62256,62078,61895,61709,61520,61326,61130,60930,60727,60521,60313,60102,59889,59674,59456,59237,59015,58793,58568,58342,58115,57887,57657,57427,_
56753,56519,56285,56049,55813,55577,55340,55103,54865,54627,54389,54151,53913,53675,53436,53198,52959,52721,52483,52245,52008,51770,51533,51296,51060,50823,50587,50352,50117,49882,49647,49413,49179,48945,48711,48477,48243,48009,47774,47539,47303,47067,46830,46592,46352,46112,45869,45625,45379,45132,44882,44629,44374,44116,43856,43592,43326,43056,42783,42506,42226,41942,41655,41364,41070,40771,40470,40164,39855,39543,39228,38909,38587,38263,37936,37606,37274,36940,36605,36268,35930,35591,35251,34911,34572,34233,33895,33559,33224,32892,32562,32235,31912,31592,31277,30967,30662,30362,30068,29781,29501,29227,28961,28703,28453,28211,27977,27753,27537,27331,27133,26945,26766,26597,26437,26286,26145,26012,25888,25773,25667,25568,25478,25395,25319,25251,25188,25132,25082,25037,24997,24961,24930,24902,24878,24857,24838,24821,24806,24793,24781,24770,24759,24749,24739,24729,24718,24707,24695,24683,24670,24656,24641,24624,24607,24589,24569,24549,24527,24505,24481,24457,24433,24408,24382,24357,24332,24307,24283,24259,24237,24217,24199,24182,24169,24159,24152,24149,24151,24157,24170,24188,24212,24244,24283,24329,24385,24449,24523,24607,24702,24807,24923,25051,25191,25344,25508,25686,25877,26080,26297,26528,26771,27028,27299,27583,27879,28189,28512,28847,29195,29555,29926,30310,30704,31109,31524,31950,32385,32829,33282,33743,34212,34689,35172,35662,36157,36659,37165,37675,38190,38708,39229,39753,40279,40807,41336,41865,42396,42926,43456,43985,44514,45040,45565,46088,46608,47126,47640,48151,48658,49161,49660,50155,50644,51129,51608,52082,52549,53011,53466,53915,54356,54791,55218,55638,56050,56453,56849,57236,57614,57983,58344,58695,59036,59368,59690,60002,60304,60596,60878,61150,61411,61661,61901,62131,62350,62558,62756,62944,63121,63288,63444,63591,63727,63853,63969,64075,64172,64258,64336,64403,64462,64511,64552,64583,64606,64620,64625,64622,64611,64591,64564,64529,64486,64435,64377,64312,64239,64159,64073,63979,63879,63773,63660,63541,63416,63285,63148,63006,62859,62706,62548,62385,62218,62046,61869,61688,61504,61315,61123,60927,60728,60526,60320,60112,59902,59688,59473,59255,59035,58813,58590,58365,58138,57910,57681,57451,57219,56987,_
56304,56068,55832,55595,55357,55119,54881,54642,54403,54164,53924,53684,53445,53205,52965,52725,52486,52246,52007,51767,51528,51290,51051,50813,50575,50338,50101,49864,49628,49392,49157,48922,48687,48452,48218,47984,47749,47515,47280,47045,46810,46574,46337,46100,45861,45621,45379,45136,44892,44645,44396,44145,43891,43635,43376,43115,42850,42581,42310,42035,41757,41475,41190,40901,40608,40312,40012,39708,39401,39091,38777,38460,38140,37817,37491,37162,36831,36499,36164,35828,35490,35152,34813,34474,34135,33796,33458,33122,32788,32455,32125,31798,31475,31156,30840,30530,30225,29926,29632,29345,29066,28793,28528,28270,28022,27781,27550,27327,27114,26910,26715,26530,26355,26189,26033,25887,25750,25622,25504,25394,25293,25201,25116,25040,24970,24908,24853,24803,24760,24722,24689,24660,24636,24616,24598,24584,24572,24562,24554,24548,24542,24537,24533,24529,24525,24521,24516,24511,24505,24497,24489,24480,24470,24458,24445,24431,24415,24398,24380,24360,24340,24319,24296,24273,24249,24225,24201,24177,24153,24130,24108,24087,24067,24050,24034,24022,24013,24007,24005,24009,24017,24031,24051,24078,24113,24155,24205,24265,24334,24412,24502,24602,24713,24837,24972,25120,25280,25454,25641,25841,26055,26283,26524,26779,27048,27330,27626,27936,28258,28594,28942,29303,29676,30061,30457,30865,31283,31711,32150,32598,33054,33519,33993,34473,34961,35455,35955,36461,36972,37487,38006,38529,39055,39583,40113,40645,41178,41712,42246,42780,43314,43846,44378,44907,45435,45960,46482,47001,47517,48029,48538,49042,49541,50036,50526,51010,51488,51961,52428,52888,53342,53789,54228,54661,55086,55503,55912,56312,56705,57088,57463,57828,58184,58531,58868,59196,59513,59820,60117,60404,60681,60947,61203,61448,61683,61907,62120,62323,62516,62698,62870,63031,63182,63323,63454,63575,63686,63788,63879,63962,64034,64098,64152,64198,64234,64262,64281,64291,64293,64287,64273,64250,64220,64182,64136,64083,64022,63954,63879,63797,63708,63612,63510,63401,63286,63165,63038,62904,62766,62621,62471,62316,62156,61991,61822,61647,61469,61286,61099,60908,60714,60516,60314,60110,59902,59692,59479,59264,59046,58826,58604,58380,58155,57928,57699,57469,57238,57006,56773,56539,_
55846,55609,55371,55133,54894,54655,54415,54175,53935,53694,53454,53213,52972,52731,52490,52249,52008,51767,51526,51286,51046,50806,50566,50327,50088,49850,49612,49374,49137,48901,48664,48429,48193,47958,47723,47489,47254,47019,46785,46550,46315,46079,45843,45606,45368,45129,44888,44646,44403,44158,43910,43661,43409,43154,42897,42637,42374,42108,41839,41566,41290,41011,40727,40441,40150,39856,39559,39257,38952,38644,38332,38017,37699,37378,37054,36727,36398,36067,35733,35399,35062,34725,34387,34049,33711,33373,33036,32700,32366,32034,31705,31379,31056,30737,30422,30112,29808,29509,29216,28930,28651,28379,28115,27860,27612,27374,27144,26924,26713,26512,26321,26139,25967,25806,25654,25512,25380,25257,25144,25040,24944,24858,24779,24709,24646,24591,24542,24500,24463,24432,24406,24385,24367,24354,24343,24336,24331,24328,24327,24327,24328,24329,24331,24334,24336,24337,24338,24339,24338,24336,24333,24329,24323,24316,24308,24298,24286,24273,24259,24243,24226,24207,24188,24167,24145,24123,24100,24077,24054,24032,24009,23988,23968,23949,23932,23918,23907,23898,23894,23894,23899,23909,23925,23948,23977,24015,24060,24114,24178,24252,24336,24431,24537,24655,24785,24928,25084,25253,25436,25632,25843,26067,26305,26558,26824,27105,27399,27708,28030,28365,28713,29074,29448,29834,30232,30641,31062,31492,31933,32384,32844,33312,33789,34273,34765,35263,35767,36277,36792,37311,37835,38361,38891,39424,39958,40494,41030,41568,42105,42643,43179,43714,44248,44780,45309,45836,46360,46881,47398,47911,48420,48924,49424,49918,50407,50891,51368,51840,52305,52764,53215,53660,54097,54527,54949,55362,55768,56165,56553,56933,57303,57664,58016,58358,58690,59012,59324,59626,59918,60199,60470,60730,60980,61219,61448,61666,61874,62071,62258,62434,62600,62756,62901,63037,63162,63278,63384,63481,63567,63645,63713,63773,63823,63864,63897,63921,63936,63943,63942,63932,63915,63890,63857,63816,63767,63712,63649,63578,63501,63417,63326,63228,63124,63013,62896,62773,62643,62508,62368,62221,62070,61913,61751,61584,61412,61236,61055,60870,60682,60489,60292,60092,59889,59683,59473,59261,59046,58829,58609,58387,58164,57938,57711,57482,57252,57020,56787,56553,56319,56083,_
55382,55144,54905,54665,54425,54185,53944,53703,53462,53220,52978,52736,52494,52252,52010,51768,51526,51284,51043,50801,50560,50319,50078,49838,49598,49359,49120,48882,48644,48406,48170,47933,47697,47462,47226,46992,46757,46522,46288,46053,45818,45583,45347,45111,44874,44636,44396,44156,43913,43670,43424,43176,42926,42673,42418,42160,41900,41636,41369,41099,40825,40548,40268,39984,39696,39404,39109,38811,38509,38203,37894,37581,37265,36947,36625,36300,35973,35644,35313,34980,34646,34310,33974,33637,33300,32964,32628,32294,31961,31630,31301,30976,30653,30335,30022,29713,29409,29111,28820,28535,28257,27987,27724,27470,27225,26988,26761,26544,26335,26137,25949,25771,25603,25446,25298,25161,25034,24916,24808,24709,24620,24539,24467,24403,24347,24298,24256,24220,24190,24166,24147,24133,24122,24116,24112,24111,24113,24117,24122,24129,24136,24144,24153,24161,24169,24176,24183,24189,24194,24198,24200,24201,24201,24198,24195,24189,24182,24173,24163,24151,24137,24122,24105,24087,24068,24048,24028,24006,23984,23963,23941,23920,23899,23880,23862,23846,23833,23823,23816,23813,23814,23821,23833,23851,23876,23909,23950,23999,24057,24125,24204,24293,24394,24507,24632,24769,24920,25085,25263,25455,25661,25881,26116,26365,26629,26907,27199,27506,27826,28160,28508,28869,29243,29629,30028,30438,30860,31293,31736,32188,32651,33122,33602,34089,34584,35085,35593,36106,36625,37148,37675,38205,38739,39274,39812,40351,40891,41432,41972,42512,43051,43589,44124,44658,45189,45718,46243,46764,47282,47795,48304,48808,49307,49801,50289,50771,51248,51717,52180,52637,53086,53528,53962,54388,54807,55217,55618,56011,56395,56770,57136,57492,57838,58175,58501,58818,59124,59420,59706,59981,60245,60500,60743,60976,61198,61410,61611,61802,61982,62153,62312,62462,62602,62732,62852,62962,63063,63154,63236,63309,63373,63428,63474,63511,63540,63560,63572,63576,63571,63559,63539,63511,63475,63432,63381,63323,63258,63186,63106,63020,62927,62827,62721,62609,62490,62365,62234,62097,61955,61807,61654,61495,61331,61163,60989,60812,60629,60443,60252,60058,59859,59658,59453,59245,59033,58819,58603,58384,58163,57939,57714,57487,57258,57027,56796,56563,56328,56093,55857,55620,_
54911,54672,54432,54191,53951,53709,53468,53226,52983,52741,52498,52255,52013,51770,51527,51284,51041,50798,50556,50313,50071,49829,49588,49347,49106,48866,48626,48387,48149,47911,47673,47436,47200,46964,46728,46493,46258,46024,45789,45555,45321,45086,44851,44615,44379,44142,43904,43664,43424,43181,42937,42691,42443,42193,41940,41684,41426,41165,40901,40633,40362,40088,39811,39530,39245,38956,38665,38369,38070,37767,37461,37152,36839,36523,36204,35882,35558,35232,34903,34572,34240,33907,33573,33238,32903,32568,32234,31901,31570,31240,30913,30589,30268,29951,29639,29331,29029,28733,28442,28159,27883,27614,27354,27102,26859,26625,26400,26185,25980,25785,25601,25426,25263,25109,24966,24834,24711,24599,24496,24403,24319,24245,24179,24121,24071,24029,23993,23964,23941,23924,23911,23904,23900,23900,23903,23909,23918,23928,23940,23953,23966,23981,23995,24009,24023,24037,24049,24061,24072,24081,24088,24095,24099,24102,24103,24103,24100,24096,24090,24082,24072,24061,24048,24033,24017,24000,23981,23962,23942,23922,23901,23880,23860,23841,23822,23806,23791,23779,23770,23764,23763,23766,23774,23789,23810,23838,23873,23917,23970,24033,24106,24190,24285,24392,24512,24644,24789,24948,25121,25308,25509,25725,25956,26202,26462,26737,27026,27330,27649,27981,28328,28688,29061,29447,29846,30256,30679,31112,31557,32011,32475,32949,33430,33920,34418,34922,35433,35949,36470,36996,37526,38060,38597,39135,39676,40218,40761,41304,41846,42388,42929,43469,44006,44541,45074,45603,46129,46651,47168,47682,48190,48694,49192,49685,50171,50652,51126,51593,52054,52508,52954,53392,53823,54246,54660,55066,55463,55851,56230,56600,56960,57311,57651,57982,58303,58613,58913,59203,59482,59750,60008,60255,60492,60718,60933,61138,61333,61517,61691,61854,62008,62151,62285,62409,62523,62628,62723,62809,62886,62954,63013,63064,63106,63139,63164,63181,63189,63190,63182,63167,63144,63114,63076,63030,62977,62917,62850,62776,62695,62607,62512,62411,62303,62189,62069,61943,61810,61672,61528,61379,61224,61064,60899,60729,60554,60375,60191,60003,59811,59615,59415,59212,59005,58796,58583,58368,58150,57929,57707,57482,57255,57026,56796,56565,56332,56097,55862,55626,55388,55150,_
54434,54194,53953,53712,53470,53228,52986,52743,52500,52257,52014,51770,51527,51283,51040,50796,50552,50309,50066,49823,49580,49337,49095,48853,48612,48371,48131,47891,47652,47413,47175,46938,46701,46465,46229,45994,45759,45524,45290,45056,44822,44588,44354,44119,43884,43648,43411,43173,42934,42693,42451,42207,41961,41713,41462,41209,40954,40695,40434,40170,39902,39631,39357,39079,38798,38513,38224,37932,37636,37337,37035,36729,36419,36107,35791,35473,35152,34828,34503,34175,33846,33515,33183,32851,32519,32186,31854,31524,31194,30867,30541,30219,29900,29585,29274,28968,28668,28373,28085,27803,27529,27262,27004,26755,26514,26282,26061,25849,25647,25456,25275,25104,24944,24795,24657,24529,24412,24304,24207,24120,24042,23973,23913,23862,23818,23782,23753,23731,23714,23703,23698,23696,23699,23706,23716,23728,23743,23760,23778,23797,23817,23837,23857,23878,23898,23917,23935,23952,23968,23983,23996,24008,24018,24026,24032,24037,24039,24039,24038,24035,24029,24022,24013,24002,23990,23976,23960,23943,23926,23907,23888,23869,23849,23830,23812,23795,23780,23766,23755,23748,23744,23744,23749,23760,23776,23800,23831,23870,23918,23975,24043,24121,24210,24311,24425,24551,24691,24844,25012,25193,25390,25601,25827,26068,26324,26595,26881,27182,27497,27827,28172,28530,28902,29287,29685,30096,30518,30952,31397,31852,32317,32792,33275,33767,34266,34773,35286,35804,36328,36857,37389,37925,38464,39006,39549,40093,40638,41183,41727,42271,42814,43355,43893,44429,44962,45492,46018,46540,47057,47570,48078,48580,49077,49568,50053,50531,51003,51468,51926,52376,52819,53253,53680,54099,54509,54910,55302,55685,56059,56423,56777,57122,57456,57780,58094,58398,58691,58974,59246,59507,59758,59998,60227,60446,60654,60852,61039,61216,61383,61540,61686,61823,61951,62068,62176,62275,62365,62446,62518,62581,62636,62682,62719,62749,62770,62783,62789,62786,62776,62758,62733,62700,62659,62612,62557,62495,62426,62350,62268,62178,62082,61979,61870,61755,61634,61506,61372,61233,61088,60937,60781,60620,60454,60282,60106,59926,59741,59552,59358,59161,58960,58756,58548,58337,58123,57906,57687,57465,57241,57015,56787,56558,56326,56094,55860,55624,55388,55151,54913,54674,_
53950,53709,53468,53226,52984,52742,52499,52256,52012,51769,51525,51281,51037,50793,50549,50305,50061,49817,49573,49329,49086,48843,48600,48358,48116,47874,47633,47393,47153,46914,46676,46438,46201,45964,45728,45493,45258,45024,44790,44556,44323,44089,43856,43622,43388,43153,42918,42681,42444,42205,41965,41723,41480,41234,40986,40736,40483,40228,39969,39708,39444,39177,38906,38632,38354,38073,37788,37500,37208,36913,36614,36312,36007,35698,35386,35072,34754,34434,34112,33788,33462,33135,32806,32477,32147,31817,31488,31160,30833,30508,30185,29865,29548,29235,28926,28623,28324,28032,27745,27466,27194,26930,26675,26427,26190,25961,25742,25534,25335,25148,24970,24804,24649,24504,24370,24247,24135,24033,23941,23859,23787,23724,23670,23625,23587,23557,23535,23519,23509,23504,23505,23510,23519,23532,23548,23567,23588,23611,23635,23660,23686,23712,23738,23764,23790,23815,23839,23862,23883,23904,23922,23939,23955,23968,23980,23989,23997,24003,24006,24008,24007,24004,24000,23993,23985,23974,23962,23949,23934,23918,23901,23884,23866,23848,23830,23813,23798,23783,23771,23762,23756,23754,23756,23763,23776,23796,23822,23857,23899,23951,24013,24086,24169,24264,24372,24492,24626,24773,24935,25110,25301,25507,25728,25964,26215,26481,26763,27061,27373,27700,28041,28397,28767,29150,29547,29956,30378,30811,31256,31711,32177,32652,33136,33629,34130,34638,35152,35672,36198,36728,37263,37801,38342,38885,39430,39976,40522,41069,41615,42160,42703,43245,43784,44321,44854,45384,45910,46431,46948,47460,47966,48467,48962,49451,49934,50409,50878,51340,51795,52241,52680,53111,53533,53947,54352,54748,55135,55512,55880,56238,56586,56924,57252,57569,57876,58173,58459,58734,58998,59252,59495,59727,59949,60160,60361,60551,60730,60900,61060,61209,61349,61479,61600,61711,61813,61906,61990,62065,62132,62190,62240,62282,62315,62341,62359,62369,62371,62365,62352,62332,62304,62269,62227,62177,62121,62057,61986,61909,61825,61734,61637,61533,61423,61307,61184,61055,60921,60780,60634,60483,60326,60163,59996,59824,59647,59465,59279,59089,58895,58696,58494,58289,58080,57868,57653,57435,57215,56992,56767,56540,56311,56081,55849,55615,55380,55144,54907,54669,54430,54190,_
53460,53219,52977,52735,52493,52250,52007,51764,51520,51276,51032,50788,50544,50300,50055,49811,49566,49322,49078,48834,48590,48346,48103,47860,47618,47376,47134,46894,46654,46414,46175,45937,45700,45463,45227,44992,44758,44523,44290,44057,43824,43591,43358,43126,42892,42659,42425,42190,41955,41718,41480,41240,40999,40756,40511,40264,40014,39762,39507,39249,38989,38725,38458,38188,37914,37637,37357,37073,36785,36494,36200,35902,35601,35297,34989,34679,34365,34050,33731,33411,33089,32765,32440,32114,31788,31462,31136,30810,30486,30164,29844,29526,29212,28902,28596,28294,27998,27708,27425,27148,26879,26618,26365,26121,25886,25660,25445,25240,25045,24861,24688,24526,24375,24235,24105,23987,23880,23783,23697,23621,23554,23497,23449,23409,23378,23354,23337,23327,23323,23325,23332,23343,23359,23378,23400,23424,23451,23480,23510,23541,23572,23604,23636,23668,23699,23729,23759,23787,23815,23841,23865,23887,23908,23927,23944,23960,23973,23984,23993,23999,24004,24006,24006,24005,24001,23995,23987,23977,23966,23953,23939,23924,23908,23892,23875,23859,23844,23830,23817,23806,23799,23794,23794,23799,23808,23824,23846,23876,23914,23961,24018,24084,24162,24251,24352,24467,24594,24735,24890,25060,25244,25444,25659,25890,26136,26397,26674,26967,27275,27598,27936,28288,28655,29036,29430,29838,30258,30690,31134,31588,32054,32529,33013,33506,34007,34516,35031,35553,36079,36611,37147,37686,38228,38772,39318,39866,40413,40961,41508,42054,42598,43140,43679,44216,44749,45278,45803,46324,46839,47350,47855,48354,48847,49333,49813,50286,50752,51210,51661,52103,52538,52964,53382,53790,54190,54581,54962,55333,55695,56046,56387,56719,57039,57349,57649,57938,58216,58483,58739,58985,59220,59444,59658,59861,60053,60235,60407,60569,60721,60863,60996,61119,61232,61337,61433,61520,61598,61668,61729,61783,61828,61865,61895,61916,61930,61937,61936,61928,61912,61889,61859,61822,61778,61727,61669,61603,61532,61453,61368,61276,61178,61073,60962,60844,60721,60591,60456,60315,60168,60015,59858,59695,59526,59353,59176,58993,58806,58615,58420,58221,58018,57812,57602,57389,57173,56955,56734,56510,56284,56057,55827,55596,55363,55129,54893,54656,54419,54180,53941,53701,_
52964,52723,52481,52239,51996,51753,51510,51267,51023,50779,50535,50291,50047,49803,49558,49314,49069,48825,48580,48336,48092,47848,47604,47361,47118,46876,46634,46393,46153,45913,45674,45436,45199,44962,44726,44491,44257,44023,43790,43557,43325,43093,42861,42629,42398,42166,41933,41700,41466,41232,40996,40759,40520,40280,40038,39793,39547,39298,39047,38793,38536,38277,38014,37748,37479,37206,36930,36651,36368,36082,35792,35499,35202,34903,34600,34294,33985,33674,33360,33044,32726,32407,32086,31764,31441,31119,30796,30474,30154,29835,29518,29203,28892,28585,28282,27983,27690,27403,27122,26849,26582,26324,26074,25833,25602,25380,25168,24966,24776,24595,24426,24269,24122,23986,23862,23749,23646,23555,23474,23403,23342,23290,23248,23214,23188,23170,23160,23156,23158,23165,23178,23195,23216,23241,23269,23299,23331,23366,23401,23438,23475,23512,23550,23587,23623,23659,23694,23728,23761,23793,23823,23851,23877,23902,23925,23946,23965,23981,23996,24008,24018,24026,24032,24035,24036,24035,24032,24027,24019,24010,24000,23988,23975,23961,23946,23931,23917,23903,23891,23880,23871,23865,23863,23865,23872,23884,23903,23928,23962,24004,24055,24116,24188,24271,24366,24474,24595,24730,24878,25041,25220,25413,25622,25846,26086,26342,26613,26901,27204,27522,27856,28204,28567,28945,29336,29741,30158,30588,31030,31484,31948,32422,32906,33398,33899,34408,34923,35445,35972,36504,37040,37580,38123,38668,39215,39762,40310,40858,41406,41952,42496,43038,43577,44113,44646,45174,45698,46217,46731,47240,47743,48239,48730,49214,49690,50160,50622,51077,51523,51961,52391,52813,53225,53629,54023,54407,54782,55147,55502,55846,56181,56505,56818,57120,57412,57692,57962,58221,58469,58707,58933,59149,59354,59548,59732,59906,60070,60223,60367,60502,60627,60743,60849,60947,61036,61117,61190,61254,61310,61358,61399,61432,61457,61475,61486,61489,61485,61474,61456,61431,61399,61360,61314,61261,61202,61135,61062,60982,60896,60803,60704,60598,60487,60368,60244,60114,59978,59836,59689,59536,59377,59214,59045,58871,58693,58510,58322,58131,57935,57735,57532,57325,57114,56901,56684,56465,56243,56019,55793,55565,55334,55103,54869,54635,54399,54162,53924,53685,53445,53205,_
52462,52221,51979,51737,51494,51252,51009,50765,50522,50278,50035,49791,49546,49302,49058,48813,48569,48324,48080,47836,47592,47348,47104,46861,46618,46375,46133,45892,45652,45412,45173,44935,44697,44461,44225,43990,43756,43522,43290,43058,42826,42595,42364,42134,41904,41673,41442,41211,40979,40747,40513,40279,40043,39805,39566,39326,39083,38837,38590,38340,38087,37832,37573,37312,37047,36780,36508,36234,35956,35675,35390,35102,34811,34516,34218,33917,33614,33307,32998,32687,32374,32059,31742,31425,31107,30788,30470,30152,29835,29519,29206,28895,28588,28284,27984,27689,27399,27115,26838,26567,26304,26049,25803,25565,25337,25119,24911,24713,24526,24350,24185,24032,23890,23759,23639,23531,23434,23347,23271,23206,23150,23104,23067,23039,23019,23006,23001,23003,23010,23023,23042,23064,23091,23121,23154,23190,23228,23267,23308,23350,23392,23435,23478,23520,23562,23604,23644,23683,23722,23759,23794,23828,23861,23891,23920,23947,23971,23994,24015,24033,24049,24063,24074,24083,24090,24094,24096,24096,24093,24089,24082,24074,24064,24053,24041,24029,24016,24003,23991,23980,23971,23965,23961,23961,23965,23975,23990,24012,24041,24079,24125,24181,24247,24324,24413,24514,24629,24757,24899,25055,25226,25413,25615,25832,26066,26316,26581,26862,27160,27473,27801,28145,28503,28876,29264,29665,30079,30506,30946,31396,31858,32331,32813,33305,33804,34312,34827,35348,35875,36407,36943,37483,38025,38570,39117,39665,40213,40761,41308,41854,42397,42939,43477,44012,44544,45071,45593,46111,46623,47129,47630,48124,48611,49092,49565,50031,50489,50940,51382,51815,52240,52656,53063,53461,53849,54227,54596,54954,55302,55639,55966,56282,56587,56882,57165,57437,57699,57949,58188,58416,58634,58841,59037,59222,59398,59563,59718,59863,59999,60126,60243,60351,60451,60542,60624,60699,60765,60824,60875,60918,60954,60983,61004,61018,61025,61026,61019,61005,60985,60958,60924,60883,60835,60781,60720,60653,60579,60498,60411,60317,60217,60111,59998,59880,59755,59624,59488,59345,59197,59044,58885,58721,58552,58378,58199,58015,57828,57635,57439,57239,57035,56828,56617,56403,56186,55966,55744,55520,55293,55064,54834,54602,54368,54133,53897,53660,53422,53183,52943,52703,_
51954,51713,51471,51230,50987,50745,50503,50260,50017,49773,49530,49286,49043,48799,48555,48310,48066,47822,47578,47334,47090,46846,46602,46359,46116,45874,45632,45390,45150,44910,44671,44433,44196,43959,43724,43489,43256,43023,42791,42559,42329,42099,41869,41640,41411,41182,40953,40724,40494,40264,40033,39801,39568,39334,39098,38860,38621,38380,38136,37890,37642,37391,37137,36880,36621,36358,36092,35823,35550,35274,34995,34712,34426,34137,33845,33549,33251,32950,32646,32340,32032,31722,31410,31097,30784,30470,30156,29842,29530,29218,28909,28602,28298,27998,27702,27411,27124,26844,26570,26303,26044,25793,25550,25316,25092,24877,24673,24480,24297,24125,23965,23815,23678,23552,23437,23333,23241,23159,23089,23028,22978,22937,22905,22882,22868,22861,22861,22868,22880,22899,22922,22950,22982,23017,23056,23096,23139,23184,23230,23277,23324,23372,23419,23467,23514,23561,23607,23651,23695,23738,23779,23819,23857,23893,23928,23961,23992,24021,24048,24073,24095,24115,24133,24148,24161,24171,24179,24184,24187,24187,24185,24181,24176,24168,24159,24149,24139,24128,24117,24107,24098,24092,24087,24086,24088,24095,24108,24126,24152,24185,24226,24277,24337,24409,24492,24587,24694,24816,24951,25100,25264,25443,25638,25849,26075,26318,26577,26852,27142,27449,27772,28110,28463,28831,29213,29610,30020,30443,30879,31327,31786,32256,32736,33225,33723,34229,34742,35262,35788,36319,36854,37393,37935,38480,39026,39573,40120,40667,41213,41758,42301,42841,43379,43912,44442,44967,45488,46003,46513,47017,47514,48005,48490,48967,49436,49898,50352,50798,51235,51664,52084,52494,52896,53287,53669,54041,54402,54753,55094,55424,55743,56051,56348,56634,56908,57172,57424,57665,57896,58115,58323,58521,58707,58884,59050,59206,59353,59490,59617,59735,59844,59945,60037,60121,60197,60265,60326,60378,60424,60462,60494,60518,60535,60546,60550,60547,60538,60521,60499,60469,60434,60391,60342,60287,60225,60156,60081,60000,59912,59818,59717,59610,59497,59378,59253,59122,58985,58842,58694,58540,58381,58217,58047,57873,57694,57510,57322,57130,56933,56733,56528,56321,56110,55896,55679,55459,55236,55012,54785,54556,54325,54093,53859,53624,53388,53151,52913,52674,52434,52194,_
51440,51199,50958,50717,50476,50234,49992,49750,49507,49265,49022,48779,48536,48292,48049,47805,47561,47317,47073,46830,46586,46342,46099,45856,45613,45371,45129,44888,44648,44408,44170,43932,43695,43459,43224,42989,42756,42524,42293,42062,41833,41604,41375,41148,40920,40693,40466,40238,40011,39783,39555,39326,39096,38865,38632,38398,38163,37925,37686,37444,37201,36954,36705,36454,36199,35942,35681,35417,35150,34880,34606,34329,34049,33766,33479,33189,32897,32601,32303,32003,31700,31395,31089,30781,30473,30164,29855,29546,29238,28931,28626,28324,28024,27728,27436,27149,26866,26590,26320,26057,25802,25554,25315,25086,24865,24655,24455,24265,24087,23919,23763,23619,23486,23364,23254,23155,23067,22991,22925,22870,22824,22789,22762,22744,22734,22733,22738,22750,22767,22791,22819,22852,22889,22929,22972,23017,23065,23114,23165,23216,23269,23321,23374,23426,23478,23530,23581,23631,23680,23729,23775,23821,23865,23908,23949,23988,24026,24061,24094,24126,24155,24182,24206,24228,24247,24264,24278,24289,24298,24304,24307,24308,24307,24304,24299,24292,24285,24276,24268,24259,24251,24244,24240,24238,24239,24244,24254,24270,24292,24321,24358,24404,24459,24525,24602,24690,24792,24906,25034,25176,25333,25504,25692,25895,26114,26349,26600,26868,27151,27451,27767,28099,28446,28808,29185,29576,29981,30400,30831,31274,31730,32196,32673,33159,33654,34158,34669,35186,35710,36239,36773,37311,37851,38394,38939,39485,40031,40577,41122,41665,42206,42745,43280,43812,44340,44863,45381,45894,46401,46902,47396,47884,48365,48838,49303,49761,50211,50652,51084,51507,51922,52326,52721,53107,53482,53847,54201,54545,54878,55200,55511,55810,56099,56376,56642,56896,57139,57371,57592,57802,58000,58188,58366,58533,58690,58837,58974,59102,59221,59330,59432,59524,59609,59686,59755,59816,59871,59918,59958,59992,60018,60038,60052,60059,60059,60054,60042,60023,59998,59967,59930,59886,59835,59779,59716,59646,59571,59488,59400,59305,59204,59097,58984,58864,58739,58607,58470,58327,58179,58025,57866,57701,57532,57357,57178,56994,56806,56614,56417,56216,56012,55804,55593,55379,55162,54942,54720,54495,54268,54039,53809,53577,53343,53108,52872,52635,52397,52159,51920,51680,_
50920,50680,50440,50200,49959,49718,49477,49235,48994,48752,48510,48268,48025,47783,47540,47297,47054,46811,46567,46324,46081,45838,45595,45352,45110,44868,44627,44386,44146,43907,43668,43431,43194,42959,42724,42491,42258,42027,41797,41567,41339,41111,40884,40657,40432,40206,39981,39756,39531,39306,39080,38854,38627,38399,38170,37940,37708,37475,37240,37003,36764,36522,36278,36032,35783,35531,35276,35018,34757,34492,34225,33954,33680,33402,33122,32838,32552,32262,31970,31675,31378,31079,30779,30477,30174,29870,29566,29262,28959,28657,28357,28059,27764,27473,27185,26902,26624,26352,26087,25828,25577,25333,25099,24873,24657,24451,24255,24070,23896,23733,23581,23441,23312,23195,23090,22996,22913,22841,22780,22730,22689,22658,22636,22623,22619,22621,22631,22648,22670,22698,22731,22769,22810,22854,22902,22952,23004,23058,23113,23169,23225,23283,23340,23397,23454,23511,23567,23622,23677,23731,23783,23835,23885,23934,23981,24027,24071,24113,24153,24192,24228,24261,24293,24322,24348,24371,24392,24410,24425,24437,24447,24453,24457,24459,24459,24456,24452,24447,24441,24434,24428,24422,24418,24415,24416,24420,24428,24441,24460,24486,24519,24560,24611,24671,24742,24824,24919,25026,25147,25282,25431,25595,25774,25969,26180,26407,26651,26910,27186,27479,27787,28111,28451,28807,29177,29562,29961,30374,30800,31239,31689,32151,32623,33106,33597,34098,34605,35120,35642,36168,36700,37235,37773,38314,38857,39401,39945,40489,41032,41573,42112,42649,43182,43711,44236,44757,45272,45782,46286,46783,47274,47758,48235,48704,49165,49619,50063,50499,50926,51344,51753,52151,52540,52919,53287,53645,53992,54328,54653,54967,55270,55561,55840,56108,56365,56610,56844,57066,57277,57477,57666,57844,58012,58169,58316,58454,58582,58701,58810,58912,59005,59090,59167,59236,59298,59353,59401,59443,59478,59506,59528,59544,59554,59557,59555,59546,59532,59511,59484,59451,59412,59367,59315,59258,59194,59123,59047,58964,58875,58780,58679,58571,58458,58338,58213,58081,57944,57801,57653,57499,57339,57175,57005,56831,56652,56468,56280,56087,55891,55690,55486,55279,55068,54854,54637,54417,54195,53970,53744,53515,53285,53053,52820,52585,52349,52113,51876,51638,51399,51160,_
50395,50156,49917,49677,49438,49198,48957,48717,48476,48236,47995,47754,47512,47270,47029,46787,46544,46302,46060,45817,45575,45332,45090,44848,44606,44365,44124,43884,43645,43406,43168,42931,42695,42460,42227,41994,41762,41532,41302,41074,40847,40620,40395,40170,39946,39723,39500,39277,39054,38832,38609,38386,38162,37937,37712,37486,37258,37029,36799,36566,36332,36096,35857,35616,35372,35126,34877,34625,34370,34112,33850,33586,33318,33047,32773,32496,32215,31932,31646,31358,31067,30774,30480,30183,29886,29588,29290,28991,28694,28397,28102,27810,27520,27233,26950,26672,26399,26131,25870,25616,25369,25130,24900,24679,24467,24265,24074,23893,23724,23565,23418,23282,23158,23046,22945,22855,22777,22710,22654,22608,22572,22545,22528,22520,22519,22527,22541,22562,22589,22621,22658,22700,22745,22794,22845,22899,22956,23014,23073,23133,23194,23255,23317,23379,23441,23502,23563,23624,23684,23743,23801,23859,23915,23970,24024,24076,24127,24176,24224,24269,24313,24354,24392,24429,24462,24493,24521,24546,24568,24587,24602,24615,24625,24632,24637,24639,24639,24638,24635,24631,24626,24622,24619,24617,24618,24621,24628,24639,24655,24678,24707,24744,24790,24845,24911,24987,25075,25175,25289,25416,25558,25714,25885,26072,26274,26493,26728,26979,27247,27530,27831,28147,28479,28827,29190,29568,29960,30366,30786,31219,31664,32120,32588,33065,33552,34048,34552,35063,35581,36104,36632,37165,37700,38239,38779,39320,39861,40403,40943,41482,42018,42552,43082,43609,44131,44648,45160,45667,46167,46661,47148,47628,48100,48565,49022,49470,49910,50340,50762,51174,51576,51969,52351,52723,53084,53435,53774,54103,54420,54725,55019,55301,55572,55831,56078,56313,56537,56750,56951,57140,57319,57487,57645,57793,57930,58058,58176,58286,58387,58479,58564,58641,58710,58772,58827,58876,58918,58954,58983,59007,59024,59036,59042,59042,59037,59025,59008,58985,58956,58922,58881,58835,58782,58724,58659,58588,58511,58428,58339,58243,58142,58034,57920,57801,57675,57543,57406,57263,57115,56961,56802,56637,56468,56294,56115,55931,55743,55551,55355,55155,54951,54743,54533,54319,54102,53883,53661,53437,53211,52983,52753,52522,52289,52055,51820,51584,51347,51110,50872,50634,_
49865,49627,49389,49150,48912,48673,48434,48195,47956,47716,47476,47236,46996,46756,46515,46274,46033,45792,45550,45309,45067,44826,44585,44344,44103,43862,43622,43383,43144,42906,42669,42433,42198,41964,41731,41499,41269,41039,40811,40584,40358,40133,39909,39686,39464,39243,39022,38802,38582,38362,38142,37922,37702,37481,37259,37037,36814,36589,36363,36136,35906,35675,35442,35206,34968,34728,34485,34239,33990,33738,33484,33226,32964,32700,32433,32162,31888,31612,31333,31051,30766,30480,30191,29901,29610,29318,29026,28733,28441,28151,27861,27574,27289,27008,26730,26457,26189,25926,25670,25420,25178,24944,24719,24502,24295,24098,23911,23735,23570,23416,23273,23142,23022,22914,22818,22733,22659,22597,22545,22503,22471,22449,22436,22432,22436,22447,22466,22491,22521,22558,22599,22644,22693,22746,22801,22859,22919,22981,23044,23108,23174,23239,23305,23371,23438,23504,23570,23636,23701,23765,23829,23893,23955,24016,24077,24136,24194,24250,24305,24358,24409,24457,24504,24548,24589,24628,24663,24695,24725,24751,24773,24793,24809,24822,24832,24840,24845,24847,24848,24847,24846,24844,24842,24841,24842,24845,24851,24861,24875,24895,24921,24955,24996,25047,25107,25177,25259,25352,25459,25578,25712,25860,26022,26201,26394,26604,26830,27072,27331,27606,27897,28205,28528,28868,29222,29592,29977,30376,30789,31214,31653,32103,32564,33036,33518,34009,34508,35015,35528,36047,36571,37100,37632,38166,38703,39241,39779,40317,40854,41390,41923,42453,42981,43504,44022,44536,45045,45547,46043,46533,47016,47492,47960,48419,48871,49314,49749,50174,50590,50996,51392,51778,52154,52519,52873,53216,53548,53868,54177,54474,54759,55032,55293,55543,55780,56006,56220,56422,56613,56792,56961,57119,57266,57404,57531,57649,57758,57858,57950,58034,58110,58179,58240,58295,58343,58385,58421,58451,58475,58494,58507,58515,58517,58514,58505,58491,58472,58447,58416,58380,58338,58290,58237,58178,58112,58041,57963,57880,57790,57695,57593,57485,57371,57251,57126,56994,56857,56714,56566,56413,56254,56089,55920,55746,55568,55384,55197,55005,54809,54609,54406,54199,53989,53776,53560,53341,53120,52896,52670,52443,52214,51983,51751,51518,51284,51049,50813,50577,50340,50102,_
49329,49092,48856,48619,48381,48144,47907,47669,47431,47193,46955,46716,46478,46239,45999,45760,45520,45280,45040,44800,44560,44319,44079,43839,43599,43360,43121,42883,42645,42408,42172,41937,41703,41470,41238,41007,40778,40550,40323,40097,39873,39650,39428,39207,38987,38767,38549,38331,38114,37897,37680,37463,37247,37029,36812,36594,36375,36155,35933,35711,35487,35261,35033,34804,34572,34337,34100,33861,33618,33373,33125,32874,32619,32362,32101,31838,31571,31301,31029,30754,30476,30196,29915,29631,29346,29061,28775,28488,28202,27917,27634,27352,27073,26797,26525,26257,25994,25737,25486,25241,25004,24775,24554,24343,24140,23948,23766,23594,23434,23284,23146,23020,22905,22801,22709,22628,22559,22500,22453,22415,22388,22370,22361,22360,22368,22383,22405,22434,22468,22508,22553,22602,22655,22711,22770,22831,22895,22960,23027,23095,23164,23233,23303,23374,23445,23515,23586,23657,23727,23797,23867,23936,24005,24072,24139,24205,24270,24334,24396,24457,24515,24572,24626,24678,24727,24774,24817,24858,24894,24928,24958,24984,25007,25027,25043,25056,25066,25074,25079,25082,25084,25085,25085,25086,25088,25091,25097,25105,25118,25136,25160,25190,25227,25273,25328,25392,25468,25555,25654,25766,25892,26031,26185,26355,26539,26740,26956,27189,27438,27704,27985,28284,28598,28928,29274,29635,30011,30402,30806,31224,31655,32098,32553,33018,33494,33979,34472,34973,35481,35996,36515,37039,37567,38097,38630,39163,39698,40232,40765,41297,41826,42353,42876,43395,43910,44420,44924,45422,45914,46400,46878,47349,47812,48267,48713,49151,49580,49999,50409,50809,51199,51578,51947,52305,52652,52987,53311,53623,53923,54212,54488,54752,55004,55244,55471,55687,55891,56083,56263,56433,56591,56738,56875,57002,57120,57228,57327,57418,57500,57575,57643,57703,57757,57804,57846,57881,57911,57935,57954,57968,57976,57980,57979,57972,57961,57944,57923,57896,57864,57826,57783,57734,57680,57620,57554,57482,57404,57320,57230,57135,57033,56925,56811,56691,56566,56435,56298,56155,56007,55854,55695,55531,55362,55189,55011,54828,54641,54449,54254,54055,53852,53646,53436,53224,53008,52790,52570,52347,52122,51896,51667,51438,51206,50974,50741,50507,50272,50037,49802,49565,_
48788,48553,48318,48083,47847,47611,47376,47140,46904,46667,46431,46194,45957,45720,45482,45244,45006,44768,44529,44290,44051,43813,43574,43335,43097,42858,42621,42384,42147,41911,41677,41443,41210,40978,40748,40518,40290,40064,39839,39615,39392,39171,38951,38732,38514,38297,38081,37866,37652,37438,37224,37011,36798,36584,36371,36157,35942,35727,35511,35293,35075,34854,34632,34408,34182,33954,33724,33491,33255,33017,32775,32531,32284,32033,31780,31523,31264,31001,30736,30468,30197,29924,29649,29373,29095,28816,28536,28256,27977,27698,27420,27145,26872,26602,26335,26073,25816,25564,25318,25079,24847,24623,24408,24201,24004,23816,23639,23472,23316,23171,23037,22915,22805,22705,22618,22541,22476,22421,22377,22344,22320,22306,22300,22304,22315,22334,22359,22391,22429,22472,22520,22572,22628,22687,22749,22814,22881,22950,23020,23091,23164,23237,23311,23386,23461,23536,23612,23687,23763,23838,23913,23989,24063,24138,24211,24284,24356,24427,24497,24565,24632,24696,24759,24819,24876,24931,24983,25031,25076,25117,25155,25189,25219,25245,25268,25287,25303,25316,25326,25333,25339,25343,25346,25349,25352,25356,25362,25370,25382,25398,25419,25446,25480,25522,25572,25631,25701,25781,25873,25978,26095,26227,26372,26532,26708,26899,27105,27328,27567,27822,28094,28382,28687,29007,29343,29695,30061,30443,30839,31248,31671,32106,32553,33011,33479,33957,34444,34939,35441,35949,36463,36982,37504,38030,38557,39086,39616,40146,40674,41202,41727,42249,42768,43282,43793,44298,44798,45291,45779,46259,46733,47198,47656,48106,48547,48979,49402,49816,50219,50613,50996,51369,51731,52081,52421,52748,53064,53368,53660,53939,54206,54461,54704,54934,55151,55357,55551,55732,55902,56061,56209,56346,56472,56589,56696,56794,56884,56965,57038,57104,57163,57215,57261,57301,57335,57364,57388,57406,57420,57429,57434,57433,57428,57419,57405,57386,57362,57333,57299,57260,57216,57166,57111,57051,56984,56912,56834,56750,56660,56564,56462,56354,56240,56121,55995,55864,55727,55585,55437,55284,55126,54963,54794,54621,54444,54262,54075,53884,53690,53491,53289,53084,52875,52664,52449,52232,52012,51791,51567,51341,51114,50885,50655,50424,50192,49960,49726,49492,49258,49023,_
48243,48010,47776,47543,47309,47075,46841,46607,46373,46139,45904,45669,45434,45199,44963,44727,44491,44254,44017,43780,43543,43306,43069,42832,42595,42358,42122,41887,41652,41417,41184,40952,40720,40490,40261,40033,39807,39582,39359,39137,38916,38697,38479,38262,38047,37833,37619,37407,37196,36985,36775,36565,36356,36147,35937,35728,35518,35307,35096,34884,34670,34456,34239,34022,33802,33580,33356,33130,32901,32669,32435,32198,31958,31714,31468,31219,30967,30711,30453,30192,29929,29663,29396,29126,28855,28583,28310,28037,27764,27492,27221,26952,26685,26421,26161,25905,25653,25407,25167,24933,24707,24488,24278,24076,23884,23701,23529,23367,23216,23075,22946,22828,22722,22627,22543,22471,22409,22359,22318,22288,22268,22257,22255,22262,22276,22298,22327,22362,22403,22449,22499,22554,22613,22676,22741,22808,22878,22950,23023,23098,23174,23251,23329,23408,23487,23566,23646,23727,23807,23888,23969,24050,24131,24211,24292,24372,24451,24529,24607,24683,24757,24830,24901,24969,25035,25098,25158,25215,25268,25317,25363,25405,25442,25476,25505,25531,25553,25571,25586,25599,25608,25616,25622,25628,25633,25638,25645,25653,25665,25679,25699,25723,25754,25791,25837,25891,25955,26029,26114,26211,26321,26444,26580,26731,26897,27078,27275,27487,27716,27961,28222,28499,28793,29103,29429,29770,30127,30498,30884,31285,31698,32124,32563,33012,33473,33943,34423,34910,35406,35907,36415,36927,37444,37964,38486,39009,39534,40058,40581,41104,41624,42141,42655,43165,43670,44170,44665,45154,45636,46111,46579,47040,47492,47936,48372,48798,49215,49622,50020,50407,50784,51149,51504,51847,52179,52499,52807,53102,53385,53656,53914,54159,54392,54612,54820,55015,55199,55370,55529,55678,55815,55941,56057,56163,56260,56348,56428,56499,56563,56620,56671,56715,56753,56785,56813,56835,56853,56866,56874,56879,56879,56875,56866,56854,56837,56816,56790,56759,56724,56684,56638,56588,56532,56471,56404,56331,56253,56169,56078,55982,55881,55773,55659,55540,55415,55284,55147,55005,54858,54705,54547,54385,54217,54044,53867,53686,53500,53310,53117,52919,52718,52514,52306,52095,51882,51666,51447,51227,51004,50780,50554,50326,50098,49868,49638,49406,49175,48942,48709,48476,_
47694,47462,47231,46999,46768,46536,46304,46072,45840,45608,45376,45143,44910,44677,44443,44209,43975,43741,43506,43271,43036,42800,42565,42330,42095,41860,41626,41392,41159,40926,40694,40464,40234,40006,39779,39553,39329,39106,38884,38664,38446,38229,38013,37799,37586,37375,37165,36955,36747,36540,36333,36127,35922,35717,35511,35306,35101,34896,34689,34483,34275,34066,33856,33644,33430,33215,32998,32778,32556,32332,32105,31875,31642,31406,31167,30925,30681,30433,30182,29929,29673,29415,29154,28892,28628,28363,28098,27832,27566,27300,27036,26774,26513,26256,26002,25752,25506,25266,25032,24804,24583,24370,24165,23969,23782,23604,23437,23280,23133,22997,22873,22759,22657,22566,22486,22417,22359,22312,22276,22249,22232,22224,22225,22235,22252,22277,22308,22346,22389,22438,22491,22549,22610,22675,22743,22813,22886,22961,23037,23115,23194,23275,23356,23439,23522,23605,23690,23775,23861,23947,24033,24120,24207,24294,24381,24468,24554,24640,24725,24809,24891,24972,25051,25128,25202,25274,25342,25408,25469,25527,25581,25630,25675,25716,25753,25786,25814,25838,25859,25876,25891,25903,25912,25921,25928,25935,25943,25952,25963,25977,25995,26017,26045,26079,26120,26170,26228,26296,26374,26464,26566,26681,26808,26950,27106,27277,27464,27666,27883,28117,28367,28634,28916,29215,29530,29860,30206,30567,30943,31333,31736,32153,32582,33022,33474,33936,34407,34887,35375,35869,36369,36875,37385,37898,38414,38931,39449,39968,40486,41002,41517,42028,42537,43041,43541,44036,44525,45008,45485,45955,46417,46872,47319,47757,48186,48607,49018,49419,49810,50190,50560,50919,51266,51602,51926,52238,52537,52825,53099,53361,53610,53846,54069,54279,54477,54662,54835,54996,55145,55282,55409,55524,55630,55726,55813,55891,55960,56022,56077,56125,56166,56202,56233,56258,56278,56294,56306,56313,56317,56317,56313,56305,56293,56278,56258,56235,56207,56175,56138,56097,56050,55999,55943,55881,55813,55740,55662,55578,55487,55391,55290,55182,55068,54949,54824,54694,54557,54416,54269,54117,53959,53797,53630,53458,53282,53102,52917,52728,52535,52339,52139,51935,51729,51519,51307,51092,50875,50656,50435,50212,49987,49761,49534,49306,49077,48848,48618,48387,48156,47925,_
47140,46911,46682,46453,46223,45994,45764,45535,45305,45075,44845,44615,44385,44154,43923,43691,43459,43227,42995,42762,42529,42296,42063,41830,41597,41364,41132,40900,40669,40438,40209,39980,39753,39526,39301,39078,38856,38635,38416,38198,37982,37768,37555,37343,37133,36925,36717,36511,36307,36103,35900,35698,35496,35295,35095,34894,34694,34493,34293,34091,33889,33686,33482,33276,33069,32860,32650,32437,32222,32005,31785,31562,31337,31109,30877,30643,30406,30166,29923,29677,29429,29179,28926,28671,28415,28157,27899,27640,27381,27123,26866,26610,26357,26106,25858,25615,25376,25142,24914,24692,24477,24270,24070,23879,23697,23525,23362,23210,23068,22937,22816,22707,22609,22522,22445,22380,22326,22282,22249,22225,22211,22206,22210,22222,22242,22269,22302,22342,22388,22439,22495,22555,22618,22686,22756,22829,22904,22981,23061,23142,23224,23308,23393,23479,23566,23654,23742,23832,23923,24014,24106,24198,24291,24385,24478,24572,24665,24759,24851,24943,25033,25123,25210,25295,25378,25458,25535,25609,25678,25745,25806,25864,25917,25966,26010,26049,26084,26115,26141,26164,26183,26200,26213,26225,26235,26245,26254,26264,26275,26289,26305,26326,26351,26382,26419,26464,26517,26580,26652,26734,26829,26935,27054,27186,27333,27494,27669,27861,28067,28290,28528,28783,29054,29341,29644,29963,30298,30647,31012,31391,31784,32190,32609,33040,33482,33935,34397,34868,35347,35833,36326,36824,37326,37832,38341,38851,39363,39875,40386,40897,41405,41910,42413,42911,43405,43894,44377,44855,45325,45789,46246,46695,47135,47568,47991,48405,48810,49204,49588,49962,50325,50677,51017,51345,51661,51965,52257,52535,52801,53054,53294,53520,53734,53934,54122,54297,54459,54610,54748,54875,54991,55096,55191,55277,55353,55421,55481,55533,55579,55618,55651,55679,55701,55719,55733,55743,55748,55751,55749,55745,55736,55725,55710,55692,55670,55644,55614,55581,55543,55500,55453,55401,55344,55281,55214,55140,55062,54977,54887,54791,54689,54582,54468,54349,54225,54094,53959,53817,53671,53519,53363,53201,53035,52864,52688,52509,52325,52137,51945,51750,51551,51349,51144,50936,50725,50512,50296,50079,49859,49638,49415,49191,48965,48739,48512,48284,48056,47828,47599,47370,_
46584,46357,46130,45903,45676,45449,45222,44996,44769,44541,44314,44086,43859,43630,43402,43173,42944,42714,42484,42254,42024,41793,41563,41332,41101,40871,40641,40412,40183,39955,39728,39501,39276,39052,38830,38608,38389,38170,37954,37739,37525,37314,37104,36895,36688,36483,36279,36076,35875,35675,35476,35278,35081,34884,34688,34492,34297,34102,33906,33710,33514,33317,33119,32919,32719,32517,32313,32107,31900,31689,31477,31262,31044,30823,30600,30373,30144,29912,29676,29439,29198,28955,28710,28463,28215,27965,27714,27463,27211,26960,26710,26462,26215,25972,25731,25494,25262,25034,24812,24597,24388,24186,23992,23807,23631,23463,23306,23158,23020,22894,22777,22672,22578,22494,22422,22360,22309,22268,22237,22216,22205,22202,22208,22223,22245,22274,22310,22352,22399,22452,22510,22572,22638,22707,22779,22855,22932,23012,23094,23178,23263,23350,23438,23528,23618,23710,23804,23898,23993,24090,24187,24285,24384,24484,24584,24684,24785,24885,24985,25084,25183,25280,25376,25469,25560,25649,25734,25816,25895,25969,26039,26105,26166,26222,26274,26320,26362,26399,26432,26460,26485,26505,26523,26539,26552,26564,26575,26586,26598,26612,26627,26647,26670,26698,26732,26773,26821,26877,26943,27019,27106,27204,27314,27437,27574,27725,27890,28070,28265,28477,28703,28946,29205,29480,29771,30078,30400,30738,31091,31459,31840,32236,32644,33064,33496,33938,34391,34853,35323,35800,36284,36773,37268,37766,38267,38770,39274,39779,40283,40786,41288,41787,42282,42774,43262,43744,44221,44692,45157,45615,46065,46507,46942,47368,47784,48192,48590,48978,49355,49722,50078,50423,50755,51076,51384,51680,51964,52234,52491,52735,52965,53183,53387,53577,53755,53920,54072,54212,54340,54456,54561,54656,54741,54816,54882,54940,54990,55033,55070,55100,55125,55144,55159,55170,55177,55181,55181,55178,55171,55162,55150,55135,55117,55096,55072,55044,55013,54977,54938,54894,54846,54793,54736,54673,54605,54532,54453,54368,54278,54182,54080,53973,53860,53741,53616,53487,53351,53210,53064,52913,52757,52597,52431,52261,52087,51908,51725,51539,51348,51154,50957,50756,50552,50346,50137,49925,49711,49495,49277,49058,48837,48615,48391,48167,47942,47716,47490,47264,47037,46811,_
46024,45800,45576,45351,45127,44903,44679,44455,44231,44007,43782,43557,43333,43107,42882,42656,42429,42203,41976,41748,41521,41293,41065,40837,40609,40382,40154,39928,39702,39476,39251,39028,38805,38584,38364,38146,37929,37713,37499,37287,37077,36868,36661,36456,36252,36050,35850,35651,35453,35257,35062,34868,34676,34484,34292,34102,33911,33721,33531,33341,33150,32959,32767,32575,32381,32185,31988,31790,31589,31386,31181,30973,30763,30550,30335,30116,29894,29670,29443,29213,28981,28746,28509,28270,28029,27787,27544,27300,27056,26813,26571,26329,26090,25854,25620,25390,25164,24943,24728,24519,24316,24120,23932,23752,23581,23419,23266,23123,22991,22868,22756,22654,22564,22484,22414,22356,22307,22269,22241,22222,22213,22213,22221,22237,22261,22292,22330,22373,22423,22477,22537,22600,22668,22739,22813,22891,22970,23053,23137,23223,23311,23401,23493,23586,23680,23776,23873,23972,24072,24173,24276,24380,24484,24590,24697,24804,24911,25019,25126,25233,25339,25444,25548,25649,25749,25846,25939,26030,26117,26199,26277,26351,26420,26484,26543,26597,26645,26689,26728,26762,26792,26817,26840,26859,26876,26890,26904,26916,26929,26943,26959,26977,26998,27024,27055,27092,27135,27187,27246,27316,27395,27485,27587,27701,27828,27968,28123,28292,28476,28675,28890,29121,29367,29630,29908,30203,30513,30838,31179,31534,31904,32288,32684,33093,33514,33946,34388,34840,35300,35768,36242,36723,37208,37698,38190,38685,39181,39678,40175,40671,41165,41657,42145,42630,43111,43586,44057,44521,44979,45430,45873,46309,46737,47156,47567,47967,48359,48740,49110,49470,49819,50156,50481,50794,51095,51383,51658,51920,52168,52403,52625,52833,53027,53208,53376,53531,53673,53802,53920,54026,54121,54205,54279,54344,54400,54449,54489,54523,54550,54572,54588,54600,54608,54611,54612,54609,54604,54595,54584,54571,54555,54537,54516,54492,54465,54436,54402,54366,54325,54281,54232,54178,54120,54057,53988,53915,53836,53751,53661,53565,53463,53356,53243,53125,53000,52871,52736,52596,52450,52300,52145,51984,51820,51651,51477,51300,51118,50933,50744,50551,50355,50156,49954,49749,49542,49332,49120,48906,48690,48473,48254,48034,47812,47590,47368,47144,46921,46697,46473,46248,_
45462,45241,45019,44798,44577,44356,44135,43914,43693,43472,43250,43029,42807,42585,42362,42140,41916,41693,41469,41245,41020,40796,40571,40346,40121,39897,39672,39449,39225,39003,38781,38561,38341,38123,37906,37690,37476,37264,37053,36844,36637,36432,36228,36026,35826,35628,35431,35236,35043,34851,34660,34470,34282,34095,33908,33723,33538,33353,33168,32984,32799,32614,32429,32243,32055,31867,31677,31485,31292,31096,30899,30699,30496,30291,30083,29872,29659,29443,29223,29002,28777,28551,28322,28091,27858,27624,27389,27153,26917,26681,26447,26213,25981,25752,25526,25303,25084,24870,24661,24458,24262,24072,23890,23716,23550,23393,23245,23107,22978,22860,22752,22654,22567,22490,22424,22368,22322,22286,22260,22244,22236,22238,22248,22265,22291,22323,22362,22407,22458,22514,22575,22640,22709,22782,22858,22937,23019,23103,23189,23278,23369,23462,23556,23653,23751,23850,23952,24055,24159,24265,24373,24482,24593,24704,24817,24930,25044,25159,25273,25388,25501,25614,25725,25835,25943,26047,26149,26248,26343,26433,26520,26601,26678,26749,26816,26877,26932,26982,27027,27067,27103,27133,27160,27184,27204,27222,27237,27252,27266,27281,27296,27314,27334,27357,27385,27419,27458,27504,27559,27621,27694,27776,27869,27975,28092,28222,28366,28524,28697,28884,29087,29305,29539,29789,30055,30336,30633,30946,31274,31617,31974,32345,32730,33127,33537,33957,34388,34829,35279,35736,36201,36672,37148,37628,38111,38597,39085,39574,40062,40550,41036,41520,42001,42478,42951,43420,43883,44340,44791,45235,45671,46100,46521,46934,47337,47731,48115,48489,48853,49206,49547,49877,50195,50500,50793,51073,51340,51593,51833,52059,52272,52470,52655,52827,52985,53130,53262,53381,53488,53584,53669,53743,53807,53862,53908,53947,53978,54002,54021,54034,54042,54046,54047,54044,54038,54029,54018,54005,53989,53972,53952,53930,53907,53880,53851,53820,53785,53747,53705,53659,53610,53556,53497,53433,53365,53291,53212,53127,53037,52941,52839,52732,52619,52501,52377,52248,52113,51974,51829,51679,51525,51365,51202,51034,50861,50685,50505,50321,50133,49942,49748,49551,49350,49147,48942,48734,48524,48312,48098,47883,47666,47449,47230,47010,46790,46569,46348,46127,45905,45684,_
44899,44680,44462,44244,44026,43808,43590,43373,43155,42937,42719,42501,42283,42064,41845,41626,41406,41186,40965,40744,40523,40302,40081,39859,39638,39416,39195,38975,38755,38536,38318,38100,37884,37669,37455,37243,37033,36824,36616,36411,36207,36006,35806,35607,35411,35217,35024,34833,34644,34456,34270,34085,33901,33719,33538,33357,33177,32998,32819,32641,32462,32283,32104,31924,31744,31562,31379,31195,31008,30820,30630,30438,30243,30046,29846,29643,29438,29230,29019,28805,28589,28370,28149,27927,27702,27476,27249,27022,26794,26566,26339,26113,25889,25667,25448,25233,25021,24814,24612,24415,24225,24042,23865,23697,23536,23384,23241,23108,22983,22869,22765,22671,22586,22513,22449,22396,22352,22318,22294,22280,22274,22277,22288,22307,22333,22367,22407,22453,22505,22562,22624,22690,22760,22834,22912,22993,23076,23163,23251,23342,23436,23531,23629,23728,23830,23933,24038,24145,24254,24365,24478,24592,24708,24825,24944,25064,25184,25305,25427,25548,25669,25789,25908,26025,26140,26253,26363,26469,26572,26670,26765,26854,26938,27017,27090,27158,27220,27277,27328,27374,27415,27451,27483,27510,27534,27555,27574,27591,27606,27622,27637,27654,27674,27695,27721,27751,27786,27828,27877,27934,27999,28074,28159,28256,28364,28484,28617,28764,28925,29101,29291,29497,29719,29955,30208,30476,30761,31060,31375,31705,32049,32408,32780,33165,33562,33971,34390,34820,35258,35705,36159,36620,37085,37556,38030,38506,38985,39464,39944,40423,40901,41376,41849,42318,42784,43244,43699,44149,44592,45029,45458,45880,46294,46699,47095,47482,47860,48227,48583,48928,49263,49585,49895,50193,50478,50750,51009,51254,51485,51703,51906,52096,52272,52434,52582,52717,52839,52949,53046,53131,53206,53270,53324,53370,53406,53435,53457,53473,53482,53487,53488,53484,53478,53468,53456,53441,53425,53407,53387,53365,53342,53317,53291,53262,53231,53197,53161,53121,53078,53032,52981,52927,52868,52804,52735,52661,52581,52496,52406,52310,52209,52102,51989,51871,51748,51619,51485,51345,51201,51052,50898,50740,50577,50410,50239,50064,49885,49703,49517,49328,49135,48940,48741,48540,48337,48131,47924,47714,47502,47290,47075,46860,46644,46427,46209,45991,45773,45554,45336,45117,_
44335,44119,43904,43690,43475,43261,43047,42832,42618,42404,42190,41975,41761,41546,41330,41115,40898,40682,40465,40248,40031,39813,39595,39377,39160,38942,38725,38508,38292,38076,37861,37648,37435,37224,37014,36805,36598,36393,36190,35988,35788,35590,35394,35200,35008,34818,34629,34443,34258,34075,33893,33713,33534,33357,33181,33006,32831,32658,32485,32312,32139,31967,31794,31621,31447,31272,31096,30919,30740,30560,30377,30192,30005,29816,29624,29429,29232,29032,28829,28624,28416,28206,27993,27779,27563,27345,27126,26907,26687,26468,26249,26031,25815,25600,25389,25181,24976,24776,24581,24391,24207,24030,23859,23696,23541,23394,23256,23127,23007,22896,22795,22704,22623,22552,22491,22440,22398,22366,22344,22330,22326,22330,22342,22362,22389,22423,22464,22511,22563,22621,22684,22751,22822,22898,22976,23058,23144,23232,23322,23416,23511,23609,23710,23812,23917,24024,24133,24244,24357,24473,24590,24710,24831,24954,25078,25203,25330,25457,25585,25713,25841,25968,26094,26219,26341,26462,26579,26693,26803,26909,27010,27107,27199,27285,27365,27440,27509,27572,27629,27681,27727,27768,27804,27836,27864,27888,27910,27929,27947,27963,27980,27996,28015,28035,28058,28086,28118,28155,28199,28250,28309,28376,28454,28541,28640,28751,28874,29010,29160,29323,29502,29695,29904,30128,30367,30622,30893,31179,31481,31797,32128,32474,32833,33205,33590,33986,34394,34811,35238,35673,36116,36566,37021,37481,37945,38411,38880,39350,39820,40290,40759,41225,41690,42150,42607,43060,43507,43949,44384,44813,45235,45649,46055,46453,46842,47222,47592,47951,48300,48639,48965,49280,49583,49873,50151,50415,50665,50902,51125,51334,51529,51709,51876,52029,52168,52293,52406,52505,52593,52669,52733,52788,52832,52868,52895,52915,52928,52935,52936,52933,52926,52915,52901,52885,52867,52847,52825,52802,52778,52753,52726,52698,52669,52638,52605,52569,52531,52491,52447,52399,52348,52293,52233,52169,52099,52025,51945,51861,51770,51674,51573,51466,51354,51236,51112,50984,50850,50712,50568,50420,50267,50109,49948,49782,49612,49438,49261,49080,48896,48708,48518,48324,48128,47929,47728,47525,47319,47112,46903,46693,46481,46269,46055,45841,45627,45412,45196,44981,44765,44550,_
43770,43559,43347,43136,42925,42715,42504,42294,42083,41873,41663,41452,41241,41030,40819,40607,40395,40182,39970,39757,39543,39329,39116,38902,38688,38474,38261,38048,37836,37624,37413,37204,36995,36788,36582,36377,36174,35973,35774,35576,35381,35187,34995,34805,34618,34432,34248,34066,33886,33707,33530,33355,33182,33010,32839,32669,32500,32333,32165,31999,31832,31666,31500,31333,31166,30998,30830,30659,30488,30315,30140,29963,29784,29602,29418,29232,29042,28851,28656,28459,28260,28058,27854,27648,27440,27231,27021,26810,26598,26387,26176,25966,25758,25551,25348,25147,24950,24757,24568,24385,24207,24036,23871,23714,23564,23422,23289,23164,23048,22941,22843,22755,22677,22608,22549,22500,22460,22430,22408,22396,22392,22397,22409,22430,22457,22492,22533,22580,22633,22691,22754,22822,22894,22971,23050,23134,23220,23310,23402,23498,23596,23696,23799,23905,24012,24123,24236,24351,24468,24588,24710,24834,24960,25088,25218,25349,25481,25615,25749,25883,26017,26151,26284,26415,26545,26672,26796,26917,27034,27148,27256,27360,27458,27551,27638,27719,27795,27864,27927,27985,28036,28082,28123,28160,28191,28219,28244,28265,28285,28303,28320,28337,28355,28374,28396,28420,28449,28482,28521,28567,28619,28680,28750,28830,28920,29021,29134,29259,29397,29550,29716,29897,30093,30303,30530,30772,31029,31301,31589,31892,32210,32542,32888,33247,33619,34003,34398,34803,35218,35641,36072,36510,36954,37403,37856,38312,38771,39231,39691,40151,40610,41068,41523,41974,42423,42866,43305,43738,44166,44587,45000,45407,45805,46196,46577,46949,47312,47664,48006,48336,48656,48963,49258,49541,49810,50067,50309,50538,50753,50953,51139,51311,51469,51613,51742,51858,51961,52052,52130,52196,52251,52296,52331,52358,52376,52387,52391,52389,52383,52372,52357,52339,52319,52297,52273,52247,52221,52193,52165,52136,52106,52075,52043,52009,51974,51937,51898,51856,51811,51762,51710,51654,51594,51529,51460,51385,51305,51220,51130,51034,50933,50826,50713,50596,50473,50345,50212,50073,49930,49783,49631,49474,49314,49149,48981,48809,48633,48454,48271,48085,47897,47706,47511,47315,47116,46915,46712,46508,46302,46094,45886,45676,45465,45254,45043,44831,44619,44406,44194,43982,_
43207,42999,42792,42585,42378,42171,41964,41758,41551,41345,41139,40932,40726,40519,40312,40104,39896,39688,39480,39271,39062,38852,38643,38433,38223,38014,37805,37596,37388,37181,36975,36769,36565,36362,36160,35960,35762,35565,35370,35177,34986,34797,34609,34424,34241,34060,33881,33704,33528,33355,33183,33013,32845,32678,32513,32349,32186,32024,31863,31702,31542,31382,31223,31063,30902,30742,30580,30417,30253,30087,29920,29750,29579,29405,29229,29051,28870,28687,28500,28312,28121,27928,27732,27535,27335,27135,26933,26730,26527,26324,26122,25920,25720,25521,25325,25132,24942,24756,24574,24398,24227,24061,23903,23751,23606,23469,23340,23219,23107,23003,22909,22824,22748,22681,22624,22576,22538,22508,22488,22476,22472,22477,22490,22511,22538,22573,22614,22661,22714,22772,22836,22904,22977,23054,23134,23219,23306,23397,23492,23589,23689,23791,23897,24005,24116,24230,24346,24464,24586,24710,24836,24964,25095,25228,25363,25499,25637,25776,25916,26056,26197,26336,26475,26613,26749,26883,27014,27141,27265,27385,27500,27610,27715,27814,27908,27995,28077,28152,28221,28284,28341,28392,28438,28478,28514,28545,28573,28597,28618,28638,28656,28673,28691,28709,28729,28752,28778,28807,28842,28882,28929,28984,29046,29118,29199,29291,29394,29509,29637,29777,29932,30101,30284,30482,30695,30923,31167,31426,31700,31990,32294,32612,32945,33290,33649,34019,34401,34794,35196,35607,36026,36453,36885,37322,37764,38209,38657,39106,39556,40006,40455,40903,41348,41791,42230,42664,43094,43519,43938,44350,44756,45154,45544,45927,46300,46665,47020,47364,47699,48022,48334,48634,48921,49196,49458,49706,49941,50162,50368,50561,50738,50902,51051,51186,51306,51414,51507,51588,51657,51714,51760,51796,51822,51840,51849,51851,51847,51838,51823,51805,51783,51759,51732,51704,51674,51643,51612,51580,51548,51515,51482,51448,51414,51378,51341,51302,51261,51218,51172,51123,51070,51013,50952,50887,50817,50742,50662,50577,50486,50390,50289,50182,50070,49953,49830,49702,49569,49432,49289,49143,48992,48836,48677,48513,48346,48176,48001,47824,47643,47460,47273,47084,46892,46698,46502,46304,46104,45902,45699,45494,45289,45082,44875,44667,44458,44250,44041,43833,43624,43416,_
42646,42442,42239,42036,41833,41630,41428,41225,41023,40821,40619,40417,40215,40013,39810,39607,39404,39200,38996,38792,38587,38382,38177,37972,37767,37562,37358,37154,36951,36748,36546,36345,36146,35947,35751,35555,35361,35169,34979,34791,34604,34420,34238,34058,33879,33703,33529,33357,33187,33019,32852,32688,32525,32364,32204,32046,31889,31733,31578,31423,31270,31116,30963,30810,30657,30503,30348,30192,30035,29877,29717,29556,29392,29227,29059,28888,28716,28540,28363,28183,28000,27815,27628,27439,27249,27057,26864,26670,26475,26280,26086,25893,25700,25510,25321,25136,24953,24775,24600,24430,24265,24106,23953,23806,23666,23534,23409,23292,23184,23083,22992,22909,22836,22771,22715,22668,22631,22602,22582,22570,22567,22572,22584,22605,22632,22666,22707,22754,22806,22865,22928,22996,23069,23146,23228,23313,23402,23494,23589,23688,23790,23895,24003,24114,24227,24344,24463,24585,24710,24838,24968,25101,25236,25374,25513,25654,25797,25942,26087,26232,26378,26523,26668,26812,26954,27093,27230,27364,27494,27619,27741,27857,27968,28073,28173,28266,28353,28434,28508,28577,28639,28695,28745,28789,28829,28864,28894,28921,28945,28966,28986,29004,29021,29039,29058,29078,29101,29128,29159,29194,29236,29284,29340,29404,29477,29560,29653,29758,29875,30005,30148,30304,30475,30660,30860,31076,31306,31551,31812,32088,32378,32683,33001,33334,33679,34036,34405,34784,35174,35572,35979,36393,36813,37239,37669,38103,38539,38977,39416,39856,40294,40732,41167,41600,42029,42454,42875,43290,43700,44104,44501,44891,45273,45647,46013,46369,46717,47054,47380,47696,48000,48292,48572,48840,49094,49335,49562,49774,49973,50157,50327,50482,50622,50749,50861,50959,51044,51117,51176,51225,51262,51289,51306,51315,51316,51310,51298,51281,51259,51234,51205,51174,51141,51107,51072,51037,51001,50965,50929,50893,50857,50820,50783,50745,50706,50665,50623,50578,50531,50481,50428,50370,50309,50243,50173,50098,50017,49932,49841,49745,49643,49537,49425,49307,49185,49057,48925,48788,48646,48500,48350,48196,48037,47875,47710,47541,47368,47193,47014,46832,46648,46461,46272,46081,45887,45692,45494,45296,45095,44894,44692,44488,44284,44080,43875,43670,43465,43260,43055,42851,_
42089,41889,41689,41490,41292,41094,40896,40698,40500,40303,40106,39908,39710,39513,39315,39116,38918,38719,38520,38320,38120,37920,37720,37520,37320,37120,36921,36722,36523,36326,36129,35933,35738,35545,35353,35163,34974,34787,34602,34419,34238,34058,33881,33706,33533,33362,33194,33027,32862,32699,32539,32380,32223,32067,31913,31761,31610,31460,31311,31163,31016,30869,30723,30576,30430,30283,30135,29987,29837,29686,29534,29380,29225,29067,28907,28745,28580,28413,28244,28072,27898,27722,27544,27364,27182,26998,26814,26628,26442,26256,26070,25885,25701,25518,25338,25160,24984,24813,24645,24482,24323,24170,24022,23881,23746,23618,23497,23384,23279,23182,23093,23012,22940,22877,22823,22777,22740,22711,22691,22679,22676,22680,22692,22712,22738,22772,22812,22858,22910,22968,23031,23099,23172,23249,23331,23416,23506,23599,23696,23796,23899,24006,24116,24229,24346,24465,24587,24713,24841,24972,25106,25243,25382,25524,25668,25813,25961,26110,26260,26410,26561,26711,26861,27010,27157,27302,27444,27583,27719,27850,27977,28099,28216,28326,28431,28530,28623,28709,28788,28861,28928,28988,29043,29092,29135,29173,29207,29237,29263,29286,29306,29325,29343,29361,29378,29397,29418,29442,29469,29500,29537,29579,29628,29685,29751,29825,29910,30005,30112,30230,30362,30507,30665,30838,31026,31228,31445,31677,31924,32186,32462,32753,33058,33377,33708,34052,34407,34774,35150,35536,35930,36331,36739,37152,37570,37992,38417,38844,39272,39700,40128,40555,40979,41402,41821,42236,42647,43053,43454,43849,44237,44618,44992,45358,45715,46064,46403,46732,47051,47359,47655,47940,48213,48472,48719,48952,49171,49376,49567,49743,49905,50052,50184,50302,50406,50496,50573,50637,50688,50728,50757,50776,50785,50786,50779,50765,50745,50721,50692,50660,50625,50587,50549,50509,50469,50429,50389,50349,50309,50270,50231,50191,50152,50112,50071,50029,49985,49939,49891,49840,49785,49727,49665,49599,49528,49452,49372,49286,49195,49099,48997,48890,48778,48661,48539,48412,48280,48143,48002,47857,47708,47554,47397,47236,47072,46905,46734,46560,46384,46205,46023,45838,45652,45463,45272,45080,44885,44690,44493,44295,44096,43896,43695,43495,43294,43092,42891,42690,42489,42289,_
41535,41340,41145,40950,40756,40563,40369,40176,39983,39791,39598,39406,39213,39020,38827,38634,38440,38246,38052,37858,37663,37468,37273,37078,36883,36689,36494,36301,36108,35915,35724,35533,35344,35156,34969,34784,34601,34419,34240,34062,33886,33713,33541,33371,33204,33039,32875,32714,32555,32398,32243,32090,31939,31789,31642,31495,31350,31207,31064,30923,30782,30642,30502,30362,30222,30083,29942,29801,29659,29516,29371,29225,29077,28927,28775,28621,28465,28306,28145,27982,27817,27649,27479,27308,27134,26960,26784,26607,26430,26252,26074,25897,25721,25547,25374,25204,25036,24871,24710,24553,24401,24253,24111,23975,23845,23721,23604,23495,23393,23298,23211,23133,23062,23000,22947,22901,22864,22836,22815,22803,22799,22802,22813,22832,22857,22889,22928,22973,23025,23081,23144,23211,23284,23361,23443,23529,23619,23713,23810,23912,24017,24125,24237,24353,24471,24593,24718,24846,24978,25112,25250,25390,25533,25678,25826,25976,26127,26280,26434,26589,26744,26899,27054,27207,27359,27508,27656,27800,27940,28076,28208,28335,28456,28572,28682,28786,28883,28974,29058,29136,29207,29272,29331,29383,29430,29472,29509,29541,29570,29595,29617,29637,29655,29672,29689,29707,29726,29747,29770,29798,29830,29867,29910,29960,30018,30085,30161,30247,30344,30452,30573,30706,30853,31014,31189,31378,31582,31801,32034,32283,32546,32823,33114,33419,33737,34067,34409,34762,35125,35498,35878,36267,36662,37063,37469,37878,38291,38706,39122,39539,39956,40372,40786,41198,41607,42012,42413,42809,43200,43586,43965,44337,44702,45059,45408,45749,46080,46401,46712,47012,47301,47578,47843,48095,48334,48560,48771,48969,49152,49321,49474,49614,49738,49848,49944,50026,50095,50151,50194,50226,50247,50257,50259,50252,50237,50216,50190,50158,50123,50084,50043,50000,49956,49911,49867,49822,49778,49734,49691,49648,49606,49564,49522,49480,49437,49393,49348,49301,49252,49199,49144,49085,49023,48956,48884,48808,48727,48641,48549,48453,48351,48244,48132,48015,47893,47766,47635,47499,47358,47214,47065,46913,46757,46598,46435,46270,46101,45929,45755,45578,45398,45216,45032,44846,44659,44469,44278,44086,43892,43697,43502,43306,43109,42912,42715,42518,42321,42124,41927,41731,_
40987,40796,40606,40416,40227,40038,39850,39662,39474,39286,39099,38911,38724,38536,38348,38160,37972,37783,37594,37405,37216,37026,36837,36647,36458,36269,36080,35892,35704,35517,35332,35147,34963,34781,34600,34421,34243,34067,33893,33721,33551,33383,33218,33054,32892,32733,32575,32420,32267,32116,31967,31820,31675,31532,31390,31250,31111,30974,30838,30703,30568,30435,30302,30169,30036,29903,29770,29636,29501,29366,29229,29090,28950,28808,28664,28518,28370,28220,28067,27913,27756,27597,27436,27273,27108,26942,26775,26607,26438,26269,26099,25931,25763,25596,25431,25268,25107,24950,24796,24645,24499,24357,24220,24089,23963,23843,23730,23624,23525,23432,23348,23271,23202,23140,23087,23042,23005,22976,22955,22941,22936,22938,22948,22965,22988,23019,23057,23100,23150,23206,23267,23334,23406,23482,23564,23650,23740,23835,23933,24035,24142,24252,24365,24482,24603,24727,24855,24986,25120,25257,25398,25541,25687,25836,25987,26140,26295,26452,26610,26768,26927,27086,27244,27402,27558,27711,27863,28011,28155,28296,28432,28563,28689,28809,28924,29032,29134,29229,29317,29399,29475,29544,29606,29663,29713,29758,29798,29833,29864,29891,29914,29935,29954,29972,29988,30005,30022,30041,30062,30086,30113,30146,30183,30227,30279,30338,30405,30483,30570,30669,30779,30902,31037,31186,31349,31526,31717,31923,32143,32378,32628,32892,33170,33461,33765,34082,34410,34749,35099,35458,35826,36201,36583,36972,37365,37762,38162,38565,38970,39375,39780,40185,40588,40988,41386,41781,42172,42558,42940,43315,43685,44048,44404,44753,45093,45425,45748,46061,46364,46656,46937,47207,47464,47709,47941,48159,48363,48553,48729,48890,49036,49168,49285,49387,49476,49550,49611,49659,49695,49719,49733,49736,49730,49716,49694,49667,49633,49595,49553,49509,49462,49414,49365,49315,49266,49217,49169,49121,49075,49029,48984,48940,48896,48851,48807,48761,48715,48666,48615,48562,48506,48446,48383,48315,48243,48166,48084,47998,47906,47809,47707,47600,47488,47371,47249,47123,46991,46856,46716,46573,46425,46274,46119,45961,45800,45636,45469,45300,45127,44953,44776,44597,44416,44233,44048,43861,43674,43485,43295,43104,42912,42720,42527,42334,42141,41948,41755,41563,41370,41179,_
40446,40260,40075,39890,39706,39522,39339,39156,38973,38791,38608,38426,38244,38062,37879,37697,37514,37331,37147,36964,36780,36596,36412,36229,36045,35862,35679,35496,35315,35134,34954,34775,34597,34421,34246,34073,33901,33731,33564,33398,33234,33072,32912,32755,32599,32446,32295,32146,31999,31854,31711,31570,31431,31294,31159,31025,30893,30762,30633,30504,30377,30250,30124,29998,29872,29746,29620,29493,29366,29237,29108,28977,28845,28711,28575,28437,28297,28155,28011,27865,27716,27566,27413,27259,27103,26946,26787,26627,26467,26306,26146,25985,25825,25666,25509,25353,25200,25049,24901,24757,24617,24480,24349,24222,24101,23985,23875,23772,23675,23585,23502,23426,23358,23297,23244,23199,23161,23131,23109,23094,23087,23088,23096,23111,23133,23161,23197,23239,23287,23341,23401,23467,23537,23613,23694,23780,23870,23965,24064,24167,24274,24385,24500,24619,24741,24867,24997,25130,25267,25407,25550,25696,25845,25996,26150,26307,26465,26624,26785,26947,27109,27271,27433,27593,27753,27910,28064,28216,28364,28508,28648,28783,28913,29037,29155,29267,29373,29472,29565,29650,29730,29802,29869,29929,29982,30031,30073,30111,30144,30173,30198,30220,30240,30258,30274,30290,30306,30323,30341,30362,30386,30414,30447,30485,30530,30582,30642,30711,30790,30879,30980,31092,31216,31354,31505,31670,31849,32042,32250,32472,32709,32959,33223,33501,33792,34095,34410,34736,35072,35418,35772,36134,36503,36879,37259,37644,38031,38422,38814,39207,39601,39994,40385,40775,41162,41546,41926,42302,42673,43039,43399,43753,44100,44439,44771,45094,45409,45714,46008,46293,46566,46828,47078,47315,47539,47750,47947,48130,48298,48452,48591,48716,48826,48921,49002,49069,49123,49164,49193,49210,49216,49213,49200,49179,49151,49117,49077,49033,48986,48936,48883,48830,48776,48722,48669,48616,48564,48513,48463,48415,48367,48320,48274,48228,48181,48134,48086,48036,47984,47929,47872,47811,47747,47678,47606,47528,47446,47359,47267,47169,47067,46960,46848,46731,46609,46482,46352,46217,46078,45935,45788,45638,45485,45328,45169,45006,44841,44674,44504,44332,44157,43981,43803,43623,43441,43258,43074,42888,42702,42515,42327,42139,41950,41761,41573,41384,41196,41008,40820,40633,_
39914,39733,39553,39373,39194,39015,38837,38660,38483,38305,38129,37952,37775,37598,37422,37245,37067,36890,36712,36535,36357,36179,36001,35823,35646,35468,35292,35115,34940,34765,34591,34419,34247,34077,33909,33742,33576,33413,33252,33092,32934,32779,32626,32475,32325,32179,32034,31891,31751,31612,31476,31342,31209,31079,30950,30823,30697,30573,30450,30328,30207,30087,29968,29849,29730,29611,29492,29373,29253,29132,29010,28887,28762,28636,28508,28378,28246,28113,27977,27839,27699,27557,27413,27268,27120,26971,26821,26670,26519,26366,26214,26061,25909,25758,25608,25460,25314,25170,25028,24890,24755,24624,24497,24375,24258,24146,24039,23939,23844,23756,23674,23599,23532,23471,23418,23372,23333,23302,23278,23262,23253,23251,23257,23270,23289,23316,23349,23389,23435,23487,23545,23609,23678,23753,23833,23918,24008,24103,24202,24305,24413,24525,24641,24761,24885,25013,25144,25279,25418,25560,25705,25854,26005,26159,26315,26474,26634,26797,26960,27124,27289,27454,27618,27781,27943,28103,28260,28415,28566,28713,28856,28994,29127,29254,29376,29491,29600,29703,29799,29888,29971,30047,30116,30180,30237,30288,30333,30374,30409,30440,30467,30490,30511,30529,30546,30561,30576,30592,30608,30626,30647,30670,30699,30732,30771,30816,30869,30931,31002,31082,31173,31276,31390,31517,31657,31810,31978,32159,32354,32564,32787,33025,33276,33540,33818,34108,34409,34721,35044,35377,35718,36067,36423,36785,37152,37524,37899,38277,38657,39038,39419,39800,40180,40558,40934,41307,41677,42042,42403,42759,43109,43453,43790,44121,44443,44758,45064,45360,45647,45924,46189,46444,46686,46916,47133,47336,47526,47702,47863,48010,48142,48260,48363,48451,48525,48586,48633,48667,48689,48699,48699,48689,48670,48643,48609,48569,48524,48474,48422,48366,48309,48251,48193,48135,48077,48021,47965,47911,47859,47807,47757,47708,47659,47611,47562,47514,47464,47412,47359,47303,47245,47183,47117,47048,46974,46896,46813,46725,46633,46535,46432,46325,46212,46095,45973,45847,45717,45582,45444,45301,45156,45007,44855,44700,44542,44381,44218,44053,43885,43715,43544,43370,43195,43018,42840,42660,42479,42298,42115,41932,41748,41564,41380,41196,41011,40827,40644,40460,40278,40096,_
39391,39216,39041,38866,38693,38520,38347,38175,38003,37832,37661,37490,37319,37148,36977,36805,36634,36463,36291,36119,35948,35776,35604,35433,35261,35090,34920,34750,34581,34412,34245,34079,33914,33751,33589,33428,33270,33113,32958,32805,32654,32506,32359,32215,32072,31932,31794,31658,31524,31393,31263,31135,31009,30885,30763,30643,30524,30406,30290,30175,30061,29948,29835,29723,29612,29500,29388,29276,29163,29050,28935,28820,28703,28584,28464,28343,28219,28093,27966,27836,27705,27571,27436,27299,27160,27020,26878,26736,26592,26448,26304,26160,26015,25872,25729,25588,25449,25311,25176,25043,24914,24788,24666,24548,24434,24326,24222,24124,24031,23945,23864,23790,23722,23662,23608,23561,23521,23488,23462,23444,23433,23429,23432,23442,23459,23482,23513,23550,23594,23644,23700,23761,23829,23902,23981,24065,24154,24248,24347,24451,24559,24671,24788,24909,25034,25163,25296,25433,25573,25717,25864,26014,26167,26323,26481,26642,26804,26968,27134,27300,27466,27633,27799,27964,28128,28290,28450,28606,28759,28909,29054,29195,29330,29460,29584,29702,29814,29920,30019,30111,30197,30276,30349,30415,30475,30529,30577,30620,30658,30691,30720,30744,30766,30785,30802,30817,30831,30845,30860,30876,30894,30914,30938,30967,31000,31040,31087,31141,31204,31277,31359,31453,31557,31674,31804,31946,32102,32272,32455,32653,32864,33089,33327,33579,33843,34120,34408,34707,35017,35336,35663,35999,36342,36691,37045,37404,37766,38132,38499,38868,39237,39605,39973,40340,40704,41066,41425,41779,42130,42475,42815,43150,43477,43798,44112,44418,44715,45003,45282,45550,45808,46055,46289,46512,46722,46918,47101,47270,47424,47564,47690,47801,47897,47979,48047,48101,48142,48170,48186,48190,48184,48168,48143,48111,48071,48026,47975,47921,47863,47803,47742,47679,47617,47555,47494,47434,47375,47318,47262,47208,47156,47104,47053,47003,46952,46902,46850,46797,46742,46685,46625,46562,46496,46425,46350,46271,46188,46099,46006,45907,45804,45696,45584,45466,45344,45218,45088,44954,44816,44675,44530,44382,44231,44078,43921,43763,43602,43438,43273,43106,42937,42766,42594,42420,42245,42069,41892,41715,41536,41357,41177,40998,40818,40638,40459,40280,40101,39922,39745,39568,_
38880,38710,38540,38371,38203,38036,37869,37703,37537,37371,37206,37041,36876,36711,36546,36381,36215,36050,35885,35719,35554,35388,35223,35058,34893,34728,34564,34401,34238,34077,33916,33757,33599,33442,33287,33134,32982,32832,32684,32538,32394,32253,32113,31975,31840,31707,31576,31447,31320,31195,31072,30951,30832,30715,30600,30486,30374,30264,30154,30046,29939,29833,29727,29622,29517,29413,29308,29203,29098,28992,28885,28777,28667,28557,28445,28331,28215,28098,27979,27857,27734,27609,27482,27354,27223,27092,26958,26824,26689,26553,26417,26280,26144,26008,25872,25738,25605,25474,25345,25218,25094,24972,24855,24741,24631,24525,24424,24328,24237,24152,24072,23998,23930,23869,23814,23766,23724,23689,23662,23641,23627,23620,23620,23627,23641,23661,23689,23723,23764,23811,23864,23924,23989,24061,24138,24220,24308,24401,24500,24603,24711,24824,24941,25062,25188,25318,25452,25590,25731,25876,26024,26176,26330,26487,26647,26809,26973,27138,27305,27472,27640,27808,27976,28142,28307,28471,28631,28790,28944,29095,29242,29385,29522,29654,29781,29901,30015,30123,30225,30320,30409,30490,30566,30635,30697,30754,30805,30850,30890,30925,30955,30982,31005,31024,31042,31057,31071,31084,31097,31111,31127,31144,31165,31189,31218,31253,31294,31342,31398,31463,31538,31622,31718,31826,31945,32078,32223,32381,32554,32739,32939,33151,33377,33616,33868,34132,34407,34693,34990,35295,35610,35933,36262,36598,36939,37285,37635,37987,38342,38698,39054,39411,39767,40122,40474,40825,41172,41516,41855,42190,42520,42845,43163,43474,43779,44076,44364,44644,44914,45175,45425,45663,45891,46106,46308,46498,46674,46836,46984,47117,47237,47341,47431,47507,47569,47617,47652,47674,47685,47683,47672,47651,47621,47583,47539,47488,47433,47374,47312,47248,47183,47116,47050,46985,46920,46857,46795,46735,46677,46620,46565,46511,46458,46405,46353,46300,46247,46192,46136,46077,46016,45951,45884,45812,45736,45656,45571,45482,45387,45289,45185,45076,44963,44846,44724,44598,44468,44334,44197,44056,43912,43766,43616,43464,43309,43152,42993,42832,42669,42505,42338,42171,42002,41831,41660,41487,41314,41140,40966,40791,40616,40441,40266,40091,39916,39742,39568,39395,39223,39051,_
38381,38216,38053,37890,37727,37566,37405,37244,37085,36925,36766,36607,36448,36289,36130,35971,35812,35653,35494,35335,35176,35017,34858,34699,34541,34383,34226,34070,33914,33759,33606,33453,33302,33153,33005,32858,32714,32571,32431,32292,32155,32021,31888,31758,31630,31504,31380,31258,31138,31020,30905,30791,30679,30569,30461,30354,30249,30145,30043,29942,29841,29742,29644,29546,29448,29350,29253,29155,29057,28958,28859,28759,28657,28554,28450,28344,28236,28127,28016,27903,27788,27671,27553,27432,27310,27187,27062,26936,26809,26681,26552,26423,26294,26166,26037,25910,25783,25658,25534,25413,25294,25177,25064,24953,24846,24744,24645,24551,24461,24377,24297,24223,24155,24093,24037,23987,23943,23906,23876,23852,23835,23825,23822,23825,23835,23853,23877,23907,23945,23989,24039,24096,24159,24228,24303,24384,24470,24562,24660,24762,24869,24982,25099,25221,25347,25477,25611,25750,25892,26038,26187,26339,26494,26653,26813,26976,27140,27306,27474,27642,27810,27979,28147,28314,28480,28644,28806,28965,29120,29272,29420,29564,29703,29836,29964,30086,30203,30313,30416,30514,30604,30689,30766,30838,30903,30962,31015,31063,31105,31142,31174,31202,31226,31247,31265,31281,31295,31307,31320,31332,31346,31361,31378,31399,31424,31454,31490,31533,31582,31641,31708,31785,31873,31971,32082,32204,32340,32488,32649,32824,33012,33213,33427,33654,33893,34145,34407,34681,34964,35257,35559,35868,36185,36507,36835,37168,37505,37844,38186,38530,38874,39218,39562,39905,40246,40585,40921,41253,41582,41907,42226,42540,42849,43151,43446,43734,44013,44284,44546,44799,45041,45272,45492,45700,45895,46078,46247,46402,46544,46671,46784,46883,46967,47038,47094,47136,47166,47183,47188,47182,47166,47140,47105,47063,47014,46959,46900,46837,46771,46703,46634,46564,46495,46426,46359,46292,46228,46165,46104,46045,45987,45931,45875,45821,45766,45712,45656,45600,45542,45481,45418,45352,45283,45210,45133,45051,44966,44875,44780,44680,44576,44467,44353,44236,44114,43988,43858,43724,43588,43448,43305,43159,43010,42860,42707,42552,42395,42236,42075,41913,41750,41585,41419,41252,41084,40916,40746,40577,40406,40236,40065,39895,39725,39555,39385,39216,39047,38880,38713,38546,_
37896,37738,37580,37423,37266,37111,36956,36802,36648,36495,36341,36189,36036,35883,35731,35578,35426,35273,35121,34968,34816,34663,34511,34359,34208,34057,33907,33757,33609,33461,33314,33169,33026,32883,32743,32604,32467,32331,32198,32067,31938,31811,31686,31563,31442,31323,31207,31092,30980,30870,30761,30655,30550,30447,30346,30247,30148,30052,29957,29862,29769,29677,29585,29495,29404,29314,29223,29133,29042,28951,28859,28766,28672,28576,28480,28382,28282,28181,28078,27973,27866,27758,27647,27535,27421,27306,27189,27071,26952,26832,26711,26590,26468,26346,26224,26103,25983,25863,25745,25629,25514,25402,25292,25185,25082,24981,24885,24792,24703,24619,24540,24466,24397,24334,24276,24224,24178,24138,24105,24078,24058,24044,24037,24037,24043,24056,24077,24104,24137,24178,24225,24278,24338,24405,24477,24556,24640,24730,24826,24928,25034,25146,25262,25384,25509,25640,25774,25913,26055,26201,26351,26503,26659,26817,26978,27141,27306,27472,27640,27808,27976,28145,28313,28480,28646,28810,28972,29131,29287,29440,29588,29732,29872,30006,30135,30259,30376,30488,30593,30692,30785,30871,30951,31025,31092,31153,31209,31258,31303,31342,31376,31405,31431,31453,31472,31488,31502,31515,31526,31538,31550,31563,31578,31596,31618,31644,31675,31713,31757,31809,31870,31940,32020,32111,32213,32327,32453,32592,32743,32907,33084,33274,33477,33692,33920,34159,34409,34670,34941,35221,35510,35807,36110,36420,36735,37055,37379,37705,38035,38365,38697,39029,39361,39691,40021,40348,40672,40994,41312,41625,41935,42239,42537,42829,43115,43394,43665,43927,44181,44425,44659,44883,45095,45296,45484,45660,45823,45972,46107,46229,46336,46429,46508,46573,46624,46661,46686,46698,46699,46688,46667,46637,46598,46552,46499,46441,46378,46311,46242,46171,46099,46026,45953,45882,45811,45742,45675,45609,45546,45484,45424,45365,45308,45251,45194,45138,45080,45022,44962,44899,44835,44767,44696,44621,44543,44460,44373,44281,44185,44085,43979,43870,43756,43637,43515,43389,43259,43126,42990,42851,42708,42564,42417,42267,42116,41963,41808,41651,41493,41334,41173,41011,40849,40685,40521,40356,40191,40025,39859,39693,39527,39362,39196,39031,38867,38703,38540,38378,38217,38056,_
37427,37275,37123,36972,36822,36673,36524,36376,36228,36081,35935,35788,35642,35496,35350,35204,35058,34912,34766,34620,34474,34328,34183,34038,33894,33750,33607,33464,33323,33183,33044,32906,32769,32635,32502,32370,32241,32113,31988,31864,31743,31623,31506,31391,31278,31167,31058,30951,30846,30743,30642,30543,30446,30350,30256,30164,30073,29984,29896,29809,29723,29638,29553,29469,29386,29303,29220,29136,29053,28969,28884,28799,28712,28625,28536,28446,28354,28260,28165,28068,27969,27869,27767,27663,27557,27450,27341,27231,27119,27006,26893,26779,26664,26549,26434,26319,26204,26090,25977,25866,25755,25647,25541,25437,25336,25238,25143,25051,24964,24880,24801,24726,24656,24591,24531,24477,24429,24386,24349,24319,24295,24277,24266,24261,24264,24273,24289,24311,24341,24377,24421,24470,24527,24590,24660,24736,24818,24906,25000,25100,25205,25315,25431,25551,25676,25806,25940,26079,26221,26367,26516,26668,26824,26982,27142,27305,27469,27635,27802,27970,28138,28306,28473,28640,28805,28969,29130,29289,29445,29597,29745,29890,30029,30164,30294,30418,30536,30649,30755,30856,30950,31038,31120,31196,31265,31328,31386,31437,31484,31525,31561,31592,31619,31642,31662,31679,31694,31707,31718,31729,31740,31752,31765,31781,31800,31823,31850,31883,31923,31970,32025,32089,32162,32246,32340,32446,32563,32693,32835,32989,33156,33336,33528,33732,33948,34176,34414,34663,34922,35190,35466,35750,36040,36337,36640,36947,37258,37572,37888,38206,38526,38845,39165,39483,39801,40116,40429,40739,41046,41349,41648,41942,42230,42513,42789,43058,43320,43574,43819,44056,44282,44498,44703,44896,45078,45247,45404,45547,45676,45792,45893,45981,46055,46114,46161,46194,46214,46222,46218,46204,46179,46145,46103,46053,45997,45936,45870,45800,45728,45654,45578,45503,45428,45353,45280,45209,45139,45071,45005,44941,44878,44817,44757,44698,44639,44580,44521,44460,44398,44334,44267,44197,44125,44048,43968,43884,43795,43702,43605,43503,43397,43287,43172,43053,42931,42804,42675,42542,42406,42267,42126,41982,41836,41688,41538,41387,41234,41079,40924,40767,40609,40451,40291,40131,39971,39810,39648,39487,39326,39164,39003,38843,38682,38523,38364,38205,38048,37891,37736,37581,_
36976,36829,36683,36539,36395,36252,36110,35968,35827,35686,35546,35406,35266,35127,34987,34848,34709,34569,34430,34291,34152,34014,33875,33737,33600,33463,33327,33192,33058,32925,32794,32663,32535,32408,32282,32159,32037,31917,31800,31684,31570,31459,31349,31242,31137,31034,30933,30834,30736,30641,30548,30457,30367,30279,30192,30107,30024,29942,29861,29781,29702,29624,29547,29471,29394,29318,29242,29166,29090,29013,28936,28858,28779,28699,28618,28535,28451,28365,28278,28189,28098,28006,27911,27815,27717,27618,27516,27414,27310,27204,27098,26991,26882,26774,26665,26556,26447,26338,26230,26123,26017,25912,25809,25708,25609,25513,25419,25329,25242,25158,25078,25003,24931,24865,24803,24746,24695,24649,24608,24574,24546,24524,24508,24499,24497,24501,24513,24531,24556,24588,24627,24673,24726,24785,24851,24924,25003,25089,25180,25278,25381,25490,25604,25723,25847,25976,26109,26247,26388,26533,26682,26834,26988,27146,27305,27467,27631,27796,27961,28128,28295,28462,28628,28794,28958,29120,29280,29438,29593,29745,29892,30036,30176,30310,30440,30564,30683,30797,30904,31006,31101,31190,31274,31351,31422,31487,31547,31600,31648,31691,31729,31762,31791,31816,31837,31855,31871,31884,31896,31906,31917,31928,31940,31954,31970,31991,32015,32045,32080,32123,32173,32231,32299,32376,32464,32562,32672,32793,32926,33072,33229,33399,33581,33775,33980,34196,34423,34661,34907,35163,35427,35699,35977,36261,36551,36845,37144,37445,37749,38054,38361,38669,38976,39282,39588,39892,40193,40492,40788,41080,41368,41652,41930,42203,42470,42730,42983,43228,43465,43693,43912,44120,44318,44504,44679,44842,44992,45129,45253,45363,45459,45542,45611,45666,45708,45737,45753,45757,45750,45732,45704,45667,45621,45569,45510,45446,45377,45305,45230,45153,45076,44998,44921,44844,44768,44694,44622,44552,44483,44417,44352,44289,44226,44165,44103,44042,43980,43917,43853,43786,43717,43646,43571,43492,43410,43324,43234,43140,43041,42938,42831,42719,42604,42485,42362,42235,42105,41973,41837,41699,41558,41415,41270,41124,40975,40826,40675,40523,40369,40215,40060,39905,39749,39592,39436,39279,39121,38964,38808,38651,38495,38339,38184,38030,37876,37724,37572,37421,37272,37123,_
36542,36402,36263,36124,35987,35851,35715,35580,35445,35311,35178,35044,34911,34778,34646,34513,34380,34248,34115,33983,33851,33720,33588,33458,33327,33198,33069,32942,32815,32690,32566,32443,32322,32203,32085,31970,31856,31744,31635,31527,31421,31318,31217,31117,31020,30925,30832,30741,30652,30565,30479,30395,30313,30233,30154,30077,30001,29926,29852,29780,29708,29638,29568,29498,29429,29360,29292,29223,29154,29085,29015,28944,28872,28800,28726,28651,28575,28497,28417,28336,28252,28168,28081,27992,27902,27810,27716,27621,27524,27426,27326,27225,27124,27021,26918,26814,26711,26607,26503,26400,26298,26197,26096,25998,25901,25806,25714,25624,25537,25453,25373,25296,25223,25154,25090,25030,24976,24926,24882,24844,24811,24785,24764,24751,24743,24743,24749,24762,24782,24810,24844,24886,24934,24990,25052,25121,25197,25279,25368,25463,25564,25671,25783,25900,26023,26150,26282,26418,26558,26702,26849,26999,27153,27309,27467,27628,27790,27953,28117,28282,28447,28613,28777,28941,29104,29264,29423,29579,29733,29883,30030,30173,30311,30445,30575,30699,30818,30932,31039,31142,31238,31329,31413,31492,31565,31631,31693,31748,31798,31843,31883,31918,31948,31975,31997,32017,32033,32047,32059,32070,32081,32091,32103,32115,32130,32149,32171,32198,32230,32269,32315,32368,32431,32503,32584,32676,32779,32893,33018,33155,33304,33465,33637,33821,34016,34222,34438,34664,34899,35143,35395,35655,35921,36193,36470,36752,37038,37327,37618,37912,38206,38501,38796,39091,39385,39677,39967,40255,40540,40821,41099,41372,41640,41903,42161,42412,42656,42892,43121,43341,43551,43752,43943,44122,44291,44447,44591,44722,44840,44945,45036,45114,45179,45230,45267,45293,45305,45306,45296,45275,45244,45204,45156,45101,45040,44974,44903,44828,44752,44673,44593,44513,44434,44355,44277,44201,44127,44054,43983,43915,43847,43781,43716,43652,43588,43524,43460,43394,43328,43259,43187,43113,43036,42956,42872,42784,42692,42596,42495,42391,42282,42170,42054,41934,41810,41683,41553,41421,41285,41147,41007,40865,40722,40576,40430,40282,40132,39983,39832,39680,39528,39376,39223,39070,38917,38764,38611,38459,38306,38155,38003,37853,37703,37554,37407,37260,37114,36969,36826,36683,_
36128,35995,35862,35730,35600,35470,35341,35212,35084,34957,34830,34703,34577,34451,34325,34199,34073,33948,33822,33697,33572,33447,33323,33200,33077,32955,32833,32713,32594,32476,32360,32245,32132,32021,31911,31804,31698,31595,31493,31394,31297,31201,31108,31017,30928,30841,30756,30674,30592,30513,30436,30360,30286,30213,30142,30072,30004,29937,29871,29805,29741,29678,29615,29553,29491,29430,29368,29306,29245,29183,29120,29057,28992,28927,28861,28793,28724,28654,28582,28508,28432,28355,28276,28195,28112,28027,27941,27852,27762,27671,27578,27483,27387,27291,27193,27095,26996,26896,26797,26698,26599,26501,26403,26307,26212,26118,26026,25937,25850,25765,25684,25606,25531,25460,25393,25330,25272,25219,25171,25128,25091,25059,25034,25015,25003,24997,24998,25006,25021,25043,25072,25109,25153,25204,25262,25327,25399,25478,25563,25655,25753,25857,25966,26081,26202,26327,26457,26591,26729,26871,27017,27165,27317,27471,27628,27786,27946,28108,28270,28433,28596,28759,28921,29083,29243,29402,29559,29713,29865,30013,30158,30300,30437,30570,30699,30823,30941,31055,31163,31266,31363,31454,31539,31619,31693,31762,31825,31882,31934,31980,32022,32059,32091,32119,32144,32164,32182,32197,32211,32222,32233,32244,32255,32267,32281,32298,32319,32343,32373,32409,32452,32502,32560,32627,32703,32789,32886,32993,33111,33241,33382,33534,33698,33872,34058,34253,34459,34674,34899,35132,35372,35620,35874,36134,36400,36669,36943,37219,37499,37780,38062,38345,38628,38911,39193,39473,39752,40029,40303,40574,40841,41104,41362,41616,41863,42105,42340,42568,42788,43000,43203,43397,43580,43753,43915,44065,44203,44328,44441,44541,44627,44701,44761,44808,44842,44864,44874,44872,44858,44835,44802,44760,44710,44653,44590,44522,44449,44373,44295,44215,44133,44052,43970,43889,43810,43732,43655,43580,43507,43436,43366,43298,43230,43163,43097,43030,42963,42895,42825,42753,42679,42603,42523,42440,42354,42264,42170,42072,41970,41864,41754,41640,41523,41402,41278,41151,41020,40888,40752,40615,40475,40334,40191,40047,39902,39756,39609,39461,39312,39163,39014,38865,38716,38566,38417,38268,38119,37971,37824,37677,37531,37385,37241,37098,36956,36815,36675,36537,36399,36263,_
35736,35608,35482,35357,35233,35110,34988,34866,34745,34625,34505,34385,34265,34146,34027,33907,33789,33670,33551,33433,33315,33198,33081,32964,32849,32734,32620,32508,32396,32286,32178,32071,31966,31862,31761,31662,31564,31469,31376,31285,31196,31109,31024,30942,30861,30783,30706,30631,30558,30487,30418,30350,30284,30219,30156,30094,30033,29974,29915,29858,29801,29745,29689,29634,29580,29526,29471,29417,29362,29308,29252,29196,29139,29081,29022,28962,28900,28837,28773,28706,28638,28568,28496,28422,28346,28269,28189,28107,28024,27939,27852,27763,27673,27582,27489,27396,27301,27206,27111,27015,26919,26823,26728,26634,26540,26447,26356,26267,26180,26094,26012,25932,25855,25781,25711,25645,25584,25526,25474,25426,25384,25348,25317,25293,25275,25263,25259,25261,25271,25287,25311,25342,25381,25427,25481,25541,25609,25684,25765,25854,25948,26049,26155,26268,26385,26508,26635,26767,26903,27043,27186,27332,27482,27633,27788,27944,28101,28260,28420,28580,28740,28901,29061,29220,29377,29534,29688,29840,29989,30136,30279,30419,30555,30686,30814,30937,31055,31168,31276,31378,31476,31568,31654,31735,31810,31880,31944,32003,32057,32105,32149,32188,32222,32252,32278,32300,32320,32336,32351,32364,32375,32386,32398,32410,32424,32440,32460,32483,32511,32545,32585,32632,32687,32750,32821,32903,32994,33096,33208,33331,33464,33609,33764,33930,34106,34293,34489,34694,34908,35130,35359,35596,35839,36087,36341,36598,36860,37125,37392,37661,37931,38202,38473,38744,39015,39284,39552,39817,40080,40341,40597,40850,41099,41343,41581,41814,42040,42259,42471,42675,42870,43056,43233,43399,43554,43698,43830,43950,44058,44153,44235,44305,44361,44405,44435,44454,44461,44456,44441,44415,44381,44337,44285,44227,44163,44093,44019,43942,43862,43781,43698,43615,43532,43449,43368,43288,43209,43132,43057,42983,42911,42840,42769,42700,42630,42561,42491,42419,42347,42272,42196,42116,42034,41948,41859,41767,41671,41571,41467,41359,41248,41132,41014,40892,40767,40639,40509,40375,40240,40103,39964,39823,39682,39539,39395,39250,39105,38959,38813,38667,38520,38374,38228,38082,37936,37791,37647,37503,37361,37219,37078,36938,36799,36662,36525,36390,36257,36125,35994,35864,_
35365,35244,35125,35007,34890,34773,34658,34543,34429,34315,34202,34089,33976,33864,33751,33639,33527,33415,33304,33193,33082,32971,32861,32752,32644,32537,32430,32325,32222,32119,32019,31920,31823,31728,31634,31543,31454,31367,31282,31200,31119,31041,30965,30891,30819,30749,30681,30614,30550,30487,30426,30366,30308,30252,30196,30142,30089,30037,29986,29936,29887,29838,29790,29743,29696,29648,29601,29554,29507,29459,29411,29362,29312,29262,29210,29157,29103,29047,28989,28930,28869,28806,28741,28674,28605,28534,28461,28386,28309,28230,28148,28066,27981,27895,27807,27718,27628,27536,27444,27351,27258,27165,27072,26979,26886,26794,26703,26614,26526,26440,26355,26273,26194,26118,26045,25976,25910,25848,25791,25739,25692,25650,25614,25584,25560,25543,25532,25529,25532,25543,25561,25587,25620,25661,25709,25765,25828,25898,25976,26060,26150,26247,26350,26459,26573,26693,26817,26946,27079,27216,27356,27500,27647,27796,27947,28100,28255,28410,28567,28724,28882,29039,29196,29352,29507,29660,29811,29961,30108,30252,30393,30530,30664,30794,30920,31042,31159,31272,31379,31482,31579,31672,31759,31840,31917,31988,32053,32114,32169,32220,32265,32306,32342,32374,32402,32426,32448,32466,32482,32496,32509,32521,32533,32546,32560,32577,32596,32619,32646,32678,32716,32761,32813,32873,32941,33019,33105,33202,33308,33425,33552,33690,33838,33996,34164,34341,34528,34724,34928,35139,35358,35584,35816,36053,36295,36541,36791,37044,37299,37556,37815,38074,38334,38594,38853,39111,39368,39622,39875,40124,40371,40614,40852,41087,41316,41540,41757,41968,42172,42368,42555,42734,42904,43063,43212,43350,43477,43592,43694,43785,43863,43928,43981,44021,44049,44065,44070,44063,44046,44019,43982,43938,43885,43826,43760,43690,43615,43537,43456,43373,43290,43205,43121,43037,42954,42872,42791,42712,42635,42558,42483,42410,42336,42264,42191,42119,42045,41971,41895,41817,41738,41655,41570,41481,41390,41295,41196,41094,40988,40878,40765,40648,40528,40405,40279,40150,40019,39886,39750,39613,39475,39335,39194,39052,38909,38766,38622,38479,38335,38191,38047,37904,37761,37619,37477,37336,37196,37057,36919,36782,36646,36512,36379,36247,36117,35988,35860,35734,35610,35487,_
35017,34904,34791,34680,34569,34460,34351,34244,34136,34029,33923,33817,33711,33605,33500,33395,33289,33185,33080,32976,32872,32769,32666,32564,32463,32363,32265,32167,32071,31977,31884,31793,31704,31617,31532,31449,31368,31290,31213,31139,31068,30998,30930,30865,30801,30740,30680,30623,30567,30512,30460,30408,30358,30310,30263,30216,30171,30127,30084,30042,30000,29959,29918,29878,29838,29798,29758,29718,29678,29638,29597,29555,29512,29469,29424,29378,29331,29282,29232,29179,29125,29069,29011,28951,28888,28824,28757,28688,28616,28543,28467,28390,28310,28228,28145,28060,27974,27886,27797,27707,27616,27525,27433,27341,27249,27158,27067,26977,26888,26801,26715,26631,26549,26470,26393,26320,26251,26185,26123,26066,26013,25966,25924,25888,25859,25835,25818,25809,25806,25811,25823,25843,25870,25905,25948,25998,26056,26121,26194,26273,26360,26452,26551,26656,26767,26883,27003,27129,27258,27392,27529,27669,27813,27958,28106,28256,28407,28560,28713,28867,29021,29175,29328,29481,29632,29783,29931,30077,30221,30362,30501,30636,30768,30896,31021,31141,31257,31368,31475,31578,31675,31768,31855,31937,32015,32087,32154,32216,32273,32325,32372,32415,32453,32487,32517,32544,32567,32588,32605,32621,32636,32650,32663,32677,32692,32709,32729,32752,32778,32810,32847,32890,32940,32998,33064,33138,33221,33313,33415,33527,33648,33779,33921,34071,34232,34401,34579,34766,34960,35162,35371,35586,35807,36034,36265,36500,36738,36980,37224,37469,37716,37964,38213,38461,38709,38956,39202,39446,39688,39927,40164,40397,40626,40851,41071,41285,41494,41697,41893,42081,42261,42433,42596,42749,42891,43024,43145,43255,43353,43439,43513,43574,43624,43661,43687,43701,43703,43695,43676,43648,43610,43564,43511,43451,43385,43314,43239,43160,43079,42995,42910,42825,42740,42654,42570,42486,42404,42322,42242,42164,42086,42009,41933,41857,41782,41706,41629,41551,41472,41391,41307,41222,41133,41042,40947,40849,40747,40643,40534,40422,40307,40189,40067,39943,39816,39686,39554,39420,39285,39148,39009,38870,38729,38588,38447,38305,38163,38021,37880,37738,37597,37457,37317,37179,37041,36904,36768,36633,36500,36368,36237,36108,35981,35855,35730,35608,35487,35367,35249,35132,_
34694,34587,34481,34377,34273,34171,34069,33968,33868,33768,33668,33569,33470,33371,33273,33174,33076,32978,32881,32783,32687,32590,32495,32400,32307,32214,32123,32033,31945,31858,31773,31690,31609,31530,31453,31379,31307,31237,31169,31104,31040,30979,30920,30864,30809,30756,30705,30656,30609,30563,30519,30476,30434,30394,30355,30317,30280,30243,30208,30173,30139,30106,30072,30040,30007,29974,29942,29909,29876,29843,29809,29774,29739,29702,29664,29625,29585,29543,29499,29454,29406,29357,29305,29251,29195,29137,29076,29012,28947,28879,28808,28735,28660,28583,28504,28422,28339,28255,28168,28081,27992,27902,27812,27721,27630,27538,27447,27356,27266,27177,27089,27003,26919,26836,26756,26679,26605,26535,26468,26406,26348,26295,26248,26206,26170,26140,26117,26101,26092,26090,26096,26110,26131,26160,26197,26241,26294,26353,26421,26495,26576,26665,26759,26860,26966,27077,27194,27316,27441,27571,27705,27841,27981,28123,28267,28413,28560,28709,28859,29009,29159,29309,29459,29608,29756,29902,30047,30190,30331,30469,30605,30738,30867,30993,31116,31235,31349,31460,31566,31668,31765,31857,31945,32028,32106,32179,32248,32311,32370,32424,32473,32518,32558,32594,32627,32656,32681,32704,32724,32742,32759,32774,32790,32805,32822,32840,32860,32884,32911,32943,32979,33022,33071,33127,33191,33262,33343,33431,33529,33636,33753,33879,34014,34158,34311,34473,34643,34821,35007,35200,35399,35604,35815,36031,36251,36475,36703,36933,37166,37401,37637,37874,38111,38349,38586,38822,39057,39291,39522,39752,39978,40201,40421,40637,40848,41054,41254,41449,41637,41817,41990,42155,42311,42458,42595,42721,42837,42942,43036,43118,43188,43246,43293,43327,43351,43362,43363,43353,43334,43304,43266,43220,43166,43106,43040,42968,42893,42814,42732,42648,42563,42477,42390,42304,42218,42132,42048,41965,41882,41801,41720,41640,41561,41482,41403,41323,41243,41161,41078,40994,40907,40817,40725,40631,40533,40432,40327,40219,40108,39994,39877,39756,39633,39507,39379,39248,39115,38981,38845,38708,38569,38430,38290,38150,38010,37869,37729,37589,37449,37310,37172,37034,36898,36762,36628,36495,36363,36233,36104,35977,35852,35728,35606,35486,35368,35251,35137,35024,34912,34802,_
34395,34295,34196,34099,34002,33907,33812,33718,33624,33531,33439,33346,33254,33162,33070,32979,32888,32797,32706,32616,32526,32437,32348,32261,32175,32089,32006,31923,31842,31764,31687,31611,31539,31468,31399,31333,31269,31208,31149,31092,31037,30985,30935,30887,30841,30797,30755,30715,30676,30639,30603,30569,30535,30503,30473,30443,30414,30385,30358,30331,30304,30278,30253,30227,30202,30177,30151,30126,30100,30074,30047,30019,29991,29961,29930,29898,29864,29829,29792,29753,29712,29669,29623,29576,29525,29473,29417,29359,29299,29236,29170,29102,29031,28958,28882,28804,28724,28642,28558,28473,28385,28297,28208,28117,28026,27935,27843,27751,27660,27569,27479,27390,27303,27217,27134,27053,26974,26899,26828,26760,26697,26638,26585,26536,26494,26458,26428,26406,26390,26382,26381,26388,26403,26425,26456,26495,26541,26595,26657,26726,26802,26885,26974,27070,27171,27278,27391,27508,27629,27754,27884,28016,28151,28289,28429,28571,28715,28859,29005,29151,29297,29443,29589,29734,29878,30021,30162,30302,30439,30574,30707,30837,30964,31088,31208,31325,31439,31548,31653,31754,31851,31944,32031,32115,32194,32268,32337,32402,32462,32518,32569,32616,32659,32697,32732,32763,32791,32817,32839,32860,32879,32897,32914,32932,32951,32970,32992,33017,33045,33078,33115,33158,33206,33262,33324,33394,33472,33558,33653,33756,33868,33989,34119,34257,34404,34559,34722,34892,35069,35253,35443,35639,35841,36046,36256,36470,36687,36907,37129,37353,37578,37804,38031,38258,38484,38710,38935,39158,39380,39600,39816,40030,40241,40448,40650,40847,41040,41226,41406,41579,41745,41903,42053,42193,42324,42445,42556,42657,42746,42824,42891,42946,42990,43022,43043,43053,43053,43042,43021,42991,42953,42906,42853,42792,42726,42655,42579,42500,42418,42334,42249,42162,42074,41987,41899,41812,41726,41641,41556,41472,41388,41305,41223,41140,41057,40974,40890,40804,40717,40628,40538,40444,40349,40250,40149,40044,39936,39826,39712,39595,39475,39353,39227,39100,38970,38838,38704,38569,38432,38295,38156,38017,37878,37738,37599,37459,37320,37182,37044,36907,36772,36637,36503,36371,36240,36111,35984,35858,35734,35612,35492,35373,35257,35143,35030,34920,34811,34705,34600,34497,_
34122,34028,33936,33846,33756,33668,33580,33493,33406,33320,33234,33149,33063,32978,32893,32809,32724,32640,32556,32473,32390,32308,32226,32146,32067,31989,31913,31838,31765,31693,31624,31557,31492,31430,31369,31312,31256,31203,31153,31105,31059,31015,30974,30935,30898,30863,30829,30798,30768,30739,30712,30686,30662,30638,30615,30594,30573,30552,30533,30514,30495,30477,30459,30441,30423,30405,30387,30368,30350,30330,30310,30290,30268,30245,30221,30195,30168,30140,30109,30076,30042,30005,29965,29923,29879,29831,29781,29728,29673,29614,29553,29489,29422,29352,29279,29205,29127,29047,28966,28882,28796,28709,28620,28530,28438,28346,28254,28161,28068,27975,27883,27791,27701,27612,27525,27439,27357,27277,27200,27127,27058,26994,26934,26880,26831,26789,26752,26723,26700,26685,26678,26678,26686,26702,26726,26759,26799,26846,26902,26965,27036,27113,27197,27287,27384,27486,27593,27705,27822,27943,28067,28195,28326,28459,28595,28732,28871,29011,29152,29294,29436,29578,29719,29860,30000,30139,30277,30413,30547,30679,30809,30936,31060,31182,31300,31415,31527,31635,31739,31839,31936,32028,32116,32200,32280,32355,32425,32491,32553,32611,32664,32713,32758,32799,32836,32870,32901,32928,32954,32977,32999,33020,33040,33060,33081,33103,33127,33154,33184,33218,33256,33299,33348,33404,33465,33534,33611,33695,33787,33888,33996,34113,34238,34371,34512,34661,34816,34979,35149,35325,35506,35693,35885,36082,36282,36486,36693,36902,37114,37327,37542,37758,37974,38191,38407,38623,38838,39051,39263,39473,39681,39886,40087,40285,40479,40668,40852,41031,41204,41370,41529,41680,41823,41958,42083,42199,42305,42401,42486,42560,42624,42676,42717,42748,42767,42776,42774,42762,42741,42711,42672,42626,42572,42512,42447,42376,42301,42222,42140,42056,41970,41882,41794,41705,41617,41528,41440,41352,41265,41178,41091,41005,40919,40833,40746,40659,40570,40481,40389,40296,40201,40104,40004,39902,39796,39688,39577,39463,39346,39226,39104,38979,38852,38722,38590,38457,38322,38186,38048,37910,37771,37632,37493,37354,37215,37077,36939,36802,36666,36532,36398,36266,36135,36006,35879,35754,35630,35509,35389,35272,35157,35044,34933,34825,34718,34614,34512,34412,34313,34217,_
33874,33788,33703,33619,33536,33454,33373,33293,33213,33134,33055,32976,32898,32819,32741,32663,32586,32508,32431,32355,32279,32203,32129,32056,31984,31913,31844,31777,31711,31648,31586,31527,31470,31415,31364,31314,31267,31223,31181,31141,31104,31070,31037,31007,30979,30952,30928,30905,30884,30864,30846,30828,30812,30797,30783,30769,30757,30744,30733,30722,30711,30700,30689,30679,30668,30658,30647,30636,30624,30612,30599,30585,30570,30554,30536,30517,30497,30474,30450,30423,30394,30363,30329,30293,30254,30212,30167,30118,30067,30013,29956,29895,29832,29765,29696,29623,29548,29470,29390,29308,29223,29136,29048,28958,28866,28773,28680,28585,28491,28396,28301,28206,28113,28020,27929,27840,27752,27668,27586,27508,27433,27363,27297,27236,27181,27132,27089,27053,27023,27001,26987,26980,26981,26991,27008,27033,27067,27108,27158,27215,27279,27350,27429,27513,27604,27701,27803,27910,28021,28137,28256,28379,28505,28633,28764,28897,29031,29167,29303,29440,29578,29715,29852,29989,30125,30260,30393,30526,30656,30785,30911,31036,31158,31277,31393,31506,31616,31723,31826,31926,32022,32114,32202,32286,32366,32442,32514,32581,32645,32704,32759,32810,32857,32901,32941,32977,33011,33042,33070,33097,33122,33145,33169,33192,33216,33241,33267,33296,33329,33364,33404,33449,33499,33555,33617,33685,33761,33844,33934,34032,34138,34251,34372,34501,34636,34779,34929,35085,35247,35415,35589,35768,35951,36138,36329,36523,36721,36920,37122,37326,37530,37736,37943,38149,38356,38562,38767,38971,39174,39374,39573,39769,39962,40151,40337,40518,40695,40866,41031,41190,41342,41487,41624,41753,41873,41984,42086,42177,42259,42329,42390,42439,42478,42507,42525,42532,42530,42517,42496,42466,42427,42381,42328,42269,42203,42133,42058,41980,41898,41814,41728,41640,41551,41461,41371,41281,41191,41101,41011,40921,40831,40742,40652,40561,40471,40379,40286,40192,40097,39999,39900,39798,39694,39587,39478,39366,39251,39133,39013,38890,38765,38637,38507,38375,38242,38106,37970,37832,37694,37555,37416,37277,37138,36999,36861,36723,36586,36451,36317,36184,36052,35923,35795,35669,35545,35423,35304,35186,35072,34959,34849,34741,34636,34533,34432,34334,34238,34144,34052,33963,_
33653,33573,33495,33418,33342,33267,33193,33119,33046,32974,32902,32830,32758,32686,32615,32543,32472,32402,32331,32261,32192,32124,32056,31990,31925,31862,31800,31740,31682,31626,31572,31520,31471,31425,31381,31340,31301,31266,31232,31201,31173,31147,31124,31102,31083,31065,31050,31036,31024,31013,31003,30994,30987,30980,30974,30969,30965,30961,30957,30954,30951,30948,30945,30942,30939,30935,30932,30928,30923,30917,30911,30904,30896,30886,30875,30863,30848,30832,30814,30793,30770,30744,30716,30685,30650,30613,30573,30529,30482,30432,30378,30321,30260,30197,30130,30060,29987,29910,29832,29750,29666,29580,29491,29401,29309,29215,29120,29024,28927,28830,28732,28635,28538,28442,28347,28253,28161,28071,27984,27901,27820,27744,27672,27605,27543,27488,27438,27395,27358,27329,27308,27294,27289,27291,27301,27320,27347,27381,27424,27475,27533,27598,27670,27749,27833,27924,28020,28122,28228,28338,28452,28570,28690,28814,28939,29067,29196,29327,29458,29591,29723,29856,29989,30121,30253,30384,30514,30642,30769,30895,31018,31139,31258,31375,31489,31600,31709,31814,31916,32015,32111,32203,32291,32375,32456,32533,32606,32674,32739,32800,32858,32911,32961,33007,33049,33089,33125,33159,33191,33221,33249,33276,33303,33329,33356,33384,33414,33446,33481,33519,33562,33608,33660,33717,33780,33849,33924,34006,34096,34192,34295,34405,34523,34647,34778,34916,35060,35210,35366,35527,35693,35863,36038,36217,36399,36584,36773,36963,37155,37349,37544,37741,37937,38134,38331,38528,38724,38919,39113,39305,39495,39682,39867,40048,40226,40399,40568,40732,40891,41043,41189,41328,41459,41582,41697,41803,41900,41988,42065,42133,42191,42238,42275,42301,42318,42324,42321,42309,42287,42257,42219,42174,42121,42062,41998,41928,41854,41776,41695,41610,41524,41436,41346,41256,41164,41072,40980,40888,40795,40702,40609,40516,40422,40328,40233,40137,40039,39941,39840,39738,39634,39527,39419,39307,39194,39077,38958,38837,38713,38587,38458,38328,38195,38061,37925,37788,37650,37511,37371,37231,37092,36952,36813,36674,36536,36399,36263,36129,35996,35865,35735,35608,35483,35360,35239,35121,35005,34892,34781,34673,34568,34465,34365,34268,34173,34081,33991,33904,33818,33735,_
33459,33385,33313,33243,33174,33105,33038,32971,32905,32839,32774,32708,32643,32578,32513,32448,32384,32320,32256,32193,32130,32069,32008,31949,31891,31834,31779,31727,31676,31627,31581,31538,31496,31458,31422,31389,31359,31332,31307,31285,31265,31248,31233,31221,31210,31202,31195,31190,31186,31184,31183,31183,31184,31186,31189,31192,31196,31200,31205,31209,31214,31219,31223,31228,31232,31236,31240,31243,31245,31247,31247,31247,31245,31242,31237,31231,31223,31212,31200,31185,31167,31147,31124,31097,31068,31035,30999,30959,30916,30869,30819,30765,30707,30646,30581,30513,30442,30367,30289,30208,30124,30038,29949,29858,29765,29670,29574,29476,29377,29277,29177,29077,28976,28876,28777,28679,28582,28488,28395,28306,28220,28138,28060,27987,27918,27856,27799,27749,27706,27670,27642,27621,27608,27603,27607,27618,27638,27666,27702,27746,27797,27856,27921,27994,28072,28157,28247,28343,28443,28547,28656,28768,28883,29001,29121,29244,29368,29493,29620,29747,29875,30003,30132,30259,30387,30514,30640,30764,30888,31010,31130,31248,31365,31479,31591,31701,31807,31911,32013,32111,32206,32297,32386,32470,32552,32629,32703,32773,32840,32903,32962,33017,33070,33118,33164,33206,33246,33283,33318,33351,33383,33414,33444,33475,33505,33537,33570,33606,33644,33685,33730,33779,33833,33892,33956,34026,34102,34184,34272,34367,34469,34577,34691,34812,34939,35072,35211,35356,35505,35659,35818,35982,36149,36320,36493,36670,36849,37031,37214,37399,37585,37772,37960,38148,38336,38524,38711,38897,39082,39266,39447,39627,39803,39977,40147,40313,40475,40632,40784,40930,41069,41202,41328,41446,41556,41658,41751,41834,41909,41973,42028,42073,42108,42133,42149,42154,42151,42138,42117,42087,42050,42005,41953,41895,41831,41762,41689,41612,41531,41447,41360,41272,41182,41090,40997,40904,40809,40714,40619,40523,40426,40329,40232,40133,40033,39932,39830,39727,39621,39514,39405,39293,39180,39064,38945,38825,38701,38576,38448,38318,38186,38052,37917,37780,37642,37502,37362,37222,37081,36940,36799,36658,36519,36380,36242,36105,35970,35837,35705,35576,35448,35323,35200,35080,34962,34847,34735,34626,34519,34416,34315,34217,34123,34031,33942,33855,33771,33690,33611,33534,_
33290,33224,33158,33094,33032,32970,32909,32849,32789,32730,32671,32612,32553,32495,32436,32378,32320,32263,32205,32149,32093,32038,31984,31931,31880,31830,31783,31737,31694,31652,31614,31578,31544,31514,31486,31461,31439,31420,31404,31390,31379,31371,31365,31361,31360,31360,31362,31366,31371,31378,31386,31395,31405,31415,31426,31438,31450,31462,31475,31487,31500,31512,31525,31537,31549,31560,31571,31581,31590,31598,31606,31612,31617,31620,31621,31621,31619,31614,31607,31598,31585,31570,31552,31530,31505,31477,31444,31409,31369,31325,31278,31227,31171,31112,31049,30983,30913,30839,30762,30681,30598,30511,30422,30330,30236,30140,30041,29942,29840,29738,29634,29531,29427,29323,29219,29117,29016,28916,28819,28724,28632,28544,28460,28380,28306,28237,28173,28116,28066,28023,27988,27960,27940,27928,27924,27929,27941,27962,27991,28028,28073,28125,28184,28250,28322,28400,28484,28574,28668,28766,28869,28975,29084,29197,29312,29429,29547,29668,29789,29911,30035,30158,30281,30405,30528,30651,30773,30894,31014,31132,31250,31365,31479,31591,31701,31809,31914,32017,32117,32214,32309,32400,32488,32574,32655,32734,32809,32881,32949,33013,33074,33132,33187,33238,33287,33332,33375,33416,33454,33491,33527,33562,33596,33630,33665,33701,33738,33777,33819,33863,33911,33963,34020,34081,34147,34218,34295,34377,34466,34560,34660,34767,34879,34997,35120,35249,35383,35523,35667,35815,35967,36124,36283,36447,36613,36781,36952,37125,37300,37476,37654,37832,38011,38191,38370,38549,38728,38906,39083,39259,39432,39604,39773,39939,40102,40261,40416,40567,40712,40852,40986,41113,41234,41347,41452,41550,41638,41718,41790,41851,41904,41947,41980,42004,42019,42024,42020,42007,41986,41957,41920,41876,41825,41768,41706,41638,41565,41488,41408,41324,41238,41149,41058,40965,40871,40776,40679,40582,40483,40384,40284,40183,40081,39977,39873,39767,39660,39551,39441,39328,39214,39097,38978,38857,38734,38609,38481,38351,38219,38085,37949,37812,37673,37533,37392,37251,37108,36966,36823,36681,36539,36398,36257,36118,35980,35844,35709,35576,35446,35317,35191,35068,34947,34829,34714,34603,34494,34388,34286,34186,34090,33997,33908,33821,33737,33657,33579,33503,33430,33359,_
33149,33088,33029,32972,32915,32860,32806,32752,32699,32646,32593,32541,32489,32436,32384,32332,32281,32230,32179,32128,32079,32030,31983,31937,31893,31850,31809,31770,31734,31700,31669,31641,31615,31592,31573,31556,31542,31531,31523,31518,31516,31516,31519,31524,31531,31540,31551,31564,31578,31594,31610,31628,31646,31665,31685,31705,31725,31746,31767,31787,31808,31828,31848,31868,31887,31905,31923,31940,31957,31972,31986,31998,32009,32019,32027,32032,32036,32037,32035,32031,32024,32013,31999,31982,31961,31937,31908,31876,31839,31799,31754,31705,31652,31595,31534,31468,31399,31326,31249,31169,31085,30998,30908,30815,30720,30622,30522,30420,30316,30210,30104,29997,29889,29781,29674,29567,29461,29356,29254,29153,29056,28962,28872,28786,28705,28629,28560,28496,28439,28389,28346,28311,28284,28265,28254,28252,28257,28271,28293,28323,28361,28406,28458,28517,28583,28655,28732,28815,28903,28995,29092,29192,29296,29402,29511,29623,29736,29851,29967,30085,30203,30322,30441,30560,30679,30797,30915,31033,31149,31264,31379,31492,31603,31713,31821,31927,32030,32132,32231,32328,32422,32513,32602,32687,32770,32849,32925,32998,33068,33134,33198,33258,33315,33369,33420,33469,33515,33559,33602,33643,33682,33721,33759,33798,33837,33877,33918,33961,34007,34055,34107,34162,34222,34285,34354,34427,34505,34588,34677,34771,34871,34976,35086,35202,35322,35447,35577,35712,35851,35993,36140,36290,36443,36599,36757,36918,37082,37247,37413,37582,37751,37921,38092,38263,38435,38606,38777,38947,39116,39284,39450,39615,39777,39936,40092,40245,40393,40537,40677,40811,40939,41061,41177,41285,41386,41480,41565,41642,41710,41769,41819,41860,41892,41915,41929,41934,41930,41917,41897,41868,41832,41789,41739,41683,41621,41554,41483,41407,41327,41243,41157,41067,40976,40882,40786,40689,40590,40490,40389,40286,40182,40077,39970,39862,39753,39642,39530,39416,39300,39182,39062,38940,38815,38689,38561,38430,38298,38163,38027,37888,37749,37608,37466,37322,37178,37034,36889,36744,36600,36456,36312,36170,36029,35889,35750,35614,35479,35347,35217,35090,34965,34844,34725,34609,34497,34388,34282,34180,34081,33986,33894,33806,33721,33639,33561,33486,33413,33344,33276,33212,_
33034,32979,32926,32875,32825,32776,32728,32680,32633,32587,32540,32494,32448,32402,32356,32311,32265,32220,32176,32132,32089,32046,32006,31966,31928,31892,31858,31826,31797,31771,31747,31726,31707,31692,31681,31672,31666,31664,31664,31667,31673,31682,31694,31707,31723,31741,31761,31783,31806,31830,31855,31882,31909,31937,31965,31993,32022,32051,32079,32108,32136,32164,32192,32219,32246,32271,32296,32321,32344,32366,32386,32405,32423,32438,32452,32463,32472,32479,32483,32483,32481,32475,32466,32453,32436,32415,32390,32361,32327,32289,32247,32200,32149,32093,32033,31969,31900,31828,31751,31671,31586,31499,31408,31314,31216,31117,31014,30910,30803,30695,30585,30475,30363,30251,30140,30028,29917,29808,29700,29595,29492,29392,29296,29204,29117,29035,28958,28888,28824,28767,28718,28676,28642,28616,28598,28588,28586,28593,28608,28631,28662,28700,28745,28798,28856,28922,28993,29069,29150,29236,29327,29421,29518,29619,29723,29828,29936,30046,30157,30269,30382,30496,30610,30725,30840,30954,31069,31183,31296,31408,31519,31630,31739,31846,31952,32057,32159,32260,32358,32454,32548,32639,32728,32814,32897,32977,33055,33129,33200,33269,33334,33396,33456,33513,33567,33619,33669,33716,33763,33807,33851,33894,33937,33980,34023,34067,34113,34161,34211,34263,34319,34378,34440,34507,34578,34653,34733,34818,34907,35002,35101,35205,35314,35427,35545,35667,35794,35924,36058,36196,36337,36480,36627,36777,36928,37082,37238,37396,37555,37715,37877,38040,38203,38366,38530,38694,38857,39020,39182,39343,39502,39660,39815,39968,40117,40264,40406,40545,40679,40807,40930,41048,41159,41263,41360,41449,41531,41605,41670,41727,41775,41815,41846,41868,41881,41885,41881,41869,41849,41821,41786,41744,41695,41640,41580,41514,41443,41367,41288,41204,41118,41028,40936,40841,40744,40644,40543,40440,40336,40229,40121,40012,39901,39788,39674,39558,39440,39320,39198,39075,38949,38821,38691,38559,38426,38290,38152,38013,37872,37729,37585,37440,37294,37147,37000,36853,36705,36558,36411,36265,36120,35976,35834,35693,35554,35417,35282,35150,35021,34894,34771,34651,34533,34420,34310,34203,34101,34001,33906,33815,33727,33643,33563,33486,33412,33342,33275,33211,33150,33091,_
32945,32897,32849,32804,32760,32717,32675,32633,32593,32552,32512,32472,32432,32392,32352,32312,32273,32234,32196,32158,32121,32085,32050,32017,31986,31957,31929,31904,31882,31862,31846,31832,31821,31814,31810,31809,31811,31817,31825,31837,31852,31869,31889,31911,31936,31963,31991,32022,32053,32086,32121,32156,32191,32227,32264,32301,32338,32375,32412,32448,32485,32520,32556,32590,32624,32657,32689,32720,32750,32779,32806,32831,32855,32877,32896,32913,32928,32940,32948,32954,32956,32955,32950,32941,32927,32910,32888,32862,32831,32795,32755,32710,32660,32606,32547,32484,32415,32343,32266,32185,32101,32012,31920,31824,31725,31623,31519,31412,31302,31191,31078,30964,30849,30733,30617,30501,30385,30271,30158,30047,29939,29833,29731,29633,29540,29452,29369,29292,29222,29158,29102,29053,29012,28979,28954,28937,28929,28928,28936,28952,28976,29007,29045,29091,29143,29201,29266,29336,29411,29490,29574,29662,29754,29848,29946,30046,30148,30253,30358,30466,30574,30683,30793,30903,31014,31124,31235,31345,31455,31565,31673,31781,31888,31994,32098,32201,32302,32402,32499,32595,32689,32780,32869,32955,33039,33120,33199,33274,33347,33417,33485,33550,33612,33671,33729,33784,33837,33888,33938,33987,34035,34082,34129,34177,34225,34274,34324,34376,34431,34487,34547,34610,34676,34746,34820,34898,34980,35066,35157,35252,35351,35455,35563,35674,35790,35910,36033,36159,36289,36422,36558,36696,36837,36980,37126,37273,37422,37573,37725,37878,38032,38188,38344,38500,38657,38813,38970,39126,39281,39435,39588,39739,39888,40035,40179,40319,40456,40589,40718,40842,40960,41073,41179,41280,41373,41459,41538,41609,41672,41726,41773,41811,41841,41862,41875,41879,41875,41863,41844,41817,41783,41742,41694,41640,41581,41516,41445,41371,41292,41208,41122,41031,40938,40842,40743,40642,40538,40432,40324,40214,40103,39989,39873,39755,39636,39514,39390,39265,39137,39008,38876,38742,38607,38469,38329,38188,38045,37901,37754,37607,37459,37309,37159,37009,36858,36707,36557,36407,36258,36109,35962,35817,35673,35531,35391,35253,35118,34986,34857,34731,34608,34489,34373,34261,34153,34049,33949,33853,33761,33673,33589,33509,33433,33360,33292,33226,33165,33106,33050,32996,_
32883,32839,32798,32758,32720,32683,32646,32611,32576,32541,32507,32472,32438,32404,32371,32337,32303,32270,32238,32206,32175,32146,32117,32090,32065,32043,32022,32004,31988,31975,31966,31959,31956,31956,31959,31966,31977,31990,32007,32027,32050,32075,32104,32135,32168,32204,32241,32280,32320,32362,32405,32448,32493,32537,32582,32628,32673,32718,32763,32807,32852,32895,32938,32980,33021,33062,33101,33139,33175,33211,33244,33276,33306,33333,33358,33381,33401,33418,33431,33442,33448,33451,33450,33445,33435,33421,33402,33378,33350,33316,33278,33235,33186,33133,33075,33012,32944,32872,32794,32713,32627,32538,32444,32347,32246,32142,32035,31925,31813,31698,31582,31464,31345,31225,31104,30984,30864,30745,30627,30510,30397,30286,30178,30074,29975,29880,29791,29708,29631,29561,29498,29443,29395,29355,29323,29300,29284,29277,29278,29287,29304,29328,29360,29398,29444,29495,29553,29616,29685,29758,29836,29917,30003,30091,30183,30278,30374,30473,30574,30676,30779,30884,30989,31095,31202,31309,31416,31523,31630,31736,31842,31948,32053,32156,32259,32361,32461,32560,32657,32752,32845,32937,33026,33113,33197,33279,33359,33436,33511,33583,33653,33720,33784,33847,33907,33965,34022,34077,34131,34184,34236,34288,34339,34391,34444,34498,34553,34609,34668,34730,34794,34860,34930,35004,35081,35162,35246,35334,35426,35522,35622,35725,35832,35943,36057,36174,36294,36417,36543,36672,36803,36936,37072,37210,37349,37490,37633,37777,37923,38069,38217,38366,38515,38665,38815,38965,39115,39264,39413,39561,39708,39853,39997,40138,40276,40411,40543,40671,40795,40914,41028,41137,41240,41336,41426,41509,41585,41653,41714,41767,41812,41849,41878,41898,41911,41915,41912,41900,41882,41856,41822,41782,41736,41683,41624,41560,41491,41417,41338,41255,41168,41077,40983,40885,40785,40681,40575,40466,40355,40241,40125,40007,39886,39763,39638,39511,39382,39250,39117,38981,38843,38703,38562,38418,38273,38125,37977,37827,37676,37523,37370,37216,37062,36907,36753,36599,36445,36292,36140,35989,35839,35692,35546,35403,35262,35123,34988,34855,34726,34600,34478,34359,34245,34134,34028,33925,33828,33734,33645,33560,33480,33403,33331,33263,33199,33138,33081,33027,32976,32928,_
32846,32808,32771,32737,32704,32673,32642,32612,32583,32554,32525,32496,32468,32440,32412,32384,32356,32329,32302,32276,32251,32228,32205,32185,32166,32149,32135,32124,32115,32109,32106,32107,32111,32118,32129,32144,32161,32183,32208,32236,32267,32301,32338,32377,32419,32463,32509,32556,32605,32656,32707,32759,32812,32865,32919,32972,33026,33079,33132,33184,33236,33288,33338,33388,33436,33484,33530,33575,33618,33660,33699,33737,33773,33806,33837,33865,33890,33912,33931,33945,33956,33963,33966,33964,33958,33947,33931,33909,33883,33852,33815,33773,33726,33673,33616,33553,33485,33412,33335,33253,33166,33075,32980,32880,32778,32671,32562,32449,32334,32216,32096,31974,31851,31727,31603,31478,31353,31229,31106,30984,30865,30749,30636,30526,30421,30321,30226,30136,30053,29977,29908,29846,29791,29745,29706,29676,29654,29640,29634,29636,29646,29663,29688,29720,29759,29804,29855,29911,29973,30040,30112,30187,30266,30349,30435,30524,30615,30709,30804,30901,31000,31100,31201,31303,31406,31509,31613,31716,31820,31924,32028,32131,32234,32336,32437,32538,32637,32735,32832,32927,33020,33111,33201,33288,33374,33457,33538,33617,33693,33767,33838,33908,33975,34040,34104,34165,34225,34284,34342,34398,34455,34511,34567,34624,34681,34739,34799,34861,34924,34990,35059,35130,35204,35281,35361,35445,35532,35622,35716,35813,35913,36017,36123,36233,36345,36460,36578,36698,36821,36946,37073,37201,37332,37464,37598,37734,37871,38009,38148,38289,38430,38573,38716,38859,39003,39147,39291,39435,39578,39721,39862,40002,40140,40276,40409,40540,40667,40790,40910,41025,41135,41240,41339,41432,41519,41599,41673,41739,41798,41849,41893,41929,41957,41977,41989,41994,41991,41980,41962,41937,41905,41866,41820,41769,41711,41648,41579,41506,41427,41344,41257,41165,41070,40971,40869,40763,40654,40542,40427,40310,40189,40066,39941,39813,39682,39549,39414,39276,39136,38994,38850,38704,38556,38406,38255,38102,37947,37792,37635,37477,37319,37161,37002,36843,36684,36526,36369,36212,36057,35904,35752,35602,35454,35309,35166,35027,34890,34757,34627,34501,34379,34261,34147,34038,33933,33832,33737,33645,33559,33477,33399,33326,33258,33194,33133,33077,33024,32975,32929,32886,_
32834,32801,32770,32740,32713,32686,32661,32636,32612,32589,32565,32542,32520,32497,32474,32452,32430,32408,32388,32367,32348,32331,32314,32300,32287,32277,32269,32264,32261,32262,32266,32274,32285,32300,32318,32340,32365,32395,32427,32463,32502,32545,32590,32637,32688,32740,32794,32850,32908,32967,33027,33087,33148,33210,33272,33334,33395,33457,33517,33578,33638,33696,33754,33811,33867,33922,33975,34027,34077,34125,34171,34215,34256,34295,34332,34365,34395,34422,34445,34464,34479,34490,34496,34498,34495,34486,34473,34454,34430,34400,34365,34324,34278,34226,34169,34106,34038,33965,33887,33804,33716,33623,33526,33425,33320,33211,33099,32983,32865,32744,32620,32495,32368,32240,32111,31981,31852,31723,31595,31469,31345,31223,31104,30989,30878,30772,30671,30576,30487,30405,30329,30261,30200,30147,30103,30066,30037,30016,30004,29999,30003,30013,30032,30057,30089,30127,30172,30222,30277,30338,30403,30472,30546,30623,30703,30786,30872,30960,31050,31143,31237,31332,31429,31527,31626,31726,31826,31927,32028,32130,32231,32332,32433,32534,32634,32733,32832,32929,33025,33120,33213,33305,33395,33483,33570,33654,33736,33816,33894,33970,34044,34115,34185,34253,34319,34384,34448,34510,34571,34632,34693,34753,34814,34875,34937,35000,35065,35131,35199,35270,35343,35418,35496,35577,35661,35747,35837,35929,36025,36123,36224,36328,36435,36544,36655,36768,36884,37002,37121,37243,37366,37490,37616,37744,37873,38003,38135,38268,38401,38536,38672,38809,38946,39084,39222,39361,39499,39638,39776,39913,40049,40184,40317,40449,40577,40704,40827,40946,41062,41173,41279,41381,41477,41567,41652,41730,41801,41865,41922,41972,42015,42050,42078,42098,42110,42115,42112,42102,42085,42061,42029,41991,41947,41896,41840,41777,41710,41636,41558,41475,41387,41295,41199,41098,40994,40886,40774,40659,40541,40419,40294,40166,40036,39902,39766,39627,39486,39342,39196,39048,38897,38745,38590,38434,38276,38117,37957,37795,37633,37470,37306,37143,36979,36815,36652,36490,36329,36169,36011,35854,35699,35547,35397,35249,35105,34964,34826,34692,34561,34435,34313,34195,34082,33973,33869,33770,33676,33586,33502,33422,33348,33278,33213,33152,33095,33043,32995,32950,32908,32870,_
32847,32818,32792,32767,32745,32723,32703,32683,32664,32646,32628,32610,32593,32575,32558,32541,32525,32509,32493,32479,32465,32453,32443,32434,32428,32423,32422,32423,32427,32435,32445,32460,32478,32500,32525,32554,32588,32624,32665,32708,32756,32806,32859,32915,32974,33034,33097,33161,33227,33294,33363,33432,33501,33571,33641,33711,33781,33850,33919,33987,34054,34121,34186,34251,34314,34375,34435,34494,34550,34605,34657,34707,34754,34799,34841,34879,34914,34946,34973,34997,35016,35030,35040,35045,35045,35039,35028,35011,34989,34961,34927,34887,34842,34791,34734,34671,34603,34529,34450,34365,34276,34182,34083,33980,33872,33761,33646,33527,33406,33281,33154,33025,32894,32762,32629,32495,32361,32227,32095,31963,31834,31707,31583,31463,31347,31235,31129,31028,30933,30845,30763,30689,30622,30563,30512,30469,30434,30407,30388,30377,30374,30378,30390,30409,30434,30466,30504,30548,30597,30652,30711,30774,30842,30913,30987,31065,31145,31228,31314,31401,31491,31582,31675,31769,31864,31961,32058,32156,32255,32354,32453,32552,32652,32751,32850,32948,33046,33143,33239,33334,33427,33519,33610,33699,33786,33871,33954,34036,34116,34193,34269,34343,34415,34486,34555,34623,34690,34756,34821,34886,34950,35015,35080,35146,35213,35281,35350,35421,35494,35569,35646,35725,35807,35892,35979,36069,36161,36256,36354,36454,36556,36660,36767,36875,36985,37098,37211,37327,37443,37562,37681,37802,37924,38048,38172,38298,38424,38552,38681,38811,38941,39073,39205,39338,39471,39604,39738,39871,40005,40137,40269,40399,40528,40655,40780,40902,41022,41138,41250,41358,41461,41560,41653,41741,41823,41899,41968,42031,42087,42136,42178,42212,42240,42259,42272,42277,42275,42266,42249,42226,42196,42159,42116,42066,42010,41949,41881,41808,41730,41647,41559,41466,41368,41266,41160,41049,40935,40816,40694,40568,40439,40307,40171,40032,39890,39746,39598,39448,39295,39141,38983,38824,38663,38501,38336,38171,38004,37837,37669,37500,37331,37162,36993,36825,36657,36491,36326,36162,36000,35840,35682,35526,35374,35224,35078,34935,34795,34660,34528,34401,34279,34161,34047,33939,33836,33738,33645,33557,33474,33397,33325,33257,33195,33137,33084,33036,32991,32950,32913,32878,_
32884,32860,32838,32818,32799,32783,32767,32752,32738,32725,32712,32699,32687,32674,32662,32651,32639,32629,32619,32610,32602,32596,32591,32588,32587,32589,32594,32601,32612,32625,32643,32664,32689,32718,32750,32787,32827,32872,32920,32971,33026,33084,33145,33209,33276,33345,33416,33488,33562,33638,33714,33791,33869,33947,34025,34103,34181,34258,34335,34411,34486,34560,34633,34704,34774,34843,34910,34975,35038,35099,35157,35213,35266,35316,35363,35407,35446,35482,35514,35542,35565,35583,35596,35604,35607,35604,35595,35580,35560,35533,35500,35462,35417,35366,35309,35246,35177,35103,35023,34937,34846,34751,34650,34544,34435,34320,34203,34081,33956,33828,33698,33565,33430,33293,33156,33018,32879,32741,32604,32468,32334,32202,32073,31947,31826,31709,31597,31491,31391,31297,31210,31130,31057,30992,30935,30886,30845,30812,30787,30770,30760,30759,30764,30776,30796,30821,30853,30891,30934,30982,31035,31093,31154,31220,31289,31361,31436,31514,31595,31678,31763,31850,31939,32029,32121,32214,32309,32404,32500,32597,32694,32792,32890,32988,33086,33183,33280,33377,33473,33568,33661,33754,33845,33935,34023,34109,34194,34277,34358,34438,34515,34592,34666,34740,34812,34883,34953,35022,35091,35160,35228,35297,35366,35437,35508,35580,35654,35730,35807,35887,35968,36052,36138,36226,36317,36409,36505,36602,36701,36803,36906,37011,37118,37226,37336,37447,37559,37672,37787,37902,38019,38136,38255,38374,38495,38616,38738,38861,38986,39111,39237,39363,39491,39619,39748,39877,40006,40135,40264,40392,40520,40647,40772,40895,41016,41135,41251,41364,41473,41578,41679,41775,41866,41952,42032,42106,42174,42236,42291,42339,42380,42414,42441,42461,42474,42480,42478,42470,42454,42432,42403,42367,42325,42276,42221,42160,42093,42021,41942,41859,41770,41676,41577,41473,41365,41252,41135,41013,40887,40757,40624,40486,40345,40201,40053,39903,39749,39593,39434,39272,39108,38943,38775,38606,38435,38263,38090,37916,37742,37567,37393,37218,37044,36871,36699,36527,36358,36190,36024,35860,35699,35540,35385,35233,35084,34939,34797,34660,34528,34400,34276,34158,34044,33936,33833,33736,33644,33557,33476,33400,33330,33265,33205,33150,33100,33054,33013,32976,32942,32912,_
32946,32925,32907,32891,32877,32864,32853,32843,32833,32824,32816,32808,32801,32793,32786,32780,32774,32768,32764,32760,32758,32757,32758,32760,32766,32773,32784,32797,32814,32834,32858,32886,32918,32953,32993,33036,33084,33136,33191,33250,33313,33379,33448,33519,33594,33671,33750,33830,33913,33996,34081,34166,34252,34338,34424,34510,34595,34681,34765,34848,34931,35012,35092,35171,35248,35324,35397,35469,35538,35605,35669,35731,35790,35845,35897,35946,35991,36031,36067,36099,36125,36147,36163,36174,36180,36179,36172,36160,36141,36115,36084,36046,36002,35951,35894,35831,35762,35686,35605,35519,35426,35329,35226,35118,35006,34889,34768,34643,34515,34384,34250,34113,33974,33834,33692,33550,33407,33264,33122,32982,32843,32706,32572,32442,32315,32194,32077,31965,31860,31760,31668,31583,31505,31434,31372,31317,31270,31231,31200,31177,31162,31154,31153,31160,31173,31192,31218,31250,31287,31329,31376,31428,31484,31544,31608,31675,31745,31818,31894,31973,32054,32137,32222,32309,32397,32487,32579,32671,32765,32860,32956,33052,33148,33245,33342,33439,33536,33632,33728,33822,33916,34009,34101,34192,34281,34368,34454,34539,34622,34703,34783,34861,34938,35014,35089,35163,35236,35309,35381,35453,35526,35599,35672,35747,35822,35899,35978,36058,36139,36223,36309,36397,36486,36578,36672,36768,36866,36966,37067,37170,37275,37380,37487,37596,37705,37815,37926,38038,38150,38263,38377,38491,38607,38723,38839,38957,39075,39194,39314,39435,39557,39680,39803,39927,40052,40177,40302,40427,40552,40677,40801,40925,41046,41167,41285,41401,41514,41624,41731,41833,41932,42026,42115,42199,42278,42350,42417,42478,42532,42580,42621,42655,42682,42702,42715,42722,42721,42713,42699,42677,42649,42614,42573,42525,42471,42411,42344,42272,42194,42110,42020,41925,41825,41719,41609,41493,41373,41248,41118,40984,40846,40704,40558,40408,40255,40098,39938,39775,39610,39442,39271,39099,38924,38748,38571,38392,38213,38033,37852,37672,37491,37311,37131,36953,36776,36600,36425,36253,36083,35915,35751,35589,35430,35275,35123,34976,34833,34694,34559,34430,34305,34186,34072,33964,33861,33764,33672,33586,33506,33432,33363,33300,33242,33190,33142,33099,33061,33026,32996,32969,_
33030,33013,32998,32986,32976,32967,32960,32954,32949,32944,32941,32937,32934,32932,32930,32928,32927,32926,32927,32928,32931,32936,32942,32951,32962,32975,32991,33011,33034,33060,33091,33125,33163,33206,33252,33303,33357,33416,33479,33545,33615,33689,33765,33845,33927,34012,34099,34187,34277,34369,34461,34554,34648,34742,34836,34930,35023,35116,35208,35299,35389,35477,35565,35650,35734,35816,35896,35974,36050,36123,36193,36261,36325,36386,36443,36496,36545,36590,36631,36666,36696,36721,36741,36755,36762,36764,36760,36749,36731,36707,36677,36640,36596,36545,36488,36425,36355,36279,36197,36109,36015,35915,35810,35700,35585,35466,35342,35214,35083,34948,34810,34670,34527,34383,34237,34090,33943,33796,33650,33505,33361,33220,33081,32946,32815,32688,32567,32450,32340,32236,32138,32048,31964,31889,31821,31761,31708,31664,31627,31599,31578,31564,31558,31558,31566,31579,31599,31625,31657,31693,31735,31781,31832,31886,31945,32007,32072,32141,32212,32286,32363,32442,32524,32607,32692,32780,32868,32959,33050,33143,33237,33332,33427,33523,33619,33715,33812,33908,34003,34098,34193,34286,34379,34470,34560,34649,34736,34822,34906,34990,35071,35152,35231,35310,35387,35464,35540,35616,35692,35767,35844,35920,35998,36076,36156,36237,36320,36404,36490,36578,36667,36759,36852,36948,37045,37144,37244,37346,37450,37554,37660,37767,37874,37983,38091,38201,38311,38421,38532,38643,38754,38866,38979,39092,39205,39319,39434,39550,39666,39783,39901,40020,40140,40260,40381,40503,40625,40747,40869,40990,41111,41232,41351,41468,41584,41697,41808,41916,42020,42121,42218,42310,42398,42481,42558,42630,42696,42756,42810,42857,42898,42932,42959,42980,42994,43001,43001,42994,42981,42960,42933,42899,42859,42812,42758,42699,42633,42560,42482,42398,42307,42211,42109,42002,41889,41771,41648,41519,41386,41248,41105,40958,40807,40652,40492,40330,40164,39994,39822,39648,39471,39291,39110,38927,38743,38558,38372,38185,37999,37812,37625,37439,37254,37070,36888,36707,36528,36351,36177,36005,35836,35671,35509,35350,35196,35046,34900,34759,34623,34492,34366,34245,34130,34021,33918,33821,33729,33644,33565,33491,33424,33362,33306,33255,33210,33169,33133,33102,33074,33051,_
33138,33124,33112,33103,33096,33091,33088,33086,33084,33084,33084,33085,33087,33089,33091,33094,33098,33103,33108,33115,33123,33133,33144,33158,33175,33194,33216,33242,33271,33303,33340,33381,33425,33474,33527,33585,33647,33712,33782,33856,33933,34014,34098,34185,34275,34367,34462,34558,34656,34755,34855,34956,35057,35159,35261,35362,35463,35563,35662,35761,35858,35954,36048,36141,36231,36320,36407,36491,36573,36652,36728,36801,36870,36936,36998,37056,37110,37159,37203,37243,37276,37305,37327,37344,37354,37358,37356,37347,37331,37308,37278,37242,37198,37148,37091,37027,36957,36880,36796,36707,36611,36510,36403,36290,36173,36051,35924,35793,35658,35520,35379,35235,35088,34940,34790,34639,34488,34337,34186,34036,33889,33743,33600,33460,33325,33193,33067,32946,32831,32722,32620,32524,32436,32356,32283,32217,32160,32110,32069,32034,32008,31989,31977,31972,31974,31982,31997,32017,32043,32074,32110,32151,32197,32246,32300,32357,32417,32481,32549,32619,32691,32767,32845,32925,33007,33091,33178,33266,33355,33446,33538,33632,33726,33821,33917,34012,34108,34204,34300,34395,34490,34584,34677,34769,34860,34950,35039,35126,35212,35297,35380,35463,35545,35625,35705,35785,35864,35943,36022,36101,36180,36261,36342,36424,36508,36593,36680,36768,36858,36949,37043,37138,37235,37334,37434,37536,37639,37743,37848,37954,38061,38169,38277,38385,38494,38603,38712,38821,38930,39040,39149,39259,39369,39479,39590,39701,39813,39926,40039,40153,40268,40383,40500,40617,40735,40854,40973,41092,41211,41330,41448,41566,41683,41798,41912,42023,42132,42238,42341,42440,42536,42627,42714,42795,42872,42943,43009,43068,43122,43169,43210,43245,43273,43294,43308,43316,43317,43311,43299,43279,43253,43220,43181,43134,43082,43022,42957,42884,42806,42721,42630,42533,42429,42320,42205,42084,41958,41826,41689,41547,41400,41248,41091,40930,40766,40597,40425,40249,40071,39889,39705,39519,39331,39142,38951,38759,38566,38373,38180,37987,37794,37603,37412,37222,37034,36848,36664,36483,36304,36128,35955,35786,35620,35458,35301,35148,34999,34856,34717,34584,34457,34335,34219,34109,34005,33907,33816,33730,33651,33578,33512,33451,33396,33347,33303,33264,33231,33201,33176,33155,_
33268,33256,33247,33241,33238,33236,33236,33237,33240,33243,33247,33252,33258,33264,33271,33279,33287,33296,33307,33318,33332,33347,33364,33383,33405,33430,33458,33489,33524,33563,33605,33652,33703,33759,33819,33883,33951,34024,34101,34181,34266,34354,34445,34539,34637,34736,34838,34942,35047,35154,35262,35370,35479,35588,35697,35806,35914,36022,36128,36234,36338,36441,36542,36641,36739,36834,36927,37017,37105,37190,37271,37350,37424,37495,37562,37625,37683,37736,37785,37828,37865,37896,37922,37941,37954,37960,37960,37952,37938,37916,37887,37851,37808,37758,37701,37637,37565,37487,37403,37312,37215,37111,37002,36888,36768,36643,36513,36379,36241,36100,35955,35807,35657,35505,35351,35196,35041,34885,34731,34577,34425,34275,34128,33984,33844,33708,33577,33452,33332,33219,33112,33012,32920,32834,32757,32687,32624,32570,32523,32484,32453,32428,32411,32401,32398,32401,32410,32425,32446,32472,32503,32538,32579,32623,32672,32725,32781,32840,32903,32969,33038,33110,33184,33262,33341,33423,33506,33592,33680,33769,33860,33952,34045,34139,34234,34329,34425,34521,34617,34712,34807,34902,34996,35089,35181,35272,35361,35450,35538,35624,35710,35794,35878,35961,36043,36125,36207,36289,36370,36453,36536,36620,36704,36790,36878,36966,37057,37148,37242,37337,37434,37533,37633,37735,37838,37942,38048,38154,38261,38369,38477,38585,38694,38803,38911,39020,39128,39236,39345,39452,39560,39668,39776,39884,39992,40101,40210,40320,40431,40542,40654,40767,40881,40996,41111,41227,41344,41461,41577,41694,41811,41927,42041,42155,42267,42377,42484,42589,42691,42789,42883,42974,43060,43141,43217,43288,43353,43413,43466,43514,43555,43590,43619,43641,43656,43665,43667,43662,43651,43632,43607,43575,43537,43491,43439,43380,43314,43242,43163,43078,42986,42887,42783,42671,42554,42431,42301,42166,42025,41879,41727,41571,41409,41243,41073,40898,40720,40538,40353,40165,39974,39782,39587,39391,39193,38994,38795,38595,38396,38196,37998,37800,37603,37408,37214,37023,36834,36647,36464,36283,36106,35933,35763,35598,35437,35281,35130,34983,34843,34707,34578,34454,34337,34225,34121,34022,33930,33844,33765,33693,33626,33566,33512,33464,33421,33384,33352,33325,33302,33283,_
33420,33410,33404,33400,33399,33400,33403,33408,33414,33421,33429,33437,33447,33457,33469,33480,33493,33507,33522,33539,33557,33577,33599,33624,33651,33682,33715,33752,33793,33838,33887,33940,33997,34059,34125,34196,34271,34350,34434,34521,34613,34708,34806,34907,35012,35119,35228,35339,35451,35565,35681,35796,35912,36029,36145,36261,36377,36491,36605,36717,36828,36938,37046,37152,37255,37357,37456,37552,37646,37736,37823,37907,37987,38063,38134,38202,38264,38321,38373,38420,38460,38495,38523,38545,38561,38569,38570,38564,38551,38531,38503,38467,38425,38375,38317,38253,38181,38102,38016,37924,37825,37720,37609,37492,37369,37242,37109,36972,36831,36686,36538,36387,36233,36077,35919,35761,35601,35442,35283,35125,34969,34815,34664,34516,34372,34232,34097,33968,33844,33727,33616,33512,33415,33325,33243,33168,33101,33042,32991,32947,32911,32882,32860,32845,32836,32834,32838,32849,32864,32885,32911,32942,32978,33018,33062,33110,33162,33217,33276,33338,33403,33472,33543,33617,33694,33773,33854,33938,34024,34111,34201,34291,34384,34477,34571,34666,34762,34857,34953,35049,35144,35239,35334,35428,35521,35613,35704,35794,35883,35971,36058,36144,36230,36315,36399,36484,36568,36652,36737,36822,36908,36995,37083,37173,37263,37355,37449,37544,37641,37740,37840,37942,38045,38150,38255,38362,38470,38578,38687,38796,38905,39015,39124,39233,39342,39450,39558,39665,39772,39879,39986,40092,40198,40304,40411,40517,40625,40732,40841,40950,41060,41170,41282,41395,41508,41622,41736,41851,41966,42082,42196,42311,42424,42536,42647,42756,42862,42966,43067,43165,43259,43348,43434,43515,43591,43662,43727,43787,43841,43890,43932,43967,43997,44019,44036,44046,44049,44045,44034,44017,43993,43962,43924,43879,43828,43769,43704,43632,43552,43466,43373,43274,43167,43054,42935,42809,42676,42538,42393,42243,42087,41925,41759,41587,41411,41231,41047,40859,40667,40473,40276,40076,39875,39672,39468,39262,39056,38850,38644,38439,38234,38030,37827,37626,37427,37230,37036,36844,36656,36471,36289,36112,35938,35769,35605,35445,35291,35141,34998,34860,34728,34603,34484,34371,34265,34165,34072,33986,33906,33833,33767,33707,33653,33606,33564,33528,33497,33471,33450,33433,_
33593,33585,33581,33580,33581,33585,33590,33598,33607,33617,33628,33640,33654,33668,33683,33699,33716,33735,33754,33776,33799,33824,33851,33881,33914,33949,33989,34031,34078,34128,34183,34242,34306,34374,34446,34523,34605,34691,34781,34875,34973,35075,35180,35289,35400,35514,35630,35748,35868,35989,36111,36234,36357,36480,36604,36727,36849,36970,37091,37210,37328,37444,37558,37670,37780,37888,37993,38095,38194,38290,38383,38472,38556,38637,38713,38785,38851,38913,38968,39018,39062,39100,39131,39155,39173,39183,39186,39182,39170,39151,39124,39089,39047,38997,38939,38874,38802,38722,38635,38542,38441,38334,38221,38102,37977,37847,37712,37572,37427,37279,37128,36973,36815,36656,36495,36332,36169,36006,35843,35682,35522,35364,35209,35057,34909,34766,34627,34493,34366,34244,34129,34021,33920,33826,33740,33662,33590,33527,33471,33423,33382,33348,33322,33302,33289,33282,33282,33287,33298,33314,33336,33362,33393,33428,33468,33512,33559,33611,33666,33724,33786,33851,33919,33990,34064,34141,34220,34302,34386,34472,34560,34649,34741,34833,34927,35021,35117,35212,35308,35404,35500,35596,35691,35785,35879,35972,36064,36155,36246,36335,36424,36512,36599,36686,36773,36860,36946,37033,37120,37208,37297,37387,37478,37570,37664,37759,37856,37954,38054,38156,38259,38364,38469,38576,38685,38794,38903,39013,39124,39234,39345,39455,39565,39674,39783,39891,39999,40106,40212,40318,40423,40528,40633,40738,40843,40948,41053,41159,41266,41373,41482,41591,41701,41811,41923,42035,42149,42262,42376,42490,42603,42717,42829,42940,43050,43158,43264,43368,43468,43566,43659,43749,43835,43916,43992,44063,44129,44190,44245,44293,44336,44373,44403,44427,44445,44455,44460,44457,44448,44432,44408,44378,44341,44297,44246,44188,44123,44050,43971,43884,43790,43689,43581,43466,43344,43216,43080,42939,42790,42636,42476,42310,42138,41962,41780,41594,41404,41210,41013,40812,40608,40402,40194,39985,39774,39562,39349,39137,38924,38712,38501,38291,38082,37875,37671,37468,37269,37072,36879,36689,36503,36321,36143,35970,35802,35639,35481,35329,35183,35042,34908,34780,34659,34544,34436,34335,34241,34154,34073,34000,33933,33873,33819,33772,33731,33695,33665,33640,33620,33605,_
33788,33781,33778,33779,33782,33788,33796,33806,33818,33831,33845,33861,33878,33895,33914,33934,33956,33978,34003,34028,34056,34086,34118,34154,34191,34233,34277,34326,34378,34434,34495,34560,34629,34704,34782,34866,34953,35046,35142,35243,35348,35456,35568,35683,35801,35921,36044,36169,36296,36424,36552,36682,36812,36942,37072,37202,37331,37459,37586,37712,37836,37958,38079,38197,38313,38427,38538,38645,38750,38851,38949,39043,39132,39218,39298,39374,39444,39509,39569,39622,39669,39710,39744,39771,39790,39803,39808,39805,39795,39776,39750,39716,39674,39624,39566,39501,39428,39347,39259,39164,39062,38954,38838,38717,38590,38457,38319,38177,38029,37878,37723,37565,37404,37241,37077,36911,36744,36577,36411,36246,36082,35921,35762,35606,35455,35308,35165,35028,34897,34772,34653,34541,34436,34339,34249,34166,34091,34023,33964,33911,33866,33828,33797,33773,33755,33744,33739,33740,33746,33758,33775,33797,33824,33855,33890,33930,33973,34021,34072,34127,34186,34248,34313,34381,34452,34527,34604,34683,34766,34850,34937,35025,35115,35207,35300,35394,35489,35585,35681,35777,35873,35969,36065,36160,36255,36348,36442,36534,36626,36717,36807,36896,36985,37074,37163,37251,37340,37429,37519,37609,37701,37793,37887,37982,38078,38176,38275,38377,38479,38584,38689,38796,38905,39014,39124,39235,39346,39458,39570,39682,39793,39904,40015,40125,40234,40342,40449,40556,40662,40767,40872,40976,41080,41183,41287,41391,41495,41600,41705,41811,41918,42026,42135,42244,42355,42466,42578,42691,42804,42917,43030,43142,43254,43365,43475,43583,43688,43792,43892,43989,44083,44174,44260,44341,44418,44490,44557,44618,44673,44723,44767,44805,44837,44862,44880,44892,44898,44896,44888,44873,44851,44822,44786,44742,44692,44634,44569,44496,44416,44329,44234,44132,44022,43905,43781,43650,43512,43367,43215,43057,42892,42722,42546,42364,42177,41986,41790,41590,41386,41179,40970,40757,40543,40327,40109,39891,39672,39453,39234,39016,38798,38582,38368,38155,37945,37737,37532,37330,37132,36937,36746,36560,36378,36201,36029,35862,35701,35545,35396,35253,35116,34985,34862,34745,34635,34532,34437,34348,34267,34192,34125,34064,34010,33962,33921,33886,33856,33832,33813,33798,_
34003,33998,33996,33998,34003,34010,34020,34032,34047,34062,34080,34098,34118,34140,34162,34186,34211,34238,34267,34297,34329,34364,34401,34441,34485,34531,34581,34635,34693,34755,34821,34892,34967,35048,35132,35222,35316,35414,35517,35624,35735,35850,35968,36090,36214,36341,36470,36602,36735,36869,37005,37141,37277,37414,37551,37687,37822,37957,38090,38222,38352,38481,38607,38731,38853,38972,39089,39202,39312,39418,39521,39619,39713,39803,39888,39968,40042,40111,40174,40230,40281,40324,40360,40390,40412,40426,40433,40432,40422,40405,40380,40346,40305,40255,40197,40131,40058,39976,39888,39791,39688,39577,39461,39337,39208,39073,38932,38787,38637,38482,38324,38163,37999,37833,37665,37495,37325,37155,36985,36816,36649,36484,36322,36163,36008,35858,35712,35571,35437,35308,35186,35070,34962,34861,34767,34681,34602,34531,34467,34411,34362,34320,34285,34256,34235,34219,34210,34206,34208,34216,34229,34246,34269,34296,34327,34363,34403,34447,34495,34546,34601,34660,34722,34788,34857,34929,35004,35081,35162,35245,35330,35417,35506,35597,35690,35783,35878,35973,36069,36166,36262,36359,36455,36551,36646,36741,36835,36928,37021,37113,37205,37296,37386,37477,37567,37657,37748,37839,37931,38023,38117,38212,38308,38405,38504,38604,38706,38810,38915,39021,39129,39239,39349,39460,39572,39685,39798,39911,40024,40137,40249,40361,40472,40583,40692,40800,40908,41014,41120,41225,41329,41432,41536,41639,41742,41845,41948,42052,42156,42262,42368,42475,42583,42692,42801,42912,43024,43136,43248,43361,43474,43586,43698,43808,43918,44026,44132,44235,44336,44434,44529,44619,44706,44788,44866,44939,45007,45069,45126,45177,45222,45261,45294,45320,45340,45354,45361,45361,45354,45340,45319,45290,45255,45212,45162,45104,45039,44966,44886,44798,44702,44599,44488,44369,44243,44109,43968,43820,43665,43503,43334,43159,42979,42792,42600,42404,42202,41997,41787,41574,41358,41140,40919,40697,40473,40248,40023,39797,39572,39348,39124,38902,38682,38463,38247,38034,37824,37617,37413,37214,37018,36828,36641,36460,36284,36114,35949,35790,35637,35491,35351,35218,35092,34973,34861,34756,34658,34568,34485,34409,34341,34279,34224,34176,34135,34099,34069,34045,34026,34012,_
34239,34234,34233,34236,34242,34251,34263,34277,34293,34311,34331,34353,34376,34400,34426,34454,34483,34514,34546,34581,34618,34657,34699,34744,34793,34844,34900,34959,35022,35090,35162,35238,35320,35406,35496,35592,35692,35796,35905,36018,36135,36256,36381,36508,36639,36772,36908,37046,37185,37325,37467,37610,37752,37895,38038,38180,38322,38462,38602,38740,38876,39010,39142,39272,39400,39524,39646,39764,39879,39990,40098,40201,40299,40393,40482,40566,40644,40716,40782,40842,40895,40941,40980,41012,41036,41053,41061,41061,41053,41037,41013,40980,40939,40889,40831,40765,40691,40609,40519,40422,40317,40205,40086,39961,39829,39692,39549,39401,39248,39091,38930,38766,38599,38429,38258,38085,37912,37739,37566,37394,37223,37055,36890,36727,36569,36415,36266,36123,35985,35853,35727,35609,35497,35393,35295,35206,35123,35049,34981,34921,34868,34822,34784,34751,34726,34706,34693,34685,34683,34687,34695,34709,34728,34751,34778,34810,34847,34887,34931,34980,35032,35087,35147,35210,35276,35346,35418,35494,35573,35654,35738,35824,35913,36003,36094,36188,36282,36377,36473,36569,36666,36763,36859,36955,37051,37147,37242,37336,37430,37523,37616,37708,37800,37892,37984,38076,38168,38261,38355,38449,38545,38641,38739,38839,38940,39042,39146,39252,39359,39467,39577,39688,39801,39914,40027,40141,40256,40370,40484,40598,40711,40824,40936,41046,41156,41265,41372,41479,41584,41689,41793,41896,41999,42102,42204,42307,42410,42514,42618,42722,42828,42935,43042,43151,43260,43371,43482,43594,43707,43820,43932,44045,44157,44268,44378,44487,44593,44697,44799,44897,44993,45084,45172,45256,45334,45408,45477,45541,45599,45652,45698,45739,45773,45801,45822,45837,45845,45847,45841,45828,45808,45781,45746,45704,45655,45597,45532,45459,45378,45289,45193,45088,44975,44855,44727,44590,44447,44296,44137,43972,43799,43620,43435,43244,43047,42846,42639,42428,42213,41994,41772,41548,41321,41092,40862,40631,40400,40168,39937,39707,39477,39249,39023,38799,38577,38359,38143,37931,37722,37518,37318,37123,36932,36747,36567,36392,36224,36061,35905,35755,35613,35477,35348,35226,35112,35005,34905,34813,34728,34651,34581,34518,34462,34413,34371,34335,34305,34280,34262,34248,_
34494,34490,34490,34493,34500,34510,34523,34539,34557,34577,34600,34624,34649,34677,34706,34737,34770,34805,34841,34880,34922,34966,35012,35062,35115,35172,35233,35297,35366,35439,35517,35599,35686,35778,35874,35975,36081,36192,36306,36425,36548,36675,36806,36939,37076,37215,37357,37500,37645,37792,37940,38088,38237,38386,38534,38682,38830,38976,39121,39265,39406,39546,39684,39819,39952,40081,40208,40331,40451,40567,40679,40786,40889,40987,41080,41167,41249,41324,41394,41457,41512,41561,41603,41637,41663,41681,41691,41693,41686,41671,41648,41615,41575,41525,41467,41401,41327,41244,41153,41055,40949,40835,40715,40588,40454,40315,40170,40019,39864,39704,39540,39373,39203,39031,38856,38681,38504,38328,38152,37977,37803,37632,37463,37298,37137,36980,36828,36681,36540,36405,36277,36155,36041,35933,35833,35740,35654,35576,35505,35441,35385,35336,35293,35257,35228,35204,35187,35176,35170,35170,35174,35184,35199,35218,35242,35271,35303,35340,35381,35426,35475,35528,35585,35645,35709,35777,35847,35921,35998,36078,36160,36245,36332,36422,36513,36605,36699,36794,36890,36986,37083,37179,37276,37373,37469,37566,37661,37756,37851,37945,38039,38132,38226,38319,38412,38505,38599,38694,38789,38885,38982,39080,39180,39281,39384,39488,39594,39701,39810,39920,40032,40144,40258,40372,40487,40603,40718,40833,40949,41063,41177,41290,41403,41514,41624,41733,41841,41948,42053,42158,42262,42366,42469,42571,42674,42776,42879,42983,43087,43192,43297,43404,43512,43621,43730,43841,43953,44065,44178,44291,44405,44518,44630,44742,44853,44962,45070,45175,45277,45377,45474,45566,45655,45740,45820,45896,45966,46032,46091,46145,46193,46236,46271,46301,46324,46340,46350,46353,46348,46337,46318,46291,46258,46216,46167,46110,46045,45971,45890,45801,45703,45597,45483,45361,45230,45092,44946,44792,44630,44461,44285,44102,43913,43717,43516,43309,43098,42881,42661,42437,42209,41979,41746,41512,41276,41039,40802,40564,40327,40091,39855,39622,39390,39160,38933,38709,38488,38271,38058,37849,37644,37444,37249,37059,36875,36697,36525,36359,36199,36046,35900,35761,35629,35505,35388,35278,35177,35082,34996,34916,34845,34780,34723,34673,34629,34592,34561,34537,34517,34503,_
34770,34765,34765,34769,34777,34788,34802,34819,34838,34861,34885,34911,34940,34970,35002,35036,35073,35111,35152,35195,35240,35289,35340,35395,35453,35515,35580,35650,35724,35803,35886,35974,36066,36163,36266,36372,36484,36600,36720,36845,36974,37106,37242,37382,37524,37669,37816,37965,38116,38269,38422,38576,38730,38885,39039,39192,39345,39497,39647,39796,39943,40088,40231,40372,40509,40644,40775,40903,41027,41147,41263,41375,41482,41584,41680,41771,41856,41935,42007,42073,42131,42183,42227,42263,42291,42311,42323,42326,42320,42306,42284,42252,42212,42163,42105,42038,41964,41880,41789,41689,41582,41468,41346,41217,41082,40940,40793,40640,40482,40320,40154,39984,39811,39636,39459,39281,39101,38922,38743,38565,38389,38215,38043,37875,37711,37551,37397,37247,37103,36966,36834,36710,36592,36481,36378,36282,36193,36112,36038,35971,35911,35858,35812,35773,35740,35713,35692,35677,35667,35663,35664,35670,35681,35697,35718,35743,35772,35806,35843,35885,35932,35982,36036,36093,36155,36220,36289,36361,36436,36514,36595,36679,36765,36853,36943,37035,37128,37222,37318,37414,37511,37608,37705,37802,37898,37995,38091,38187,38282,38377,38472,38566,38660,38755,38849,38944,39039,39134,39231,39328,39427,39527,39628,39730,39834,39940,40047,40156,40266,40378,40490,40604,40719,40835,40951,41067,41183,41300,41415,41531,41646,41759,41872,41984,42095,42204,42312,42419,42526,42631,42735,42839,42942,43045,43148,43251,43354,43458,43562,43668,43774,43881,43989,44099,44209,44320,44433,44546,44660,44774,44888,45002,45115,45228,45340,45451,45559,45666,45770,45871,45969,46063,46154,46240,46322,46399,46471,46538,46599,46655,46705,46749,46786,46818,46842,46860,46871,46875,46872,46862,46844,46819,46786,46745,46696,46639,46574,46501,46419,46329,46231,46124,46008,45884,45752,45611,45463,45306,45141,44969,44790,44603,44410,44210,44004,43793,43577,43355,43130,42900,42667,42432,42194,41953,41712,41469,41226,40983,40740,40498,40257,40018,39781,39546,39314,39084,38858,38636,38418,38204,37995,37790,37591,37397,37209,37027,36851,36681,36518,36362,36212,36070,35935,35808,35688,35576,35472,35375,35286,35205,35131,35065,35006,34954,34909,34871,34839,34814,34794,34779,_
35065,35060,35060,35064,35071,35083,35098,35116,35137,35160,35187,35215,35246,35279,35314,35351,35391,35433,35477,35524,35574,35627,35683,35742,35805,35872,35942,36017,36097,36180,36269,36362,36460,36563,36670,36783,36900,37021,37147,37277,37411,37549,37691,37836,37983,38134,38286,38441,38597,38755,38913,39073,39232,39392,39551,39710,39868,40025,40181,40334,40486,40636,40784,40929,41071,41210,41346,41478,41607,41731,41851,41966,42077,42182,42282,42376,42465,42546,42622,42690,42751,42805,42851,42889,42919,42941,42954,42959,42955,42942,42920,42889,42849,42800,42743,42676,42601,42517,42425,42325,42217,42101,41978,41848,41711,41567,41418,41263,41103,40939,40770,40598,40423,40245,40065,39884,39702,39520,39339,39158,38979,38802,38628,38458,38291,38129,37971,37819,37672,37532,37398,37271,37150,37037,36931,36832,36740,36655,36578,36508,36445,36389,36340,36297,36260,36230,36206,36187,36174,36166,36164,36167,36174,36186,36203,36225,36251,36282,36316,36355,36399,36446,36497,36552,36612,36674,36741,36811,36884,36961,37040,37123,37207,37294,37384,37475,37567,37661,37756,37852,37948,38045,38142,38239,38336,38433,38530,38626,38722,38818,38913,39008,39103,39198,39293,39389,39485,39582,39679,39778,39878,39979,40081,40185,40290,40397,40505,40615,40726,40838,40952,41067,41182,41299,41416,41533,41650,41767,41883,41999,42115,42229,42342,42455,42566,42676,42785,42892,42999,43105,43210,43314,43418,43521,43625,43729,43833,43937,44043,44149,44256,44364,44473,44583,44695,44807,44920,45035,45150,45265,45380,45496,45611,45725,45838,45950,46060,46168,46274,46376,46476,46572,46664,46752,46836,46915,46989,47058,47121,47179,47231,47276,47316,47349,47375,47395,47407,47413,47411,47402,47385,47361,47329,47289,47240,47184,47119,47045,46963,46873,46773,46665,46548,46423,46289,46146,45995,45836,45668,45493,45310,45120,44923,44720,44510,44294,44073,43847,43617,43383,43145,42904,42661,42415,42168,41920,41672,41423,41175,40928,40681,40437,40194,39954,39717,39482,39252,39025,38802,38583,38369,38161,37957,37759,37567,37381,37201,37028,36861,36701,36549,36403,36265,36135,36013,35898,35791,35691,35600,35516,35441,35372,35311,35258,35211,35171,35138,35111,35090,35075,_
35379,35374,35373,35376,35384,35396,35412,35430,35452,35477,35505,35535,35568,35603,35641,35681,35724,35770,35818,35868,35922,35979,36040,36104,36171,36243,36319,36398,36483,36572,36666,36764,36867,36975,37088,37206,37328,37455,37586,37722,37861,38004,38151,38301,38454,38609,38767,38927,39088,39251,39414,39578,39743,39907,40072,40235,40398,40560,40720,40878,41035,41189,41341,41491,41637,41781,41920,42057,42189,42317,42441,42560,42674,42783,42886,42983,43074,43159,43237,43308,43371,43427,43475,43515,43547,43571,43585,43591,43588,43576,43555,43525,43486,43437,43380,43313,43238,43154,43061,42961,42852,42735,42610,42479,42340,42195,42044,41888,41726,41559,41389,41214,41037,40857,40675,40491,40307,40122,39938,39755,39574,39394,39218,39045,38876,38711,38551,38396,38247,38104,37968,37838,37715,37599,37490,37388,37293,37206,37126,37053,36987,36927,36875,36829,36789,36755,36727,36705,36689,36678,36672,36671,36676,36685,36698,36717,36739,36767,36799,36835,36875,36920,36968,37021,37078,37138,37203,37271,37342,37417,37495,37576,37659,37745,37833,37923,38015,38108,38203,38298,38394,38491,38588,38685,38782,38879,38975,39072,39168,39264,39360,39456,39552,39647,39743,39840,39937,40034,40133,40232,40333,40434,40537,40642,40748,40856,40965,41075,41187,41300,41415,41530,41646,41763,41881,41998,42116,42233,42350,42467,42583,42698,42812,42924,43036,43147,43256,43365,43472,43579,43684,43790,43894,43999,44103,44208,44313,44419,44526,44633,44741,44851,44961,45073,45185,45299,45414,45530,45646,45763,45880,45997,46114,46230,46344,46458,46570,46680,46787,46892,46993,47091,47186,47276,47362,47443,47519,47589,47655,47714,47768,47816,47857,47892,47920,47941,47956,47963,47962,47954,47939,47915,47884,47844,47797,47740,47675,47602,47519,47428,47328,47219,47101,46974,46838,46694,46541,46379,46209,46031,45845,45652,45451,45244,45030,44811,44586,44355,44121,43882,43639,43394,43145,42895,42643,42390,42137,41883,41630,41377,41126,40876,40629,40384,40141,39902,39667,39435,39208,38985,38767,38554,38346,38144,37948,37758,37574,37397,37227,37064,36908,36759,36618,36485,36360,36242,36132,36030,35936,35850,35772,35701,35638,35582,35534,35492,35457,35429,35407,35390,_
35713,35706,35704,35708,35715,35727,35743,35762,35785,35811,35840,35872,35907,35944,35984,36027,36073,36122,36173,36228,36286,36347,36411,36480,36552,36628,36709,36794,36883,36977,37076,37179,37288,37401,37519,37642,37769,37901,38038,38178,38322,38471,38622,38777,38935,39095,39258,39422,39588,39755,39924,40092,40261,40431,40599,40767,40935,41101,41265,41428,41589,41747,41903,42057,42207,42354,42498,42638,42774,42906,43033,43155,43272,43384,43490,43590,43684,43771,43851,43925,43990,44049,44099,44141,44174,44199,44215,44222,44221,44210,44189,44160,44121,44073,44016,43949,43874,43790,43697,43595,43485,43368,43242,43109,42970,42823,42671,42513,42349,42181,42008,41832,41652,41470,41286,41100,40914,40727,40541,40355,40172,39990,39812,39636,39465,39298,39135,38978,38827,38682,38543,38410,38285,38166,38055,37950,37853,37763,37680,37604,37534,37472,37416,37367,37324,37287,37256,37231,37211,37197,37188,37184,37184,37190,37201,37216,37236,37260,37289,37322,37359,37401,37447,37498,37552,37610,37673,37739,37808,37881,37957,38036,38119,38203,38290,38379,38470,38562,38656,38751,38846,38942,39039,39136,39233,39330,39426,39523,39620,39716,39812,39908,40004,40101,40197,40294,40391,40490,40589,40689,40790,40892,40996,41101,41207,41315,41425,41536,41648,41762,41877,41993,42109,42226,42344,42462,42580,42698,42815,42932,43049,43164,43278,43392,43504,43616,43726,43835,43943,44051,44158,44264,44370,44476,44582,44688,44795,44902,45010,45119,45229,45340,45452,45565,45680,45795,45912,46030,46148,46266,46385,46504,46623,46741,46857,46973,47087,47199,47308,47415,47519,47619,47715,47808,47896,47979,48057,48130,48197,48259,48315,48365,48408,48445,48475,48498,48513,48522,48523,48517,48502,48480,48449,48410,48363,48307,48242,48168,48086,47994,47893,47783,47664,47536,47398,47252,47097,46933,46761,46580,46392,46195,45992,45781,45564,45341,45112,44877,44639,44395,44149,43899,43646,43391,43134,42877,42618,42360,42102,41845,41589,41334,41082,40832,40586,40342,40102,39866,39634,39407,39185,38968,38756,38550,38350,38157,37969,37789,37615,37449,37289,37138,36993,36857,36728,36608,36495,36390,36294,36205,36124,36051,35985,35927,35877,35833,35796,35766,35743,35725,_
36065,36057,36054,36057,36064,36076,36091,36111,36134,36161,36191,36225,36261,36301,36343,36389,36438,36489,36544,36602,36664,36729,36798,36870,36947,37028,37113,37203,37297,37396,37500,37608,37722,37840,37963,38091,38223,38360,38501,38646,38795,38948,39105,39264,39426,39591,39758,39927,40097,40269,40442,40615,40788,40961,41134,41306,41477,41647,41816,41983,42147,42310,42469,42626,42780,42931,43078,43221,43361,43495,43626,43751,43871,43985,44094,44197,44293,44383,44465,44541,44608,44668,44720,44764,44799,44825,44843,44851,44851,44840,44821,44792,44754,44706,44649,44583,44508,44423,44330,44228,44117,43999,43873,43739,43598,43451,43297,43137,42972,42802,42628,42450,42268,42084,41898,41711,41522,41334,41145,40958,40772,40589,40408,40231,40057,39888,39724,39564,39411,39263,39122,38987,38859,38738,38624,38517,38417,38324,38238,38160,38087,38022,37963,37911,37865,37825,37791,37762,37739,37722,37709,37702,37700,37702,37709,37722,37738,37760,37785,37816,37851,37890,37933,37981,38033,38089,38149,38213,38280,38351,38426,38503,38584,38667,38752,38840,38930,39021,39114,39208,39303,39398,39494,39591,39688,39784,39881,39978,40074,40170,40267,40363,40459,40556,40653,40750,40848,40946,41046,41146,41247,41350,41454,41560,41666,41775,41884,41996,42108,42222,42337,42453,42570,42687,42805,42923,43041,43159,43277,43394,43511,43627,43742,43856,43969,44081,44192,44302,44412,44521,44629,44736,44844,44951,45059,45167,45275,45384,45494,45605,45717,45830,45944,46059,46176,46294,46413,46532,46652,46773,46894,47015,47136,47256,47375,47493,47609,47723,47835,47944,48050,48153,48251,48346,48436,48522,48602,48677,48747,48811,48869,48921,48966,49005,49037,49061,49079,49089,49091,49086,49073,49051,49022,48983,48936,48881,48816,48742,48659,48567,48466,48355,48235,48106,47967,47819,47662,47496,47322,47139,46948,46749,46542,46328,46108,45882,45649,45411,45169,44922,44671,44417,44160,43901,43640,43378,43116,42853,42590,42329,42068,41810,41553,41299,41048,40800,40556,40316,40080,39849,39623,39402,39186,38977,38773,38576,38385,38201,38024,37854,37692,37537,37390,37250,37118,36995,36879,36772,36672,36580,36497,36421,36353,36293,36240,36194,36155,36123,36098,36078,_
36436,36426,36423,36424,36431,36442,36457,36477,36501,36528,36559,36594,36632,36673,36718,36766,36817,36872,36930,36992,37057,37126,37199,37276,37357,37442,37532,37626,37725,37829,37937,38050,38169,38292,38419,38552,38689,38830,38976,39126,39280,39437,39598,39762,39928,40097,40268,40441,40616,40791,40968,41145,41322,41499,41675,41851,42026,42200,42372,42542,42710,42876,43039,43199,43356,43510,43660,43807,43949,44086,44219,44347,44470,44587,44698,44803,44901,44993,45077,45154,45224,45286,45339,45384,45421,45449,45467,45477,45477,45468,45449,45421,45383,45336,45280,45213,45138,45053,44960,44858,44747,44628,44501,44366,44225,44076,43921,43760,43594,43423,43247,43067,42884,42699,42511,42322,42132,41941,41751,41562,41375,41189,41007,40828,40652,40481,40315,40153,39998,39848,39705,39568,39437,39314,39197,39088,38985,38890,38801,38720,38645,38576,38515,38459,38410,38367,38330,38298,38272,38251,38235,38225,38220,38219,38223,38232,38246,38264,38287,38315,38347,38383,38424,38469,38519,38572,38630,38692,38757,38826,38899,38975,39053,39135,39219,39305,39394,39484,39576,39668,39762,39857,39953,40049,40145,40241,40337,40434,40530,40626,40723,40819,40915,41012,41109,41206,41304,41403,41502,41603,41704,41807,41911,42016,42123,42232,42341,42452,42565,42679,42794,42909,43026,43143,43261,43379,43498,43616,43734,43851,43968,44085,44200,44315,44429,44542,44654,44765,44876,44986,45096,45205,45314,45424,45533,45643,45753,45865,45977,46090,46204,46319,46436,46554,46673,46793,46914,47036,47159,47282,47405,47529,47652,47775,47896,48016,48135,48252,48366,48477,48586,48691,48792,48889,48981,49069,49152,49230,49302,49368,49428,49482,49529,49570,49604,49630,49649,49661,49665,49661,49649,49628,49599,49562,49515,49460,49395,49322,49239,49146,49044,48933,48812,48681,48541,48392,48233,48066,47889,47704,47511,47310,47100,46884,46661,46431,46196,45955,45709,45459,45204,44947,44686,44423,44159,43893,43626,43360,43093,42828,42563,42301,42040,41782,41527,41275,41027,40783,40544,40309,40079,39855,39636,39422,39215,39015,38821,38634,38453,38280,38115,37957,37806,37664,37529,37402,37284,37173,37071,36976,36890,36812,36741,36678,36623,36575,36534,36499,36472,36451,_
36825,36814,36809,36809,36815,36825,36840,36860,36884,36912,36944,36980,37019,37062,37109,37159,37213,37270,37331,37396,37465,37537,37614,37695,37780,37870,37964,38063,38166,38274,38388,38506,38628,38756,38888,39025,39167,39313,39463,39617,39775,39937,40101,40269,40440,40613,40788,40964,41142,41322,41502,41682,41863,42043,42223,42402,42580,42757,42932,43106,43277,43445,43612,43775,43935,44091,44244,44393,44537,44677,44813,44943,45068,45187,45300,45407,45507,45601,45687,45766,45837,45900,45955,46002,46039,46068,46088,46099,46100,46091,46073,46046,46009,45962,45906,45840,45764,45680,45586,45484,45373,45253,45126,44991,44848,44699,44543,44381,44214,44041,43864,43684,43499,43313,43123,42933,42741,42549,42358,42167,41978,41791,41607,41426,41249,41076,40908,40744,40587,40435,40290,40151,40018,39892,39773,39661,39556,39458,39367,39283,39205,39134,39069,39011,38959,38912,38872,38837,38808,38784,38765,38752,38743,38740,38741,38747,38758,38773,38793,38818,38847,38881,38919,38961,39008,39060,39115,39174,39238,39305,39375,39449,39526,39606,39688,39773,39860,39948,40039,40131,40224,40317,40412,40507,40602,40698,40794,40890,40986,41082,41178,41274,41370,41467,41563,41661,41758,41857,41956,42057,42158,42261,42365,42470,42577,42685,42794,42905,43017,43131,43245,43361,43477,43594,43712,43830,43948,44067,44185,44302,44420,44537,44653,44768,44883,44997,45110,45223,45335,45447,45558,45669,45781,45892,46004,46116,46228,46342,46457,46572,46689,46807,46926,47047,47168,47291,47415,47540,47665,47791,47917,48043,48169,48294,48418,48541,48663,48782,48899,49013,49124,49231,49335,49434,49529,49620,49705,49785,49859,49928,49990,50046,50096,50138,50174,50202,50223,50236,50241,50239,50228,50208,50180,50143,50097,50042,49978,49904,49821,49728,49626,49514,49392,49260,49119,48969,48809,48640,48462,48275,48080,47876,47665,47446,47221,46988,46750,46506,46258,46004,45747,45486,45222,44956,44688,44419,44149,43879,43609,43340,43072,42805,42541,42280,42021,41766,41514,41267,41024,40786,40553,40325,40102,39886,39676,39472,39275,39084,38901,38725,38556,38395,38242,38096,37959,37829,37708,37594,37489,37392,37303,37221,37148,37083,37025,36974,36931,36894,36865,36842,_
37232,37220,37213,37212,37217,37226,37241,37260,37284,37312,37345,37382,37422,37467,37515,37568,37624,37684,37748,37816,37888,37964,38044,38129,38218,38312,38410,38513,38621,38734,38851,38974,39101,39233,39370,39511,39657,39807,39961,40119,40281,40447,40615,40787,40961,41137,41316,41496,41677,41860,42043,42226,42410,42593,42776,42958,43139,43319,43497,43673,43847,44018,44187,44352,44515,44673,44828,44979,45126,45268,45406,45538,45664,45785,45900,46009,46111,46206,46293,46374,46446,46511,46567,46615,46653,46683,46704,46715,46717,46710,46693,46666,46629,46583,46526,46461,46386,46301,46208,46105,45994,45874,45746,45611,45468,45318,45161,44999,44831,44657,44480,44298,44113,43925,43734,43542,43350,43157,42964,42772,42581,42393,42207,42025,41846,41671,41502,41337,41177,41024,40876,40735,40600,40472,40351,40237,40129,40029,39935,39848,39767,39693,39626,39565,39509,39460,39417,39379,39346,39319,39298,39281,39269,39263,39261,39264,39271,39284,39301,39323,39349,39380,39416,39456,39500,39549,39602,39659,39720,39785,39853,39925,40000,40077,40158,40241,40326,40414,40503,40593,40685,40777,40871,40965,41060,41154,41250,41345,41440,41536,41631,41727,41823,41919,42015,42112,42210,42308,42407,42507,42608,42711,42814,42919,43025,43133,43242,43352,43464,43577,43691,43806,43922,44039,44157,44274,44392,44511,44629,44747,44864,44982,45098,45215,45330,45445,45560,45674,45788,45901,46015,46128,46241,46355,46469,46584,46699,46815,46933,47051,47171,47291,47414,47537,47662,47787,47914,48042,48170,48299,48428,48557,48686,48814,48941,49066,49190,49312,49432,49548,49662,49772,49878,49981,50078,50171,50259,50341,50418,50489,50553,50612,50663,50708,50745,50775,50798,50812,50819,50817,50808,50789,50762,50726,50680,50626,50561,50488,50405,50312,50209,50096,49974,49841,49700,49548,49387,49216,49037,48848,48651,48446,48233,48012,47785,47550,47310,47064,46812,46556,46296,46033,45766,45497,45226,44954,44681,44408,44135,43863,43592,43322,43055,42790,42529,42270,42016,41765,41519,41278,41042,40811,40585,40366,40153,39946,39746,39553,39367,39188,39016,38852,38696,38548,38407,38275,38150,38034,37926,37826,37734,37650,37574,37506,37445,37392,37346,37308,37276,37251,_
37657,37643,37635,37633,37636,37645,37659,37678,37701,37730,37763,37800,37842,37888,37938,37992,38050,38113,38179,38250,38325,38405,38489,38577,38670,38768,38870,38977,39089,39206,39328,39454,39586,39722,39863,40008,40158,40312,40470,40632,40798,40967,41139,41313,41491,41670,41852,42035,42220,42405,42591,42777,42964,43150,43335,43520,43703,43885,44065,44244,44419,44593,44764,44931,45096,45256,45413,45566,45715,45858,45997,46131,46259,46381,46498,46608,46711,46807,46896,46978,47051,47117,47174,47222,47262,47293,47314,47327,47329,47322,47306,47279,47243,47197,47141,47076,47001,46917,46823,46721,46610,46490,46362,46226,46083,45932,45775,45612,45443,45270,45091,44909,44723,44534,44343,44150,43956,43762,43568,43375,43184,42994,42807,42623,42443,42267,42096,41929,41768,41613,41463,41320,41184,41053,40930,40813,40703,40600,40504,40414,40331,40254,40183,40119,40061,40009,39962,39921,39886,39856,39831,39811,39796,39787,39782,39782,39787,39796,39810,39829,39853,39881,39914,39951,39993,40039,40090,40144,40203,40265,40331,40401,40474,40549,40628,40709,40793,40878,40965,41054,41145,41236,41328,41421,41514,41608,41702,41797,41891,41986,42081,42176,42271,42367,42463,42560,42657,42754,42853,42953,43053,43155,43258,43362,43468,43575,43683,43793,43904,44017,44130,44245,44360,44477,44594,44711,44829,44947,45065,45183,45301,45419,45536,45654,45770,45887,46003,46118,46234,46349,46464,46580,46696,46812,46928,47046,47164,47283,47404,47525,47648,47772,47897,48024,48152,48280,48410,48541,48673,48804,48937,49069,49200,49331,49461,49590,49716,49841,49963,50083,50199,50312,50421,50526,50626,50722,50812,50897,50976,51049,51116,51176,51230,51276,51315,51347,51371,51387,51395,51395,51386,51369,51342,51307,51262,51208,51144,51071,50987,50894,50791,50678,50555,50422,50279,50127,49965,49793,49613,49423,49225,49018,48803,48581,48352,48115,47873,47625,47371,47113,46851,46585,46317,46045,45772,45497,45222,44946,44670,44395,44122,43850,43580,43312,43048,42787,42530,42277,42028,41784,41545,41311,41084,40862,40646,40436,40234,40038,39849,39667,39493,39327,39168,39017,38873,38738,38611,38492,38381,38278,38184,38097,38018,37947,37884,37829,37780,37739,37705,37678,_
38100,38084,38074,38070,38072,38080,38093,38112,38135,38164,38197,38235,38278,38325,38376,38432,38492,38557,38626,38700,38778,38860,38948,39040,39136,39237,39344,39455,39571,39691,39817,39948,40083,40223,40368,40517,40670,40828,40990,41155,41324,41496,41671,41849,42029,42212,42396,42582,42769,42957,43145,43334,43523,43711,43898,44085,44271,44454,44637,44817,44994,45170,45342,45511,45677,45839,45998,46152,46302,46447,46587,46722,46851,46975,47092,47203,47307,47404,47494,47576,47651,47717,47775,47824,47865,47896,47918,47931,47934,47928,47912,47886,47850,47805,47749,47684,47610,47526,47432,47330,47219,47099,46971,46835,46691,46541,46384,46220,46051,45877,45698,45515,45329,45139,44948,44754,44560,44365,44170,43976,43784,43593,43405,43220,43039,42862,42689,42521,42358,42201,42050,41905,41766,41634,41508,41389,41277,41171,41072,40980,40894,40814,40741,40674,40613,40558,40508,40464,40425,40392,40364,40342,40324,40311,40303,40300,40302,40308,40320,40336,40357,40382,40412,40447,40486,40529,40577,40629,40685,40745,40809,40876,40946,41020,41096,41175,41257,41341,41426,41513,41602,41691,41782,41874,41966,42059,42152,42245,42339,42432,42526,42621,42715,42810,42905,43001,43098,43195,43293,43392,43492,43593,43695,43799,43904,44010,44118,44227,44337,44449,44561,44675,44790,44906,45022,45139,45257,45375,45493,45612,45730,45848,45966,46084,46202,46320,46437,46554,46672,46789,46907,47025,47143,47262,47381,47502,47623,47745,47869,47994,48120,48247,48376,48506,48637,48769,48902,49036,49171,49306,49441,49577,49711,49845,49978,50110,50240,50367,50493,50615,50734,50850,50961,51069,51172,51270,51362,51450,51531,51606,51675,51738,51793,51842,51883,51916,51942,51960,51969,51970,51962,51946,51920,51885,51841,51787,51724,51650,51567,51474,51371,51257,51134,51001,50857,50704,50541,50369,50187,49997,49797,49590,49374,49150,48919,48682,48438,48188,47933,47674,47410,47142,46871,46598,46323,46046,45769,45491,45213,44936,44660,44386,44114,43845,43578,43315,43055,42800,42549,42302,42061,41825,41595,41371,41153,40941,40736,40538,40347,40163,39986,39817,39656,39502,39356,39219,39089,38967,38854,38748,38651,38562,38480,38407,38341,38283,38232,38189,38152,38123,_
38560,38542,38531,38525,38526,38533,38545,38563,38586,38614,38648,38686,38729,38778,38830,38888,38950,39017,39088,39164,39245,39331,39421,39516,39616,39721,39831,39945,40065,40189,40319,40453,40592,40735,40884,41036,41193,41354,41519,41688,41859,42035,42213,42393,42576,42761,42948,43136,43325,43515,43705,43896,44086,44277,44466,44654,44841,45027,45210,45392,45571,45747,45921,46092,46259,46422,46581,46737,46887,47033,47174,47310,47440,47564,47682,47794,47899,47996,48087,48170,48245,48312,48370,48420,48461,48493,48515,48528,48532,48526,48510,48485,48449,48404,48349,48284,48210,48126,48033,47931,47820,47700,47573,47437,47293,47143,46986,46822,46653,46479,46300,46116,45930,45740,45548,45354,45159,44964,44769,44574,44381,44190,44001,43815,43632,43454,43280,43111,42947,42788,42635,42488,42348,42214,42086,41964,41850,41742,41640,41545,41456,41374,41298,41228,41164,41105,41053,41006,40964,40928,40897,40871,40850,40834,40823,40817,40816,40820,40828,40841,40859,40882,40909,40941,40977,41018,41063,41112,41165,41223,41284,41349,41417,41488,41562,41639,41718,41800,41883,41968,42055,42143,42232,42322,42413,42504,42596,42688,42780,42873,42966,43059,43153,43247,43341,43436,43532,43628,43725,43823,43923,44023,44124,44227,44331,44436,44543,44651,44761,44872,44984,45097,45211,45326,45442,45559,45676,45794,45912,46031,46149,46268,46387,46506,46625,46744,46863,46982,47102,47221,47341,47462,47583,47704,47827,47950,48075,48201,48328,48456,48585,48716,48848,48982,49116,49252,49389,49526,49665,49803,49942,50080,50218,50355,50491,50626,50759,50889,51018,51143,51265,51383,51498,51608,51713,51814,51909,51998,52082,52160,52231,52295,52353,52403,52446,52481,52508,52527,52538,52540,52533,52518,52493,52459,52415,52362,52299,52226,52142,52049,51946,51833,51709,51575,51432,51278,51115,50942,50759,50568,50368,50159,49943,49718,49486,49248,49003,48752,48496,48235,47970,47701,47429,47155,46878,46600,46321,46041,45762,45484,45206,44930,44656,44385,44117,43852,43590,43333,43080,42832,42589,42351,42119,41893,41673,41460,41253,41052,40859,40673,40494,40323,40159,40003,39855,39715,39583,39459,39343,39235,39135,39043,38959,38883,38815,38754,38701,38655,38616,38585,_
39037,39017,39004,38997,38996,39002,39013,39030,39053,39081,39115,39154,39197,39246,39300,39359,39423,39492,39565,39644,39727,39815,39908,40006,40109,40217,40331,40449,40572,40699,40832,40970,41112,41259,41410,41566,41726,41890,42058,42229,42404,42581,42762,42945,43130,43317,43506,43696,43887,44078,44270,44463,44655,44846,45037,45226,45414,45601,45786,45968,46148,46326,46500,46671,46839,47003,47163,47319,47470,47617,47758,47894,48025,48149,48268,48379,48485,48583,48673,48756,48832,48899,48957,49008,49049,49081,49104,49117,49121,49116,49100,49075,49040,48995,48940,48876,48802,48718,48626,48524,48413,48294,48166,48030,47887,47737,47580,47417,47248,47073,46894,46711,46525,46335,46143,45949,45754,45558,45363,45168,44974,44782,44593,44406,44223,44043,43868,43698,43532,43372,43218,43069,42927,42791,42661,42537,42420,42310,42206,42108,42016,41931,41852,41779,41712,41651,41595,41545,41501,41461,41427,41398,41374,41355,41341,41332,41328,41329,41334,41344,41359,41379,41403,41432,41465,41503,41546,41592,41643,41698,41756,41818,41884,41952,42024,42098,42175,42255,42336,42419,42504,42590,42677,42765,42854,42944,43034,43124,43216,43307,43399,43491,43583,43676,43770,43864,43958,44054,44150,44247,44345,44444,44545,44647,44750,44854,44960,45067,45176,45286,45397,45509,45623,45737,45852,45969,46086,46204,46322,46440,46560,46679,46799,46919,47039,47159,47280,47401,47523,47645,47767,47890,48014,48139,48264,48391,48519,48648,48779,48911,49044,49178,49314,49451,49590,49729,49869,50010,50152,50294,50436,50578,50719,50859,50999,51136,51272,51406,51537,51665,51790,51911,52028,52141,52249,52352,52449,52541,52627,52707,52780,52847,52906,52958,53003,53040,53068,53089,53101,53104,53098,53083,53059,53026,52983,52930,52867,52794,52711,52618,52515,52402,52278,52144,52000,51846,51683,51510,51327,51135,50935,50725,50508,50283,50051,49812,49566,49315,49058,48796,48531,48261,47988,47713,47435,47156,46876,46596,46315,46036,45757,45480,45205,44933,44663,44397,44134,43876,43621,43372,43127,42888,42655,42427,42205,41990,41781,41580,41385,41197,41016,40843,40677,40519,40369,40227,40092,39966,39848,39737,39635,39541,39454,39376,39305,39242,39186,39138,39097,39064,_
39530,39509,39494,39485,39483,39488,39498,39514,39537,39564,39598,39637,39681,39731,39786,39846,39911,39981,40057,40137,40223,40314,40409,40510,40616,40727,40843,40964,41090,41221,41357,41498,41643,41793,41947,42106,42269,42435,42606,42779,42956,43136,43318,43503,43690,43879,44069,44261,44453,44646,44840,45033,45226,45418,45610,45800,45989,46176,46362,46545,46725,46903,47078,47249,47418,47582,47742,47898,48049,48196,48338,48474,48604,48729,48847,48959,49064,49162,49253,49336,49411,49478,49537,49587,49628,49660,49683,49697,49701,49695,49680,49655,49620,49576,49521,49457,49384,49301,49208,49107,48996,48877,48750,48615,48472,48322,48166,48003,47834,47660,47482,47299,47112,46923,46731,46537,46342,46146,45951,45756,45562,45370,45180,44992,44808,44628,44452,44281,44114,43953,43797,43647,43503,43364,43232,43107,42988,42875,42768,42668,42574,42486,42404,42328,42258,42194,42135,42082,42034,41992,41954,41922,41895,41873,41856,41844,41837,41834,41837,41844,41856,41873,41894,41920,41950,41985,42025,42069,42116,42168,42224,42283,42346,42412,42481,42553,42627,42704,42783,42864,42946,43030,43115,43201,43288,43376,43465,43554,43643,43733,43824,43915,44006,44098,44190,44283,44376,44470,44565,44661,44759,44857,44956,45057,45159,45262,45367,45473,45581,45690,45800,45911,46024,46138,46253,46369,46486,46603,46721,46840,46960,47080,47201,47322,47443,47565,47688,47811,47935,48059,48184,48310,48437,48565,48694,48824,48955,49088,49222,49358,49494,49633,49772,49913,50055,50199,50343,50487,50632,50778,50923,51069,51213,51357,51499,51640,51779,51916,52050,52181,52308,52432,52552,52667,52778,52883,52983,53077,53165,53247,53323,53391,53452,53506,53552,53590,53620,53642,53655,53660,53655,53641,53618,53585,53542,53490,53428,53355,53273,53180,53077,52963,52840,52706,52562,52408,52244,52071,51888,51696,51496,51286,51069,50844,50612,50372,50126,49875,49618,49356,49090,48820,48547,48271,47993,47714,47433,47152,46872,46591,46312,46035,45759,45486,45215,44948,44685,44425,44170,43920,43675,43434,43200,42971,42748,42532,42322,42118,41922,41733,41551,41376,41209,41049,40897,40753,40616,40488,40367,40255,40150,40054,39965,39884,39811,39746,39688,39638,39595,39559,_
40040,40016,40000,39990,39986,39989,39999,40014,40036,40064,40097,40136,40181,40231,40287,40348,40414,40486,40563,40645,40733,40826,40924,41027,41136,41249,41368,41492,41621,41754,41893,42036,42184,42337,42494,42655,42820,42989,43161,43337,43516,43697,43881,44068,44256,44446,44638,44831,45024,45218,45412,45606,45800,45993,46185,46375,46565,46752,46938,47121,47301,47479,47654,47825,47993,48158,48318,48473,48624,48771,48912,49048,49178,49302,49420,49531,49636,49734,49824,49907,49982,50049,50107,50157,50198,50230,50253,50266,50270,50265,50250,50225,50190,50146,50092,50028,49955,49872,49780,49679,49569,49451,49324,49189,49047,48898,48742,48580,48412,48238,48060,47878,47692,47503,47311,47118,46923,46728,46532,46337,46143,45951,45761,45573,45389,45208,45031,44859,44691,44528,44371,44220,44074,43934,43800,43672,43551,43435,43326,43223,43127,43036,42951,42873,42800,42732,42671,42614,42563,42518,42478,42442,42412,42387,42367,42352,42341,42336,42335,42339,42348,42362,42380,42403,42431,42463,42499,42540,42585,42634,42686,42743,42803,42866,42932,43001,43073,43147,43224,43302,43382,43464,43546,43630,43716,43801,43888,43975,44063,44152,44240,44330,44419,44510,44601,44692,44784,44877,44971,45066,45162,45259,45357,45457,45558,45660,45764,45869,45975,46083,46193,46303,46415,46529,46643,46759,46875,46993,47111,47230,47350,47471,47593,47715,47838,47962,48086,48211,48337,48464,48592,48721,48851,48982,49114,49248,49383,49519,49657,49796,49937,50079,50222,50367,50513,50660,50808,50956,51105,51254,51403,51552,51700,51846,51992,52136,52278,52418,52554,52688,52819,52945,53067,53185,53298,53406,53508,53605,53695,53779,53856,53926,53989,54044,54092,54132,54163,54186,54200,54206,54202,54189,54166,54134,54092,54041,53979,53907,53824,53732,53629,53516,53392,53259,53115,52961,52798,52625,52442,52251,52050,51841,51624,51399,51167,50928,50682,50431,50174,49912,49646,49377,49104,48828,48550,48271,47991,47710,47429,47149,46870,46592,46316,46043,45772,45505,45241,44982,44726,44475,44229,43989,43753,43524,43300,43083,42872,42668,42471,42280,42097,41921,41752,41591,41437,41292,41154,41023,40901,40787,40680,40582,40491,40408,40333,40265,40205,40153,40108,40070,_
40564,40539,40521,40510,40505,40507,40515,40530,40551,40578,40611,40650,40695,40746,40802,40864,40932,41005,41083,41167,41257,41352,41452,41557,41668,41784,41905,42031,42162,42298,42439,42585,42735,42890,43049,43212,43379,43550,43724,43901,44082,44265,44450,44638,44827,45018,45210,45404,45598,45792,45987,46181,46375,46568,46760,46950,47140,47327,47512,47695,47875,48053,48227,48398,48565,48729,48888,49044,49194,49340,49480,49615,49745,49868,49985,50096,50200,50297,50387,50469,50543,50609,50667,50717,50757,50789,50811,50825,50829,50823,50808,50783,50748,50704,50650,50587,50514,50432,50340,50240,50130,50012,49886,49753,49611,49463,49307,49146,48979,48806,48629,48447,48262,48073,47883,47690,47496,47301,47106,46911,46717,46525,46335,46147,45962,45781,45604,45430,45262,45098,44940,44787,44639,44498,44362,44232,44109,43991,43880,43774,43675,43581,43494,43412,43336,43266,43201,43142,43088,43039,42996,42958,42924,42896,42873,42855,42841,42832,42829,42830,42836,42846,42861,42881,42906,42935,42968,43006,43047,43093,43143,43196,43253,43314,43377,43443,43512,43584,43657,43733,43810,43889,43970,44052,44134,44218,44303,44388,44474,44561,44648,44735,44824,44913,45002,45092,45183,45275,45367,45461,45556,45651,45748,45847,45946,46048,46150,46254,46360,46467,46575,46685,46796,46909,47023,47138,47254,47372,47490,47610,47731,47852,47975,48098,48223,48348,48474,48602,48730,48860,48990,49122,49255,49389,49525,49662,49801,49941,50083,50226,50370,50516,50664,50812,50962,51113,51264,51416,51569,51721,51874,52026,52177,52327,52476,52623,52768,52910,53050,53187,53320,53449,53573,53694,53809,53919,54023,54122,54214,54300,54379,54451,54515,54572,54622,54663,54695,54719,54735,54741,54738,54726,54704,54673,54631,54580,54519,54447,54365,54273,54171,54058,53935,53802,53658,53505,53342,53169,52987,52796,52596,52387,52171,51947,51715,51477,51232,50981,50725,50464,50199,49930,49658,49383,49106,48827,48547,48267,47987,47707,47429,47151,46876,46603,46333,46066,45802,45543,45287,45036,44790,44550,44314,44085,43861,43643,43432,43227,43029,42838,42654,42477,42307,42145,41990,41843,41703,41572,41448,41332,41224,41123,41030,40946,40869,40799,40737,40683,40636,40597,_
41104,41077,41057,41044,41039,41039,41047,41061,41081,41108,41141,41180,41225,41275,41332,41395,41463,41537,41617,41702,41793,41890,41992,42099,42211,42329,42452,42581,42714,42852,42995,43143,43295,43451,43612,43777,43945,44117,44293,44471,44653,44837,45023,45211,45402,45593,45786,45979,46173,46368,46562,46756,46950,47143,47334,47525,47713,47900,48084,48267,48446,48623,48796,48966,49133,49295,49454,49608,49757,49902,50041,50175,50303,50426,50542,50652,50755,50850,50939,51020,51094,51159,51216,51265,51305,51336,51358,51371,51375,51369,51353,51328,51294,51250,51196,51133,51060,50978,50887,50788,50679,50562,50437,50303,50163,50015,49861,49700,49534,49363,49186,49006,48821,48634,48444,48252,48059,47865,47670,47476,47283,47091,46901,46713,46528,46347,46169,45995,45826,45661,45502,45347,45199,45055,44918,44786,44660,44541,44427,44319,44217,44121,44031,43946,43867,43794,43726,43664,43607,43555,43509,43467,43431,43399,43373,43352,43335,43323,43316,43314,43317,43324,43336,43353,43375,43400,43430,43465,43504,43546,43593,43643,43697,43754,43814,43878,43944,44012,44083,44156,44230,44307,44385,44464,44545,44626,44708,44792,44876,44960,45046,45131,45218,45305,45393,45482,45571,45661,45753,45845,45938,46033,46128,46226,46324,46424,46525,46628,46733,46839,46946,47056,47166,47278,47392,47507,47623,47740,47859,47979,48101,48223,48347,48472,48598,48725,48853,48983,49113,49245,49379,49514,49650,49787,49927,50067,50210,50354,50499,50646,50794,50944,51095,51248,51401,51556,51711,51867,52023,52179,52335,52490,52645,52798,52950,53100,53248,53393,53535,53675,53810,53942,54069,54191,54309,54421,54527,54628,54722,54810,54890,54964,55030,55088,55139,55181,55215,55240,55257,55264,55262,55251,55230,55199,55158,55107,55047,54975,54894,54803,54701,54588,54466,54333,54190,54038,53875,53703,53522,53331,53132,52925,52709,52486,52255,52018,51774,51525,51270,51010,50746,50478,50207,49933,49658,49380,49102,48823,48544,48265,47987,47711,47437,47165,46895,46629,46366,46107,45852,45602,45357,45116,44881,44652,44428,44210,43999,43794,43596,43404,43220,43042,42872,42709,42553,42405,42265,42132,42007,41889,41779,41678,41583,41497,41418,41347,41283,41227,41179,41138,_
41657,41629,41608,41593,41586,41586,41593,41606,41625,41652,41684,41723,41768,41819,41876,41939,42008,42083,42164,42250,42342,42440,42543,42652,42766,42885,43010,43140,43275,43415,43559,43708,43862,44020,44182,44348,44517,44691,44867,45046,45228,45413,45600,45788,45978,46170,46363,46556,46750,46944,47138,47331,47524,47716,47907,48096,48284,48470,48653,48834,49013,49188,49360,49529,49694,49855,50012,50165,50313,50456,50594,50726,50853,50974,51089,51197,51299,51393,51481,51561,51633,51697,51753,51801,51840,51870,51892,51904,51907,51901,51885,51860,51826,51782,51728,51665,51593,51512,51421,51322,51214,51098,50973,50841,50702,50555,50402,50242,50077,49907,49732,49553,49369,49183,48994,48804,48611,48418,48224,48031,47838,47647,47457,47270,47085,46904,46725,46551,46381,46216,46056,45900,45750,45605,45466,45333,45205,45083,44967,44857,44752,44654,44561,44474,44392,44316,44245,44179,44119,44065,44015,43970,43931,43896,43867,43842,43822,43807,43797,43792,43792,43796,43805,43818,43836,43859,43886,43917,43952,43992,44035,44082,44133,44187,44244,44304,44367,44432,44500,44570,44642,44716,44791,44867,44945,45024,45105,45186,45267,45350,45433,45517,45602,45687,45774,45861,45949,46037,46127,46218,46310,46403,46498,46593,46691,46790,46890,46992,47095,47200,47307,47415,47525,47637,47750,47865,47981,48099,48218,48338,48461,48584,48709,48835,48962,49091,49222,49354,49487,49622,49758,49896,50035,50176,50319,50463,50609,50756,50906,51056,51209,51362,51517,51674,51831,51989,52148,52307,52467,52626,52786,52944,53102,53258,53413,53566,53717,53865,54010,54151,54289,54423,54553,54677,54797,54911,55019,55122,55218,55307,55389,55464,55532,55591,55643,55687,55722,55748,55765,55773,55772,55762,55741,55711,55671,55621,55561,55490,55410,55319,55217,55106,54984,54852,54710,54558,54397,54225,54045,53856,53658,53451,53237,53015,52786,52550,52308,52060,51807,51549,51286,51020,50751,50479,50205,49929,49652,49375,49098,48821,48545,48270,47997,47726,47458,47193,46932,46674,46420,46171,45927,45687,45453,45224,45001,44784,44573,44368,44170,43979,43794,43616,43446,43282,43126,42977,42836,42703,42576,42458,42347,42244,42148,42060,41980,41908,41843,41785,41735,41692,_
42223,42193,42171,42156,42148,42146,42152,42164,42183,42209,42241,42279,42324,42375,42433,42496,42565,42641,42722,42809,42902,43001,43105,43215,43331,43451,43577,43708,43844,43985,44131,44281,44436,44595,44758,44924,45095,45268,45445,45625,45807,45991,46178,46366,46556,46748,46940,47132,47326,47519,47712,47904,48096,48287,48477,48665,48851,49035,49217,49397,49573,49747,49917,50085,50248,50407,50562,50713,50859,51001,51137,51267,51393,51512,51625,51731,51831,51924,52010,52088,52159,52222,52277,52324,52362,52391,52412,52423,52426,52419,52403,52378,52343,52299,52245,52183,52111,52030,51940,51841,51734,51619,51495,51364,51226,51081,50929,50771,50607,50438,50264,50087,49905,49720,49533,49343,49152,48960,48768,48575,48383,48193,48004,47817,47632,47451,47273,47098,46928,46762,46601,46444,46293,46147,46006,45871,45742,45618,45500,45387,45280,45179,45083,44993,44909,44830,44756,44688,44624,44567,44514,44466,44423,44386,44353,44325,44302,44284,44271,44263,44259,44260,44266,44276,44291,44310,44333,44361,44393,44430,44469,44513,44560,44611,44665,44722,44781,44844,44908,44975,45044,45115,45187,45261,45337,45413,45491,45569,45649,45729,45810,45892,45975,46059,46143,46229,46315,46402,46491,46580,46671,46762,46856,46950,47046,47144,47243,47344,47447,47551,47657,47764,47874,47985,48098,48212,48329,48447,48566,48687,48810,48935,49061,49188,49317,49448,49581,49715,49850,49988,50127,50268,50410,50555,50701,50848,50998,51149,51302,51457,51613,51770,51929,52089,52250,52412,52574,52737,52900,53063,53225,53387,53548,53707,53865,54020,54174,54324,54472,54616,54756,54892,55024,55150,55272,55388,55498,55602,55699,55790,55874,55950,56019,56080,56133,56178,56213,56241,56259,56268,56267,56258,56238,56209,56169,56120,56060,55991,55911,55820,55720,55609,55488,55357,55216,55065,54905,54735,54556,54368,54171,53967,53754,53534,53306,53072,52832,52586,52335,52079,51819,51555,51288,51018,50746,50473,50198,49923,49648,49373,49099,48827,48556,48287,48021,47758,47498,47242,46990,46742,46499,46261,46028,45800,45578,45362,45152,44948,44750,44559,44375,44198,44027,43864,43708,43559,43417,43283,43156,43037,42925,42821,42724,42635,42554,42480,42414,42355,42304,42260,_
42801,42770,42747,42731,42721,42719,42724,42735,42754,42779,42810,42848,42893,42944,43001,43065,43134,43210,43292,43380,43473,43572,43678,43788,43904,44026,44152,44284,44421,44563,44709,44860,45015,45174,45338,45505,45675,45849,46026,46205,46387,46571,46757,46945,47134,47325,47516,47707,47899,48091,48283,48474,48664,48854,49042,49228,49412,49595,49775,49952,50127,50299,50467,50632,50793,50950,51103,51252,51396,51535,51669,51798,51921,52038,52149,52253,52351,52442,52526,52603,52672,52733,52787,52832,52869,52897,52916,52927,52929,52921,52905,52879,52844,52800,52747,52684,52613,52532,52443,52345,52239,52125,52002,51872,51735,51591,51441,51285,51122,50955,50783,50607,50427,50244,50058,49870,49680,49490,49298,49107,48916,48727,48539,48352,48168,47987,47809,47635,47464,47298,47136,46979,46827,46679,46537,46401,46269,46144,46023,45908,45799,45696,45597,45505,45417,45336,45259,45188,45122,45061,45005,44954,44908,44867,44832,44801,44775,44753,44737,44725,44718,44716,44718,44725,44737,44753,44773,44797,44826,44859,44895,44935,44979,45027,45077,45130,45187,45246,45307,45371,45437,45505,45574,45645,45718,45791,45866,45943,46020,46098,46177,46257,46338,46420,46502,46586,46670,46756,46843,46931,47020,47110,47202,47296,47391,47487,47585,47685,47787,47890,47996,48103,48212,48323,48435,48550,48666,48784,48904,49026,49150,49275,49403,49532,49663,49795,49930,50066,50204,50344,50486,50630,50776,50923,51073,51224,51377,51532,51688,51846,52006,52167,52330,52493,52658,52823,52989,53155,53321,53487,53653,53817,53981,54143,54304,54462,54618,54771,54920,55067,55209,55347,55481,55609,55732,55850,55962,56067,56166,56259,56344,56421,56491,56553,56607,56653,56690,56718,56737,56746,56747,56738,56719,56690,56651,56603,56544,56475,56396,56306,56207,56097,55977,55847,55707,55558,55399,55230,55053,54867,54672,54469,54258,54040,53815,53584,53346,53102,52854,52600,52343,52081,51817,51550,51281,51010,50738,50466,50194,49921,49650,49380,49112,48845,48582,48321,48064,47810,47560,47314,47073,46836,46605,46379,46159,45944,45735,45532,45336,45146,44962,44785,44615,44452,44296,44147,44006,43871,43744,43625,43513,43408,43311,43221,43138,43064,42996,42936,42884,42839,_
43390,43358,43334,43317,43306,43303,43307,43318,43336,43360,43391,43429,43473,43524,43581,43644,43714,43790,43871,43959,44053,44153,44258,44369,44486,44607,44735,44867,45004,45146,45292,45443,45599,45758,45921,46088,46258,46431,46608,46786,46968,47151,47336,47523,47711,47900,48089,48280,48470,48660,48850,49039,49228,49415,49601,49785,49967,50147,50325,50500,50672,50841,51007,51170,51329,51483,51634,51780,51921,52058,52189,52315,52436,52550,52659,52761,52857,52946,53028,53103,53170,53229,53281,53325,53360,53387,53405,53415,53416,53407,53390,53364,53329,53285,53231,53169,53098,53018,52929,52832,52727,52614,52493,52364,52228,52086,51937,51782,51622,51457,51286,51112,50934,50752,50568,50382,50194,50005,49816,49626,49437,49248,49061,48876,48692,48512,48334,48160,47990,47823,47661,47503,47350,47201,47058,46920,46787,46659,46537,46420,46309,46203,46102,46007,45917,45833,45753,45679,45610,45546,45487,45433,45385,45341,45302,45267,45238,45214,45194,45179,45169,45163,45162,45166,45174,45187,45203,45224,45250,45279,45312,45349,45389,45433,45480,45530,45583,45638,45696,45757,45820,45884,45951,46019,46088,46159,46232,46305,46380,46456,46533,46611,46689,46769,46850,46932,47015,47099,47184,47270,47358,47447,47538,47630,47724,47820,47917,48016,48117,48219,48324,48431,48539,48650,48762,48877,48993,49112,49232,49355,49480,49606,49735,49865,49998,50133,50269,50408,50548,50691,50836,50982,51131,51282,51434,51589,51746,51904,52064,52226,52389,52553,52719,52886,53054,53223,53392,53561,53730,53899,54068,54235,54402,54566,54729,54890,55048,55203,55355,55503,55648,55788,55923,56053,56178,56297,56410,56517,56618,56711,56797,56876,56947,57010,57065,57111,57149,57178,57198,57208,57209,57201,57183,57155,57117,57069,57011,56943,56864,56776,56677,56569,56450,56321,56183,56035,55878,55711,55536,55351,55159,54958,54750,54534,54312,54083,53848,53607,53361,53111,52856,52598,52337,52073,51807,51540,51271,51002,50733,50464,50196,49929,49664,49400,49140,48882,48627,48376,48129,47885,47647,47412,47183,46959,46741,46528,46321,46120,45925,45736,45553,45378,45209,45046,44891,44743,44601,44467,44340,44221,44108,44003,43905,43815,43732,43657,43589,43528,43474,43428,_
43988,43956,43930,43912,43902,43898,43901,43911,43928,43951,43982,44019,44063,44113,44170,44233,44302,44378,44460,44548,44641,44741,44846,44957,45074,45195,45322,45455,45592,45733,45880,46030,46185,46344,46506,46673,46842,47014,47189,47367,47547,47729,47913,48098,48284,48471,48659,48847,49035,49223,49411,49598,49784,49969,50152,50333,50513,50691,50866,51038,51207,51374,51537,51697,51852,52004,52152,52295,52434,52567,52696,52819,52937,53049,53155,53255,53348,53434,53514,53586,53652,53709,53759,53801,53834,53860,53877,53885,53885,53876,53858,53832,53796,53752,53698,53636,53565,53486,53398,53302,53197,53085,52966,52839,52704,52564,52417,52264,52105,51942,51773,51601,51425,51246,51064,50880,50694,50507,50319,50131,49943,49756,49570,49386,49203,49024,48847,48673,48502,48336,48173,48015,47861,47712,47568,47428,47294,47165,47041,46922,46809,46700,46597,46500,46407,46320,46238,46161,46089,46022,45960,45904,45852,45805,45763,45725,45693,45665,45642,45624,45611,45602,45597,45598,45602,45611,45625,45642,45664,45690,45719,45752,45789,45829,45873,45919,45969,46021,46076,46133,46192,46254,46317,46382,46449,46517,46587,46658,46730,46803,46878,46953,47030,47108,47187,47267,47348,47430,47514,47599,47685,47773,47863,47954,48046,48141,48237,48335,48436,48538,48642,48748,48856,48967,49079,49194,49311,49430,49551,49674,49800,49927,50057,50189,50324,50460,50599,50740,50883,51028,51175,51325,51477,51630,51786,51944,52104,52265,52429,52594,52760,52928,53097,53267,53438,53610,53782,53955,54127,54299,54470,54640,54809,54976,55141,55304,55464,55621,55775,55925,56071,56213,56349,56481,56607,56728,56842,56951,57052,57146,57234,57313,57385,57449,57505,57552,57590,57620,57640,57652,57653,57646,57628,57601,57564,57517,57460,57393,57315,57228,57131,57023,56906,56779,56642,56496,56340,56176,56003,55821,55630,55432,55227,55014,54794,54569,54337,54099,53857,53610,53359,53105,52847,52587,52325,52061,51796,51531,51265,51000,50735,50472,50210,49951,49693,49439,49187,48939,48695,48455,48219,47988,47761,47540,47324,47113,46908,46709,46516,46329,46148,45974,45806,45645,45490,45343,45202,45069,44942,44823,44711,44606,44508,44417,44334,44258,44190,44128,44074,44027,_
44594,44561,44536,44517,44505,44501,44503,44513,44529,44552,44582,44618,44661,44711,44767,44830,44899,44974,45055,45143,45236,45335,45440,45551,45667,45788,45915,46046,46182,46324,46469,46619,46773,46931,47092,47257,47425,47596,47769,47946,48124,48304,48485,48668,48853,49038,49223,49409,49594,49780,49965,50149,50332,50514,50694,50873,51049,51224,51396,51565,51731,51895,52054,52211,52363,52512,52657,52797,52932,53063,53188,53308,53423,53532,53635,53732,53822,53906,53983,54053,54116,54171,54219,54259,54291,54315,54330,54337,54336,54326,54307,54280,54244,54200,54146,54084,54014,53935,53848,53753,53649,53539,53420,53295,53162,53023,52878,52727,52571,52409,52243,52073,51899,51722,51543,51361,51177,50992,50806,50620,50434,50249,50064,49881,49700,49521,49345,49172,49002,48836,48673,48514,48360,48210,48065,47925,47789,47659,47533,47413,47297,47187,47082,46982,46887,46797,46712,46633,46558,46488,46424,46364,46309,46259,46214,46174,46138,46107,46081,46060,46043,46031,46023,46020,46021,46027,46037,46051,46069,46091,46117,46146,46180,46216,46256,46299,46345,46394,46445,46499,46555,46613,46673,46735,46799,46864,46931,46999,47069,47140,47212,47285,47360,47436,47513,47591,47670,47751,47833,47917,48002,48088,48177,48267,48358,48452,48547,48645,48744,48846,48949,49055,49163,49274,49386,49501,49618,49738,49860,49984,50110,50239,50370,50504,50640,50778,50919,51062,51207,51355,51505,51657,51812,51968,52127,52288,52451,52616,52782,52950,53120,53291,53463,53636,53810,53985,54160,54335,54510,54684,54858,55030,55201,55370,55538,55703,55865,56023,56179,56331,56478,56621,56759,56892,57020,57141,57257,57366,57468,57564,57652,57732,57805,57870,57926,57974,58013,58043,58064,58076,58079,58072,58055,58029,57992,57946,57890,57824,57748,57662,57566,57460,57344,57219,57084,56940,56786,56624,56453,56274,56086,55891,55689,55479,55263,55041,54812,54579,54340,54097,53850,53600,53346,53090,52832,52573,52312,52051,51789,51528,51268,51009,50751,50495,50242,49991,49743,49499,49258,49022,48789,48561,48338,48119,47906,47698,47495,47299,47108,46923,46744,46572,46406,46246,46093,45947,45807,45675,45549,45430,45318,45214,45116,45026,44943,44867,44798,44736,44682,44634,_
45207,45174,45148,45129,45116,45111,45113,45122,45137,45159,45189,45224,45267,45316,45371,45433,45501,45576,45657,45743,45836,45934,46038,46148,46263,46384,46509,46640,46775,46915,47059,47208,47360,47516,47676,47839,48006,48175,48346,48520,48696,48874,49053,49233,49415,49597,49780,49962,50145,50328,50509,50690,50870,51049,51226,51401,51574,51745,51914,52079,52242,52402,52558,52711,52860,53005,53146,53283,53415,53542,53664,53781,53892,53998,54098,54192,54279,54360,54434,54502,54562,54615,54660,54698,54728,54750,54764,54770,54767,54756,54737,54709,54673,54628,54575,54513,54443,54365,54278,54184,54082,53972,53855,53732,53601,53464,53321,53172,53018,52859,52695,52528,52356,52182,52004,51825,51643,51461,51277,51093,50909,50726,50543,50362,50182,50004,49829,49657,49487,49321,49159,49001,48846,48696,48550,48409,48272,48140,48013,47891,47774,47662,47555,47452,47355,47263,47176,47094,47016,46944,46877,46814,46756,46703,46655,46612,46573,46539,46510,46485,46465,46450,46439,46432,46430,46432,46438,46449,46464,46482,46504,46530,46560,46593,46629,46669,46711,46756,46804,46854,46907,46962,47019,47078,47138,47201,47265,47330,47397,47466,47535,47607,47679,47753,47828,47904,47982,48061,48142,48224,48307,48393,48480,48569,48660,48752,48847,48944,49043,49144,49247,49353,49461,49571,49684,49799,49916,50036,50159,50284,50412,50542,50674,50809,50947,51087,51230,51375,51523,51673,51825,51980,52137,52296,52458,52622,52787,52955,53124,53295,53468,53642,53817,53993,54170,54347,54524,54702,54879,55055,55231,55406,55579,55750,55919,56085,56249,56410,56566,56719,56868,57012,57152,57286,57414,57537,57653,57763,57866,57962,58051,58132,58205,58271,58328,58376,58416,58447,58468,58481,58484,58478,58462,58436,58401,58356,58301,58236,58161,58076,57981,57877,57763,57640,57507,57365,57214,57055,56887,56710,56526,56334,56135,55929,55716,55498,55273,55044,54809,54571,54328,54082,53833,53582,53329,53074,52818,52561,52304,52048,51792,51537,51284,51033,50784,50537,50294,50054,49817,49584,49355,49131,48911,48696,48486,48281,48082,47888,47700,47517,47341,47171,47007,46849,46698,46553,46415,46284,46159,46041,45930,45826,45729,45639,45556,45480,45412,45350,45295,45248,_
45825,45792,45765,45746,45733,45727,45728,45736,45751,45773,45801,45836,45878,45926,45980,46041,46109,46182,46262,46348,46439,46536,46639,46748,46862,46981,47105,47234,47368,47506,47648,47795,47946,48100,48258,48418,48582,48749,48918,49089,49262,49437,49613,49791,49969,50148,50328,50507,50686,50865,51043,51221,51397,51572,51745,51917,52086,52253,52418,52579,52738,52894,53047,53196,53341,53482,53619,53752,53880,54004,54122,54236,54344,54446,54542,54633,54717,54795,54866,54931,54989,55039,55082,55118,55146,55166,55178,55182,55178,55166,55146,55118,55081,55036,54982,54921,54851,54774,54688,54595,54494,54386,54271,54148,54020,53885,53744,53597,53446,53289,53128,52963,52794,52622,52448,52271,52092,51912,51731,51549,51367,51186,51005,50826,50648,50472,50298,50126,49958,49792,49630,49472,49318,49167,49021,48879,48742,48609,48481,48357,48238,48125,48015,47911,47812,47718,47628,47544,47464,47389,47319,47253,47193,47137,47086,47039,46998,46961,46928,46900,46877,46858,46844,46834,46829,46827,46830,46837,46848,46863,46882,46904,46930,46960,46992,47028,47067,47109,47153,47200,47249,47301,47354,47410,47468,47527,47588,47651,47715,47781,47849,47917,47988,48059,48132,48207,48283,48361,48440,48520,48603,48687,48773,48861,48951,49043,49137,49233,49331,49432,49535,49641,49749,49859,49972,50087,50205,50326,50449,50575,50704,50835,50969,51106,51245,51387,51531,51679,51828,51981,52135,52292,52452,52614,52778,52944,53113,53283,53455,53629,53804,53980,54158,54336,54515,54695,54875,55054,55234,55412,55590,55766,55941,56114,56284,56452,56617,56779,56937,57091,57240,57386,57526,57660,57790,57913,58030,58141,58244,58341,58430,58512,58586,58651,58709,58758,58798,58829,58852,58865,58869,58863,58848,58823,58789,58745,58691,58627,58554,58470,58378,58275,58163,58042,57912,57772,57624,57467,57302,57129,56948,56760,56564,56362,56154,55939,55719,55494,55264,55030,54793,54552,54308,54061,53813,53563,53312,53061,52809,52558,52307,52057,51809,51562,51318,51077,50838,50602,50370,50141,49917,49696,49480,49269,49063,48861,48665,48475,48290,48110,47937,47769,47608,47452,47303,47160,47024,46894,46771,46654,46545,46442,46345,46256,46174,46098,46030,45968,45914,45866,_
46447,46413,46386,46366,46353,46347,46348,46355,46369,46390,46417,46451,46492,46539,46593,46653,46719,46791,46869,46954,47044,47140,47241,47348,47460,47577,47700,47827,47959,48095,48235,48379,48527,48679,48834,48992,49153,49317,49483,49651,49821,49992,50165,50339,50514,50689,50865,51040,51216,51391,51565,51738,51911,52081,52250,52418,52583,52746,52906,53064,53219,53370,53519,53663,53805,53942,54075,54204,54328,54447,54562,54671,54775,54874,54967,55054,55135,55210,55278,55340,55394,55442,55483,55516,55542,55560,55570,55573,55568,55555,55534,55504,55467,55422,55369,55307,55238,55161,55076,54984,54885,54778,54665,54544,54418,54285,54146,54002,53853,53699,53541,53379,53213,53044,52872,52698,52522,52344,52166,51987,51808,51629,51450,51273,51096,50922,50750,50580,50412,50248,50086,49929,49774,49624,49477,49335,49197,49063,48934,48810,48690,48574,48464,48358,48256,48160,48068,47981,47899,47822,47749,47681,47618,47559,47506,47456,47412,47372,47336,47305,47279,47257,47239,47226,47217,47212,47212,47215,47223,47234,47249,47268,47290,47316,47345,47377,47413,47451,47491,47535,47581,47629,47679,47732,47787,47843,47901,47961,48023,48087,48152,48218,48286,48356,48427,48500,48574,48650,48728,48807,48888,48972,49057,49144,49233,49324,49417,49513,49611,49711,49814,49920,50027,50138,50251,50367,50486,50607,50731,50858,50987,51120,51255,51393,51534,51677,51824,51973,52124,52279,52436,52595,52757,52921,53088,53256,53427,53600,53774,53950,54128,54306,54486,54667,54848,55029,55211,55392,55573,55753,55933,56110,56286,56461,56632,56801,56967,57130,57289,57444,57594,57740,57881,58016,58146,58269,58387,58498,58602,58699,58789,58871,58945,59011,59069,59118,59159,59191,59213,59227,59232,59227,59213,59189,59155,59112,59060,58997,58926,58844,58753,58653,58543,58424,58296,58160,58015,57861,57699,57529,57352,57168,56976,56779,56574,56365,56149,55929,55704,55475,55243,55007,54768,54527,54284,54040,53795,53549,53302,53057,52811,52567,52324,52083,51844,51607,51374,51143,50915,50692,50472,50256,50044,49837,49635,49438,49245,49058,48877,48700,48530,48365,48207,48054,47907,47767,47632,47505,47383,47268,47160,47058,46963,46875,46793,46718,46650,46589,46535,46487,_
47070,47036,47009,46989,46975,46969,46969,46976,46989,47009,47035,47069,47108,47154,47206,47265,47330,47400,47477,47560,47648,47742,47842,47947,48057,48172,48292,48417,48546,48679,48817,48958,49104,49252,49404,49559,49717,49877,50039,50204,50370,50538,50707,50876,51047,51218,51390,51561,51732,51903,52073,52242,52409,52576,52740,52903,53064,53222,53378,53531,53681,53829,53972,54113,54249,54382,54511,54635,54755,54871,54981,55087,55187,55282,55371,55454,55532,55603,55668,55727,55778,55823,55861,55892,55916,55932,55941,55942,55935,55921,55899,55869,55831,55786,55732,55671,55603,55526,55443,55352,55254,55148,55037,54918,54794,54664,54527,54386,54240,54088,53933,53774,53611,53445,53276,53105,52932,52758,52582,52406,52229,52053,51877,51701,51527,51355,51184,51016,50850,50686,50526,50369,50215,50065,49919,49776,49638,49504,49374,49248,49127,49010,48898,48791,48688,48590,48496,48407,48323,48243,48168,48097,48032,47970,47914,47862,47814,47771,47733,47699,47670,47644,47624,47607,47595,47587,47583,47583,47587,47595,47606,47622,47640,47662,47688,47716,47748,47783,47820,47860,47903,47947,47995,48044,48096,48149,48205,48262,48321,48382,48445,48509,48575,48643,48712,48783,48856,48930,49006,49084,49165,49247,49331,49417,49505,49596,49688,49784,49881,49982,50084,50190,50298,50408,50522,50638,50757,50879,51004,51132,51262,51396,51532,51672,51814,51959,52107,52258,52411,52567,52726,52888,53051,53218,53386,53557,53730,53904,54081,54259,54438,54619,54801,54983,55166,55349,55532,55715,55897,56079,56259,56438,56615,56790,56963,57133,57299,57463,57622,57777,57928,58075,58216,58351,58481,58605,58723,58834,58938,59036,59125,59208,59282,59348,59406,59456,59497,59530,59553,59567,59573,59568,59555,59532,59500,59458,59407,59346,59276,59196,59107,59009,58902,58786,58661,58527,58385,58235,58077,57911,57738,57557,57370,57177,56978,56773,56563,56348,56128,55905,55678,55447,55214,54979,54742,54504,54264,54024,53784,53544,53304,53066,52829,52593,52360,52129,51901,51675,51453,51234,51019,50808,50601,50399,50201,50008,49820,49637,49459,49286,49119,48958,48802,48652,48509,48371,48239,48113,47994,47881,47774,47674,47580,47493,47413,47339,47272,47211,47157,47110,_
47692,47658,47631,47611,47597,47590,47590,47596,47609,47628,47653,47685,47724,47768,47819,47876,47939,48008,48083,48164,48250,48342,48439,48542,48650,48762,48879,49001,49127,49258,49392,49531,49672,49817,49966,50117,50271,50427,50585,50746,50908,51071,51236,51401,51567,51734,51901,52068,52234,52400,52565,52729,52892,53053,53213,53371,53527,53680,53831,53980,54125,54268,54407,54542,54674,54802,54927,55046,55162,55273,55379,55480,55576,55667,55753,55832,55906,55974,56035,56091,56140,56182,56217,56245,56267,56281,56288,56287,56279,56264,56241,56210,56172,56126,56073,56012,55944,55869,55786,55696,55599,55496,55386,55270,55148,55020,54886,54748,54604,54456,54304,54147,53988,53825,53660,53492,53322,53151,52978,52805,52631,52457,52284,52111,51940,51769,51601,51434,51270,51108,50949,50792,50639,50490,50344,50201,50063,49929,49798,49672,49550,49432,49319,49210,49106,49006,48911,48820,48733,48652,48574,48502,48433,48370,48311,48256,48206,48160,48119,48082,48049,48021,47997,47977,47962,47951,47943,47940,47941,47945,47953,47965,47980,47999,48020,48046,48074,48105,48139,48175,48214,48256,48300,48347,48395,48446,48498,48553,48610,48668,48728,48790,48854,48920,48987,49057,49128,49201,49276,49353,49432,49513,49596,49681,49769,49859,49951,50046,50143,50243,50346,50451,50559,50670,50784,50901,51021,51143,51269,51397,51529,51664,51801,51942,52085,52232,52381,52533,52688,52846,53007,53170,53336,53504,53674,53846,54021,54197,54376,54555,54736,54918,55102,55285,55470,55654,55838,56022,56206,56388,56569,56749,56927,57102,57276,57446,57613,57776,57936,58092,58243,58389,58530,58666,58796,58920,59038,59149,59253,59350,59440,59522,59597,59663,59722,59772,59813,59846,59870,59884,59890,59887,59875,59853,59822,59781,59732,59673,59604,59527,59440,59344,59240,59126,59004,58874,58735,58589,58434,58273,58104,57928,57746,57557,57363,57163,56958,56749,56535,56317,56096,55872,55645,55416,55185,54953,54720,54486,54252,54018,53785,53553,53322,53092,52865,52640,52417,52198,51981,51768,51558,51352,51150,50953,50760,50571,50388,50209,50035,49866,49703,49545,49393,49247,49106,48971,48842,48719,48602,48491,48386,48288,48196,48110,48031,47958,47892,47832,47779,47732,_
48312,48278,48252,48231,48217,48210,48209,48214,48226,48244,48269,48300,48337,48380,48429,48484,48546,48613,48686,48764,48848,48937,49032,49132,49236,49346,49460,49579,49702,49828,49959,50094,50232,50373,50517,50664,50814,50966,51119,51275,51433,51591,51751,51912,52073,52235,52396,52558,52719,52880,53040,53199,53357,53513,53667,53820,53971,54119,54265,54408,54549,54686,54820,54951,55078,55201,55320,55435,55546,55653,55754,55851,55943,56030,56111,56187,56257,56321,56379,56431,56477,56516,56549,56575,56594,56606,56611,56608,56599,56582,56558,56527,56489,56443,56390,56329,56262,56187,56105,56017,55922,55820,55712,55599,55479,55353,55223,55087,54946,54801,54652,54499,54343,54183,54021,53857,53691,53523,53353,53183,53013,52842,52672,52502,52333,52165,51998,51834,51671,51511,51353,51198,51046,50898,50752,50610,50472,50338,50207,50080,49958,49839,49725,49615,49510,49408,49312,49219,49131,49047,48968,48893,48823,48757,48695,48638,48585,48537,48493,48453,48418,48387,48360,48337,48318,48304,48293,48286,48284,48285,48289,48298,48309,48325,48343,48365,48389,48417,48448,48481,48517,48555,48596,48640,48685,48733,48783,48835,48889,48945,49003,49063,49125,49188,49254,49322,49391,49463,49536,49612,49690,49770,49852,49937,50024,50113,50205,50300,50397,50497,50600,50705,50813,50925,51039,51156,51276,51399,51526,51655,51787,51923,52061,52203,52348,52496,52646,52800,52956,53115,53277,53442,53609,53779,53950,54124,54300,54478,54658,54839,55021,55204,55389,55573,55759,55944,56129,56314,56498,56681,56862,57042,57220,57396,57569,57740,57907,58070,58230,58385,58536,58682,58823,58959,59089,59212,59330,59441,59545,59642,59732,59814,59888,59955,60013,60063,60105,60138,60163,60178,60185,60182,60171,60150,60120,60081,60033,59976,59910,59834,59750,59657,59555,59445,59326,59199,59064,58922,58772,58614,58450,58279,58102,57919,57730,57535,57336,57133,56925,56713,56498,56280,56060,55837,55613,55387,55161,54934,54706,54479,54252,54027,53802,53579,53358,53139,52923,52709,52498,52291,52087,51887,51690,51498,51310,51126,50947,50773,50604,50439,50280,50126,49978,49835,49697,49565,49439,49319,49205,49096,48994,48897,48807,48723,48645,48574,48509,48450,48397,48351,_
48927,48894,48867,48847,48833,48825,48824,48828,48839,48857,48880,48909,48945,48987,49034,49087,49147,49211,49282,49358,49439,49526,49617,49714,49815,49922,50032,50147,50266,50389,50516,50646,50780,50917,51056,51199,51344,51491,51640,51790,51943,52096,52251,52406,52562,52718,52875,53031,53187,53342,53496,53650,53802,53953,54102,54249,54394,54537,54677,54815,54950,55082,55211,55337,55459,55577,55691,55801,55907,56009,56106,56199,56286,56368,56446,56517,56584,56644,56699,56747,56790,56826,56856,56879,56896,56906,56909,56905,56894,56876,56852,56820,56781,56735,56682,56622,56555,56481,56401,56314,56220,56121,56015,55903,55786,55663,55535,55402,55265,55123,54978,54828,54675,54519,54361,54200,54037,53873,53707,53541,53373,53206,53039,52872,52705,52540,52376,52214,52054,51895,51740,51586,51436,51288,51143,51002,50864,50730,50600,50473,50350,50231,50116,50006,49899,49797,49698,49605,49515,49430,49348,49272,49199,49131,49067,49008,48953,48902,48855,48813,48775,48741,48711,48685,48664,48646,48632,48622,48616,48614,48616,48620,48629,48641,48656,48674,48695,48720,48747,48777,48810,48845,48883,48923,48966,49011,49058,49108,49159,49213,49269,49327,49387,49448,49512,49578,49646,49717,49789,49864,49941,50020,50101,50185,50272,50361,50452,50546,50643,50743,50846,50951,51060,51171,51286,51403,51524,51648,51774,51905,52038,52174,52314,52456,52602,52751,52902,53057,53215,53375,53538,53704,53872,54043,54216,54391,54568,54747,54927,55109,55292,55476,55661,55847,56032,56218,56404,56589,56773,56956,57138,57318,57496,57671,57844,58014,58181,58344,58503,58658,58809,58955,59095,59230,59359,59483,59600,59710,59814,59910,60000,60082,60156,60223,60281,60331,60373,60407,60432,60448,60455,60453,60443,60424,60395,60358,60311,60256,60192,60119,60037,59947,59848,59741,59626,59503,59372,59234,59088,58935,58776,58610,58438,58260,58077,57889,57695,57498,57296,57091,56883,56672,56458,56242,56025,55806,55586,55366,55146,54925,54705,54487,54269,54053,53838,53626,53416,53208,53004,52802,52604,52410,52219,52032,51850,51671,51497,51328,51163,51003,50849,50699,50554,50415,50281,50153,50030,49912,49801,49695,49595,49501,49413,49331,49254,49184,49121,49063,49011,48966,_
49535,49503,49476,49456,49442,49434,49432,49436,49446,49462,49484,49512,49546,49586,49632,49683,49740,49802,49870,49943,50021,50105,50193,50286,50384,50487,50594,50704,50819,50938,51060,51186,51315,51447,51582,51719,51859,52001,52144,52290,52437,52585,52734,52883,53034,53184,53335,53485,53635,53784,53933,54080,54227,54372,54515,54656,54796,54933,55068,55200,55329,55456,55579,55699,55816,55929,56038,56143,56244,56341,56433,56521,56604,56682,56755,56823,56885,56942,56993,57038,57077,57111,57138,57158,57173,57180,57182,57176,57164,57145,57119,57087,57048,57002,56949,56889,56823,56750,56671,56586,56494,56396,56293,56184,56069,55949,55824,55694,55560,55422,55280,55134,54985,54833,54678,54521,54362,54201,54039,53876,53713,53549,53385,53221,53058,52896,52734,52575,52417,52261,52107,51955,51806,51660,51517,51376,51239,51106,50976,50849,50726,50607,50492,50381,50274,50170,50071,49976,49885,49798,49716,49637,49563,49493,49427,49366,49308,49255,49206,49161,49120,49084,49051,49023,48998,48978,48961,48948,48939,48933,48932,48933,48938,48947,48959,48974,48992,49013,49037,49064,49094,49126,49161,49199,49239,49281,49326,49373,49422,49473,49527,49583,49640,49701,49763,49827,49894,49963,50034,50108,50184,50262,50343,50426,50512,50600,50691,50785,50882,50982,51085,51190,51299,51410,51525,51643,51764,51888,52016,52146,52280,52417,52558,52701,52847,52997,53150,53305,53464,53625,53789,53955,54124,54296,54470,54645,54823,55002,55183,55366,55549,55734,55919,56105,56290,56476,56662,56847,57031,57213,57395,57574,57752,57927,58099,58269,58435,58597,58756,58910,59060,59205,59344,59479,59607,59730,59846,59956,60059,60155,60244,60326,60400,60466,60525,60575,60617,60651,60676,60693,60701,60700,60691,60673,60646,60610,60566,60512,60451,60380,60301,60214,60119,60015,59904,59784,59658,59524,59383,59235,59081,58920,58754,58582,58404,58222,58035,57844,57649,57451,57249,57045,56838,56630,56419,56208,55995,55782,55569,55356,55143,54931,54721,54511,54304,54098,53895,53694,53496,53301,53109,52921,52736,52555,52378,52205,52036,51872,51712,51557,51407,51262,51121,50986,50856,50731,50611,50497,50389,50286,50188,50097,50011,49931,49856,49788,49725,49669,49618,49574,_
50135,50103,50077,50057,50042,50034,50031,50035,50044,50059,50080,50106,50138,50176,50220,50269,50323,50383,50448,50518,50593,50673,50758,50847,50941,51040,51142,51249,51359,51473,51591,51712,51836,51962,52092,52224,52358,52494,52632,52772,52913,53055,53198,53341,53486,53630,53774,53919,54062,54206,54348,54490,54630,54769,54906,55041,55174,55306,55435,55561,55684,55805,55923,56037,56149,56256,56360,56460,56556,56648,56735,56818,56897,56970,57039,57102,57161,57214,57261,57303,57339,57369,57393,57411,57423,57429,57429,57422,57408,57388,57362,57329,57289,57243,57190,57131,57066,56994,56917,56833,56743,56647,56546,56439,56327,56210,56088,55962,55831,55696,55558,55416,55271,55122,54972,54818,54663,54507,54349,54189,54030,53869,53709,53549,53389,53230,53072,52915,52760,52606,52454,52305,52158,52013,51872,51733,51597,51464,51335,51209,51086,50967,50852,50740,50633,50529,50429,50333,50241,50153,50069,49989,49913,49842,49774,49711,49651,49596,49545,49497,49454,49415,49380,49349,49322,49298,49279,49263,49251,49243,49238,49236,49238,49244,49253,49264,49280,49298,49319,49343,49369,49399,49431,49466,49503,49543,49585,49629,49676,49726,49777,49831,49887,49945,50006,50069,50134,50202,50272,50345,50420,50497,50577,50660,50745,50833,50924,51018,51114,51214,51317,51422,51531,51643,51758,51876,51997,52122,52250,52381,52515,52653,52794,52937,53085,53235,53388,53544,53703,53865,54029,54196,54366,54538,54712,54888,55066,55245,55427,55609,55793,55977,56162,56347,56533,56718,56903,57088,57271,57453,57634,57812,57989,58163,58335,58503,58668,58829,58987,59140,59288,59432,59571,59704,59832,59953,60069,60178,60280,60376,60464,60545,60619,60685,60743,60793,60836,60870,60895,60913,60921,60922,60914,60897,60872,60838,60795,60744,60685,60617,60542,60458,60365,60266,60158,60043,59921,59792,59656,59513,59364,59209,59049,58882,58711,58536,58355,58171,57983,57791,57597,57400,57201,56999,56796,56592,56387,56181,55976,55770,55565,55360,55157,54955,54754,54556,54360,54166,53974,53786,53600,53418,53240,53065,52893,52726,52563,52404,52249,52099,51954,51813,51677,51546,51420,51299,51183,51072,50967,50866,50772,50683,50599,50521,50449,50382,50321,50266,50216,50173,_
50724,50692,50667,50646,50632,50623,50620,50623,50631,50644,50664,50689,50719,50755,50796,50842,50894,50951,51013,51080,51151,51228,51309,51394,51484,51578,51676,51778,51884,51993,52105,52221,52339,52460,52584,52710,52839,52969,53101,53234,53369,53505,53642,53779,53917,54055,54193,54331,54468,54605,54741,54876,55010,55142,55273,55402,55529,55654,55777,55897,56015,56130,56242,56350,56456,56558,56656,56751,56842,56929,57011,57089,57163,57232,57296,57356,57410,57459,57503,57541,57574,57601,57623,57638,57648,57652,57649,57641,57626,57605,57578,57544,57504,57458,57406,57348,57283,57213,57137,57054,56966,56873,56774,56670,56561,56447,56328,56205,56078,55947,55812,55674,55533,55388,55242,55093,54942,54789,54635,54480,54324,54168,54011,53855,53698,53543,53388,53234,53082,52931,52782,52635,52490,52348,52208,52070,51936,51804,51676,51551,51429,51310,51195,51084,50976,50872,50771,50675,50582,50493,50408,50327,50250,50177,50108,50043,49982,49924,49871,49822,49777,49735,49698,49664,49635,49609,49586,49568,49553,49542,49534,49530,49529,49531,49537,49546,49558,49573,49592,49613,49637,49663,49693,49725,49760,49797,49837,49879,49924,49971,50020,50072,50127,50183,50243,50304,50368,50435,50504,50575,50649,50726,50805,50887,50972,51060,51150,51244,51340,51440,51542,51648,51756,51868,51984,52102,52224,52348,52477,52608,52743,52880,53022,53166,53313,53464,53617,53774,53933,54095,54259,54427,54596,54768,54942,55118,55296,55475,55656,55838,56021,56205,56390,56574,56759,56943,57128,57311,57493,57674,57854,58031,58206,58379,58549,58716,58880,59040,59196,59348,59495,59637,59774,59906,60033,60153,60267,60375,60477,60571,60659,60740,60813,60878,60936,60987,61029,61063,61089,61107,61117,61118,61112,61096,61073,61041,61000,60952,60895,60830,60758,60677,60589,60493,60389,60279,60161,60037,59906,59769,59626,59476,59322,59162,58998,58828,58655,58477,58297,58112,57925,57736,57544,57350,57155,56958,56761,56563,56365,56167,55969,55772,55576,55382,55189,54998,54808,54621,54437,54255,54077,53901,53729,53560,53395,53233,53076,52922,52773,52628,52487,52351,52220,52093,51971,51854,51741,51634,51532,51435,51344,51257,51176,51100,51030,50965,50906,50852,50803,50761,_
51300,51269,51243,51223,51208,51199,51196,51197,51204,51217,51235,51258,51286,51320,51358,51402,51451,51505,51564,51627,51695,51767,51844,51926,52011,52100,52194,52291,52391,52495,52602,52712,52825,52940,53058,53178,53300,53424,53550,53677,53805,53934,54065,54195,54326,54458,54589,54720,54851,54981,55110,55239,55366,55492,55616,55739,55859,55978,56094,56208,56320,56429,56535,56638,56737,56834,56927,57016,57101,57183,57260,57334,57403,57467,57527,57582,57632,57678,57718,57753,57783,57807,57825,57839,57846,57848,57843,57833,57817,57795,57767,57734,57694,57648,57596,57538,57475,57406,57331,57250,57164,57073,56977,56875,56769,56658,56543,56424,56300,56173,56042,55908,55770,55630,55488,55343,55197,55048,54898,54748,54596,54444,54291,54138,53986,53834,53683,53532,53383,53235,53089,52945,52803,52662,52524,52389,52256,52126,51999,51875,51754,51636,51522,51411,51303,51199,51099,51002,50909,50819,50733,50652,50573,50499,50429,50362,50300,50241,50186,50135,50087,50044,50004,49969,49937,49908,49884,49863,49845,49831,49821,49814,49810,49810,49813,49819,49829,49841,49857,49875,49896,49920,49947,49977,50009,50044,50082,50122,50164,50209,50257,50307,50360,50415,50473,50533,50596,50661,50729,50800,50873,50949,51027,51109,51193,51281,51371,51464,51560,51659,51762,51867,51976,52088,52203,52321,52443,52568,52696,52828,52963,53100,53242,53386,53533,53684,53837,53994,54153,54315,54479,54646,54816,54987,55161,55336,55513,55692,55872,56053,56235,56418,56602,56785,56969,57152,57335,57516,57697,57877,58054,58230,58404,58575,58743,58909,59070,59229,59383,59533,59678,59819,59954,60085,60210,60329,60442,60548,60649,60742,60829,60909,60981,61047,61104,61154,61197,61231,61258,61277,61287,61290,61284,61270,61249,61219,61181,61135,61081,61019,60950,60873,60788,60696,60597,60491,60379,60259,60134,60002,59865,59722,59573,59420,59262,59100,58933,58763,58590,58413,58233,58051,57867,57681,57494,57305,57116,56926,56735,56545,56356,56166,55978,55791,55606,55422,55240,55060,54883,54708,54536,54367,54202,54039,53880,53725,53573,53425,53281,53141,53006,52875,52748,52625,52508,52395,52286,52183,52084,51990,51902,51818,51739,51666,51598,51535,51477,51425,51378,51336,_
51860,51830,51805,51785,51770,51760,51756,51757,51763,51774,51790,51811,51837,51869,51905,51946,51992,52042,52098,52157,52221,52290,52363,52439,52520,52604,52693,52784,52879,52978,53079,53183,53290,53399,53511,53625,53741,53858,53977,54098,54219,54342,54465,54589,54713,54837,54962,55086,55210,55333,55455,55577,55697,55816,55934,56050,56164,56276,56386,56494,56599,56702,56801,56898,56992,57083,57170,57254,57334,57410,57483,57551,57615,57675,57731,57782,57828,57869,57906,57938,57964,57985,58001,58012,58017,58017,58011,57999,57982,57959,57931,57897,57857,57811,57760,57703,57641,57573,57499,57421,57337,57248,57154,57056,56953,56845,56733,56617,56497,56374,56247,56117,55984,55848,55710,55570,55428,55284,55138,54992,54845,54697,54548,54400,54251,54103,53956,53809,53663,53519,53376,53234,53095,52957,52822,52689,52558,52430,52304,52182,52062,51945,51832,51721,51614,51511,51410,51313,51220,51130,51044,50962,50883,50808,50736,50669,50605,50545,50488,50436,50387,50341,50300,50262,50228,50198,50171,50147,50128,50111,50098,50089,50083,50080,50081,50084,50091,50101,50114,50130,50148,50170,50195,50222,50252,50285,50320,50358,50399,50442,50488,50536,50588,50641,50697,50756,50818,50882,50949,51019,51091,51166,51244,51325,51409,51496,51586,51678,51774,51873,51975,52081,52189,52301,52416,52535,52656,52781,52909,53040,53175,53313,53454,53598,53745,53895,54049,54204,54363,54525,54689,54855,55023,55194,55367,55541,55718,55895,56074,56254,56435,56616,56798,56980,57162,57343,57524,57704,57883,58060,58236,58410,58581,58750,58916,59079,59239,59395,59547,59695,59839,59977,60111,60240,60363,60480,60591,60697,60796,60888,60974,61053,61125,61189,61247,61297,61339,61374,61401,61420,61432,61435,61431,61419,61399,61371,61336,61292,61241,61183,61117,61044,60963,60876,60781,60680,60572,60459,60339,60213,60081,59945,59803,59656,59505,59350,59191,59028,58862,58693,58521,58346,58170,57992,57813,57632,57451,57269,57087,56905,56723,56542,56361,56182,56004,55828,55654,55481,55311,55144,54979,54817,54657,54501,54348,54199,54053,53911,53773,53638,53508,53382,53260,53142,53029,52920,52815,52716,52620,52530,52444,52363,52287,52216,52150,52089,52033,51982,51936,51896,_
52404,52374,52349,52329,52314,52304,52299,52299,52303,52313,52327,52347,52371,52400,52433,52471,52514,52561,52613,52669,52729,52793,52861,52933,53009,53089,53172,53258,53347,53440,53535,53633,53734,53837,53942,54050,54159,54270,54382,54495,54610,54725,54842,54959,55076,55193,55310,55427,55544,55660,55776,55890,56003,56116,56226,56335,56443,56548,56652,56753,56852,56948,57042,57133,57220,57305,57387,57465,57540,57611,57678,57742,57801,57857,57908,57954,57997,58034,58067,58095,58119,58137,58151,58159,58162,58160,58152,58139,58121,58097,58068,58034,57994,57948,57898,57842,57780,57714,57642,57566,57484,57398,57306,57211,57111,57006,56898,56786,56670,56550,56428,56302,56173,56042,55909,55773,55635,55496,55355,55213,55070,54927,54783,54639,54494,54350,54207,54064,53922,53781,53642,53504,53367,53232,53100,52969,52841,52715,52591,52470,52352,52237,52124,52015,51909,51806,51706,51610,51517,51427,51341,51258,51179,51103,51031,50962,50898,50836,50779,50725,50674,50628,50585,50545,50509,50477,50448,50422,50401,50382,50367,50355,50347,50342,50340,50341,50346,50353,50364,50377,50394,50413,50435,50461,50488,50519,50553,50589,50628,50669,50713,50760,50810,50862,50917,50975,51035,51098,51164,51233,51305,51379,51456,51537,51620,51706,51795,51888,51983,52082,52184,52289,52397,52509,52623,52741,52863,52987,53115,53246,53380,53518,53658,53802,53949,54098,54251,54406,54564,54724,54887,55052,55220,55389,55561,55734,55909,56085,56262,56440,56619,56799,56978,57158,57338,57517,57696,57873,58050,58225,58398,58569,58738,58905,59068,59229,59386,59540,59689,59835,59976,60112,60244,60370,60492,60607,60717,60820,60918,61009,61094,61172,61243,61307,61364,61413,61456,61491,61518,61538,61551,61555,61553,61542,61524,61499,61466,61425,61377,61322,61260,61190,61114,61031,60941,60845,60743,60634,60520,60400,60275,60145,60010,59870,59726,59578,59426,59271,59112,58951,58787,58621,58452,58283,58111,57939,57766,57592,57418,57244,57070,56897,56725,56554,56384,56215,56048,55884,55721,55560,55402,55247,55095,54945,54799,54655,54516,54379,54247,54118,53993,53871,53754,53641,53532,53427,53327,53231,53139,53052,52970,52892,52818,52750,52686,52627,52572,52523,52478,52439,_
52928,52899,52874,52854,52839,52829,52823,52821,52825,52833,52846,52863,52885,52911,52942,52977,53016,53060,53108,53160,53216,53276,53339,53406,53477,53552,53629,53710,53793,53880,53969,54061,54156,54252,54351,54451,54554,54658,54763,54869,54977,55085,55194,55304,55414,55524,55634,55744,55853,55962,56070,56177,56284,56389,56493,56595,56695,56794,56891,56986,57078,57168,57255,57340,57422,57501,57577,57649,57719,57785,57847,57905,57960,58011,58058,58100,58138,58172,58202,58227,58247,58263,58273,58279,58280,58276,58267,58253,58233,58209,58180,58145,58105,58060,58010,57955,57895,57830,57760,57685,57606,57522,57434,57341,57244,57143,57039,56930,56818,56703,56584,56463,56339,56212,56083,55952,55819,55684,55548,55411,55273,55134,54995,54855,54715,54576,54436,54298,54160,54023,53887,53752,53619,53487,53358,53230,53104,52981,52859,52741,52624,52511,52400,52292,52187,52085,51986,51891,51798,51709,51623,51540,51461,51385,51312,51243,51178,51116,51057,51002,50951,50903,50858,50817,50780,50746,50715,50688,50664,50644,50627,50613,50603,50596,50592,50591,50593,50598,50607,50618,50633,50650,50670,50693,50719,50748,50780,50814,50851,50891,50934,50979,51028,51078,51132,51189,51248,51310,51375,51443,51514,51587,51664,51744,51826,51912,52001,52093,52188,52286,52387,52492,52600,52711,52825,52942,53063,53187,53315,53445,53579,53715,53855,53998,54144,54292,54444,54598,54754,54914,55075,55239,55405,55573,55742,55914,56086,56260,56436,56612,56788,56965,57143,57320,57497,57674,57849,58024,58198,58370,58540,58709,58875,59038,59199,59357,59511,59662,59809,59952,60090,60224,60353,60477,60596,60710,60817,60919,61015,61105,61188,61265,61335,61399,61455,61504,61547,61582,61610,61631,61644,61650,61649,61640,61624,61601,61571,61533,61488,61436,61378,61312,61240,61162,61077,60986,60889,60786,60678,60564,60446,60322,60194,60061,59924,59783,59639,59491,59341,59187,59031,58873,58713,58551,58388,58224,58059,57894,57728,57563,57397,57232,57068,56905,56743,56582,56423,56265,56110,55957,55806,55658,55512,55369,55229,55092,54959,54828,54701,54578,54458,54342,54229,54121,54016,53916,53820,53727,53639,53556,53476,53401,53330,53264,53202,53145,53093,53045,53001,52963,_
53432,53403,53379,53359,53343,53332,53325,53323,53325,53332,53342,53358,53377,53401,53429,53461,53497,53537,53581,53629,53680,53736,53795,53857,53923,53991,54063,54138,54216,54297,54380,54466,54553,54643,54735,54829,54924,55021,55119,55219,55319,55420,55522,55624,55726,55829,55932,56034,56136,56238,56339,56439,56538,56636,56733,56828,56922,57014,57104,57192,57278,57361,57442,57521,57597,57670,57740,57807,57871,57932,57989,58042,58092,58139,58181,58219,58254,58284,58310,58332,58349,58362,58370,58373,58372,58367,58356,58341,58320,58295,58265,58231,58191,58147,58097,58043,57984,57921,57853,57780,57703,57622,57537,57447,57353,57256,57155,57050,56942,56831,56717,56600,56480,56358,56234,56108,55980,55850,55719,55586,55453,55319,55184,55049,54914,54779,54644,54510,54376,54243,54111,53980,53851,53723,53596,53471,53349,53228,53109,52993,52879,52768,52659,52553,52449,52348,52251,52156,52064,51976,51890,51808,51729,51653,51581,51511,51446,51383,51324,51268,51216,51167,51122,51079,51041,51005,50973,50945,50919,50897,50879,50863,50851,50842,50836,50833,50834,50837,50844,50853,50866,50881,50900,50921,50945,50972,51002,51035,51071,51109,51150,51194,51241,51291,51343,51399,51457,51518,51582,51649,51719,51792,51868,51946,52028,52113,52202,52293,52387,52485,52586,52690,52797,52907,53021,53138,53258,53381,53507,53637,53770,53905,54044,54186,54330,54477,54627,54780,54935,55092,55252,55414,55578,55744,55911,56080,56251,56422,56595,56768,56942,57116,57291,57465,57639,57813,57985,58157,58327,58496,58663,58828,58991,59151,59309,59463,59615,59762,59906,60046,60182,60313,60439,60561,60677,60788,60894,60994,61088,61176,61258,61333,61403,61465,61521,61570,61612,61648,61676,61698,61712,61719,61720,61713,61699,61678,61650,61616,61574,61526,61471,61410,61343,61269,61189,61103,61012,60915,60812,60705,60593,60476,60354,60229,60099,59966,59829,59689,59547,59401,59253,59103,58952,58798,58644,58488,58332,58174,58017,57860,57703,57546,57390,57234,57080,56927,56776,56626,56478,56333,56189,56047,55909,55772,55639,55508,55381,55256,55135,55017,54902,54791,54684,54580,54480,54384,54292,54203,54119,54038,53962,53890,53822,53758,53698,53643,53592,53546,53504,53466,_
53914,53885,53861,53841,53825,53813,53805,53802,53803,53807,53816,53829,53846,53867,53892,53921,53954,53990,54030,54074,54121,54172,54226,54283,54344,54407,54474,54543,54615,54689,54766,54845,54926,55010,55095,55182,55270,55360,55451,55543,55636,55729,55824,55919,56014,56109,56204,56299,56394,56488,56582,56675,56766,56857,56947,57035,57122,57207,57290,57372,57451,57528,57603,57675,57745,57813,57877,57938,57997,58052,58104,58153,58199,58240,58278,58313,58343,58370,58392,58411,58425,58435,58441,58442,58439,58432,58420,58404,58382,58357,58327,58292,58252,58209,58160,58107,58050,57988,57922,57851,57777,57698,57615,57529,57439,57345,57247,57147,57043,56936,56826,56714,56599,56481,56362,56240,56117,55992,55866,55739,55611,55481,55352,55222,55091,54961,54831,54701,54571,54443,54315,54188,54062,53938,53815,53694,53574,53457,53341,53227,53116,53007,52900,52796,52695,52596,52500,52406,52316,52228,52144,52062,51984,51908,51836,51767,51701,51638,51579,51523,51470,51421,51374,51331,51292,51255,51222,51192,51166,51143,51122,51105,51092,51081,51074,51069,51068,51070,51075,51083,51093,51107,51124,51144,51166,51192,51220,51252,51286,51323,51363,51405,51451,51499,51551,51605,51662,51722,51786,51852,51921,51993,52068,52146,52227,52311,52399,52489,52583,52680,52780,52883,52989,53099,53211,53327,53446,53568,53694,53822,53953,54088,54225,54365,54508,54654,54802,54952,55106,55261,55419,55578,55740,55903,56068,56234,56402,56570,56740,56910,57081,57252,57423,57594,57764,57934,58103,58271,58438,58603,58767,58928,59087,59244,59398,59549,59696,59840,59981,60118,60250,60378,60502,60620,60734,60843,60946,61044,61136,61222,61303,61377,61445,61507,61562,61611,61653,61689,61717,61740,61755,61764,61765,61760,61749,61730,61705,61674,61636,61591,61540,61483,61420,61351,61277,61196,61110,61019,60923,60822,60716,60606,60492,60373,60251,60126,59997,59865,59730,59592,59453,59311,59168,59023,58877,58729,58581,58433,58284,58135,57986,57837,57689,57542,57396,57251,57107,56965,56825,56686,56550,56415,56283,56154,56027,55902,55781,55662,55547,55434,55325,55219,55117,55017,54922,54830,54742,54657,54576,54499,54426,54356,54291,54230,54172,54119,54070,54024,53983,53947,_
54371,54343,54319,54299,54282,54270,54261,54256,54256,54259,54266,54277,54291,54309,54331,54357,54386,54419,54455,54494,54537,54583,54633,54685,54740,54798,54859,54922,54988,55056,55127,55199,55274,55350,55429,55509,55590,55672,55756,55841,55927,56013,56100,56187,56275,56363,56451,56538,56625,56712,56799,56884,56969,57052,57135,57216,57296,57374,57451,57526,57598,57669,57738,57804,57868,57929,57988,58044,58097,58148,58195,58239,58279,58317,58351,58381,58408,58431,58450,58465,58477,58484,58488,58487,58482,58473,58460,58442,58420,58394,58364,58329,58290,58247,58199,58147,58091,58031,57967,57899,57827,57751,57671,57588,57501,57411,57317,57220,57121,57018,56913,56805,56694,56582,56467,56351,56233,56113,55992,55869,55746,55622,55497,55372,55247,55121,54996,54871,54746,54622,54498,54376,54254,54134,54015,53897,53781,53667,53555,53444,53336,53229,53125,53024,52924,52827,52733,52641,52552,52466,52383,52302,52225,52150,52079,52010,51945,51882,51823,51767,51714,51664,51617,51574,51534,51497,51463,51432,51404,51380,51359,51341,51326,51314,51305,51299,51297,51297,51300,51307,51316,51329,51344,51362,51383,51407,51435,51464,51497,51533,51572,51613,51658,51705,51755,51809,51865,51924,51986,52051,52119,52190,52264,52342,52422,52505,52592,52681,52774,52870,52969,53071,53177,53285,53397,53511,53629,53750,53874,54000,54130,54263,54398,54537,54677,54821,54967,55115,55266,55419,55574,55731,55889,56050,56212,56375,56539,56704,56870,57037,57204,57371,57538,57706,57872,58038,58203,58367,58530,58691,58851,59008,59163,59316,59466,59613,59757,59897,60034,60167,60296,60421,60541,60657,60768,60874,60975,61070,61160,61245,61323,61396,61463,61524,61579,61627,61669,61705,61734,61757,61773,61783,61786,61783,61774,61758,61736,61707,61673,61632,61585,61532,61474,61410,61340,61265,61185,61100,61010,60916,60817,60713,60606,60495,60380,60262,60141,60017,59890,59761,59629,59496,59361,59224,59086,58948,58808,58668,58527,58386,58246,58106,57966,57827,57688,57551,57415,57281,57148,57017,56887,56760,56635,56512,56391,56273,56158,56045,55935,55828,55724,55624,55526,55431,55340,55253,55168,55087,55010,54936,54866,54799,54737,54678,54622,54571,54523,54479,54439,54403,_
54804,54776,54751,54731,54714,54701,54691,54685,54683,54685,54689,54698,54710,54725,54744,54767,54792,54821,54854,54889,54927,54969,55013,55060,55110,55163,55218,55275,55335,55397,55461,55527,55595,55665,55737,55810,55884,55959,56036,56113,56192,56271,56350,56430,56511,56591,56671,56751,56831,56911,56990,57068,57146,57222,57298,57372,57445,57516,57586,57654,57721,57785,57847,57908,57966,58021,58075,58125,58173,58218,58260,58300,58336,58369,58399,58425,58448,58468,58484,58496,58505,58510,58511,58508,58501,58491,58476,58458,58435,58409,58378,58344,58305,58262,58216,58165,58111,58052,57990,57924,57854,57781,57705,57624,57541,57454,57365,57272,57176,57078,56977,56874,56768,56661,56551,56439,56326,56212,56096,55979,55861,55742,55622,55502,55382,55262,55141,55021,54901,54781,54663,54544,54427,54311,54196,54083,53970,53860,53751,53644,53538,53435,53334,53235,53138,53044,52951,52862,52775,52690,52609,52530,52453,52380,52309,52241,52177,52115,52056,52000,51947,51897,51851,51807,51766,51729,51695,51663,51635,51610,51588,51569,51553,51540,51530,51523,51520,51519,51521,51526,51534,51546,51560,51577,51597,51620,51645,51674,51706,51740,51778,51818,51862,51908,51957,52009,52064,52123,52184,52248,52315,52385,52458,52534,52614,52696,52782,52870,52962,53056,53154,53255,53359,53466,53577,53690,53806,53925,54047,54172,54300,54431,54564,54700,54838,54979,55123,55269,55417,55566,55718,55872,56027,56184,56343,56502,56663,56824,56986,57149,57312,57475,57638,57801,57963,58125,58286,58446,58604,58761,58916,59069,59219,59368,59513,59656,59796,59932,60065,60195,60320,60441,60558,60671,60779,60882,60980,61073,61161,61243,61320,61392,61457,61517,61571,61619,61661,61697,61726,61750,61767,61778,61783,61782,61775,61762,61742,61717,61686,61649,61606,61558,61504,61445,61380,61311,61236,61157,61074,60986,60893,60797,60697,60593,60486,60375,60262,60145,60027,59906,59782,59657,59530,59402,59273,59142,59011,58879,58747,58615,58482,58350,58219,58088,57957,57828,57700,57573,57447,57323,57201,57081,56962,56846,56732,56620,56511,56404,56300,56198,56100,56004,55911,55821,55734,55651,55570,55493,55419,55348,55281,55218,55157,55101,55047,54998,54952,54909,54870,54835,_
55209,55182,55157,55137,55119,55105,55095,55088,55084,55083,55086,55093,55102,55115,55131,55150,55172,55197,55225,55256,55290,55327,55367,55409,55453,55500,55550,55602,55656,55711,55769,55829,55891,55954,56018,56084,56152,56220,56290,56360,56431,56503,56575,56648,56720,56793,56866,56939,57012,57084,57156,57227,57297,57367,57435,57502,57569,57633,57697,57758,57818,57877,57933,57987,58039,58089,58137,58182,58225,58265,58302,58337,58369,58397,58423,58446,58465,58481,58494,58504,58510,58512,58511,58507,58498,58486,58471,58451,58428,58401,58371,58336,58298,58256,58211,58161,58108,58052,57992,57928,57861,57791,57717,57640,57560,57477,57391,57302,57211,57117,57021,56922,56821,56719,56614,56507,56400,56290,56179,56068,55955,55841,55727,55612,55497,55382,55267,55151,55036,54922,54808,54694,54582,54470,54359,54250,54142,54035,53930,53826,53725,53625,53527,53431,53337,53245,53155,53068,52983,52901,52821,52744,52669,52597,52528,52461,52397,52336,52278,52223,52171,52121,52075,52031,51991,51953,51919,51887,51858,51833,51810,51791,51774,51761,51750,51742,51738,51736,51737,51741,51749,51759,51772,51788,51807,51829,51853,51881,51912,51945,51982,52021,52063,52108,52157,52208,52262,52319,52379,52442,52508,52577,52649,52724,52803,52884,52968,53055,53146,53239,53336,53435,53537,53643,53751,53863,53977,54094,54214,54337,54463,54591,54722,54855,54991,55129,55270,55412,55557,55704,55852,56002,56154,56307,56461,56617,56773,56930,57088,57247,57405,57564,57722,57880,58038,58195,58351,58506,58659,58811,58962,59110,59256,59400,59541,59679,59815,59947,60076,60201,60322,60440,60553,60663,60767,60867,60963,61053,61139,61219,61294,61364,61428,61487,61540,61587,61629,61665,61695,61719,61738,61750,61757,61757,61752,61742,61725,61703,61675,61642,61603,61559,61510,61456,61397,61333,61264,61191,61114,61032,60946,60857,60764,60667,60567,60465,60359,60251,60140,60027,59912,59795,59676,59557,59435,59313,59191,59067,58943,58819,58695,58571,58447,58324,58202,58080,57960,57840,57722,57605,57490,57377,57265,57155,57047,56942,56839,56737,56639,56543,56449,56358,56270,56185,56103,56023,55946,55873,55802,55735,55671,55610,55552,55498,55446,55398,55354,55313,55275,55240,_
55588,55560,55536,55515,55497,55482,55471,55462,55457,55455,55456,55460,55467,55477,55489,55505,55524,55545,55570,55597,55626,55658,55693,55730,55770,55811,55855,55901,55949,55999,56051,56104,56159,56216,56274,56333,56393,56455,56517,56581,56644,56709,56774,56839,56905,56971,57037,57102,57168,57233,57297,57361,57425,57487,57549,57609,57669,57727,57784,57839,57893,57945,57995,58043,58090,58134,58176,58216,58254,58289,58322,58352,58379,58404,58426,58445,58461,58474,58484,58490,58494,58494,58491,58484,58474,58461,58444,58424,58401,58373,58343,58309,58271,58230,58185,58138,58086,58031,57973,57912,57848,57780,57709,57636,57559,57480,57398,57313,57226,57137,57045,56951,56855,56757,56657,56556,56453,56349,56244,56137,56030,55921,55813,55703,55593,55483,55373,55263,55153,55044,54935,54826,54718,54611,54505,54400,54296,54194,54093,53993,53895,53799,53704,53611,53520,53432,53345,53260,53178,53098,53020,52945,52873,52802,52735,52670,52607,52547,52490,52436,52385,52336,52290,52247,52207,52170,52135,52104,52075,52049,52027,52007,51990,51976,51965,51956,51951,51949,51949,51953,51959,51969,51981,51996,52014,52035,52059,52085,52115,52148,52183,52221,52263,52307,52354,52404,52457,52513,52572,52634,52699,52767,52838,52912,52989,53069,53151,53237,53326,53418,53513,53611,53711,53815,53921,54031,54143,54258,54375,54496,54619,54744,54872,55002,55135,55270,55407,55546,55687,55830,55975,56121,56268,56417,56567,56719,56870,57023,57176,57330,57483,57637,57791,57944,58096,58248,58399,58549,58697,58844,58990,59133,59274,59413,59549,59683,59814,59941,60066,60187,60304,60418,60528,60633,60734,60831,60924,61012,61095,61173,61246,61314,61377,61434,61486,61533,61575,61610,61641,61666,61685,61699,61707,61710,61707,61699,61685,61666,61642,61612,61578,61538,61494,61444,61390,61332,61269,61202,61131,61055,60976,60894,60808,60718,60626,60531,60433,60332,60229,60124,60017,59909,59798,59687,59574,59460,59346,59230,59115,58999,58883,58767,58651,58536,58422,58308,58195,58083,57972,57862,57754,57647,57542,57439,57337,57238,57140,57045,56952,56861,56773,56687,56603,56523,56444,56369,56296,56226,56159,56095,56033,55975,55920,55867,55818,55772,55729,55689,55652,55618,_
55938,55911,55886,55865,55847,55831,55818,55809,55802,55798,55797,55798,55803,55810,55820,55833,55848,55866,55886,55909,55934,55962,55992,56024,56058,56095,56133,56174,56216,56260,56306,56353,56402,56452,56503,56556,56609,56664,56720,56776,56833,56890,56948,57007,57065,57124,57182,57241,57299,57357,57415,57472,57529,57584,57639,57693,57746,57798,57848,57897,57945,57991,58035,58078,58119,58158,58195,58229,58262,58293,58321,58346,58370,58390,58408,58424,58436,58446,58453,58457,58458,58456,58451,58443,58431,58417,58399,58378,58354,58327,58296,58262,58225,58185,58142,58095,58045,57993,57937,57878,57816,57751,57684,57613,57540,57465,57386,57306,57223,57138,57050,56961,56870,56777,56682,56586,56488,56390,56289,56188,56086,55983,55880,55776,55672,55567,55462,55357,55253,55148,55044,54941,54838,54736,54635,54534,54435,54337,54240,54144,54050,53958,53867,53778,53690,53605,53521,53440,53360,53283,53208,53135,53065,52996,52931,52868,52807,52749,52693,52640,52590,52542,52497,52455,52415,52379,52345,52314,52285,52260,52237,52217,52200,52186,52175,52166,52161,52158,52158,52161,52167,52175,52187,52201,52219,52239,52262,52288,52317,52348,52383,52420,52461,52504,52550,52599,52651,52706,52764,52824,52888,52955,53024,53097,53172,53251,53332,53416,53503,53593,53686,53782,53881,53982,54086,54193,54303,54415,54530,54647,54767,54890,55014,55141,55271,55402,55535,55671,55808,55946,56087,56229,56372,56516,56661,56808,56955,57102,57250,57399,57547,57696,57844,57992,58139,58285,58431,58575,58718,58860,59000,59138,59274,59407,59539,59667,59793,59916,60036,60153,60266,60375,60481,60583,60681,60775,60864,60949,61029,61105,61176,61242,61303,61360,61411,61457,61498,61534,61565,61590,61610,61625,61635,61640,61639,61633,61623,61607,61586,61560,61530,61494,61454,61410,61361,61308,61251,61190,61125,61056,60984,60908,60829,60747,60661,60574,60483,60390,60295,60198,60099,59999,59897,59793,59688,59583,59476,59369,59262,59154,59046,58938,58830,58723,58616,58509,58404,58299,58195,58093,57991,57891,57793,57696,57601,57507,57416,57326,57238,57153,57069,56988,56909,56833,56759,56687,56618,56552,56488,56427,56368,56313,56260,56209,56162,56117,56076,56037,56001,55968,_
56259,56232,56208,56186,56167,56151,56137,56126,56118,56112,56109,56109,56111,56115,56122,56132,56144,56158,56174,56193,56214,56238,56263,56290,56320,56351,56384,56419,56456,56494,56534,56575,56618,56662,56707,56753,56800,56848,56897,56946,56996,57047,57098,57150,57201,57253,57305,57356,57408,57459,57510,57560,57610,57659,57707,57755,57801,57847,57891,57934,57976,58016,58055,58092,58127,58161,58193,58223,58251,58276,58300,58321,58341,58357,58372,58384,58393,58400,58404,58405,58404,58400,58393,58383,58370,58355,58336,58315,58290,58263,58233,58199,58163,58123,58081,58036,57988,57937,57883,57827,57767,57706,57641,57574,57504,57432,57358,57282,57203,57122,57039,56955,56868,56780,56690,56599,56507,56413,56319,56223,56126,56029,55931,55832,55733,55634,55535,55435,55336,55237,55138,55040,54942,54845,54748,54653,54558,54465,54372,54281,54191,54103,54016,53931,53847,53765,53685,53607,53530,53456,53384,53314,53246,53180,53117,53056,52997,52941,52887,52835,52787,52740,52697,52655,52617,52581,52548,52518,52490,52465,52442,52423,52406,52392,52381,52372,52366,52363,52363,52366,52371,52379,52391,52404,52421,52441,52463,52488,52516,52547,52581,52617,52657,52699,52744,52792,52843,52897,52953,53013,53075,53140,53209,53279,53353,53430,53510,53592,53677,53765,53856,53949,54046,54145,54246,54350,54457,54567,54678,54793,54909,55028,55149,55273,55398,55525,55655,55786,55918,56053,56188,56325,56464,56603,56743,56884,57026,57169,57311,57454,57597,57740,57882,58025,58166,58307,58447,58585,58723,58859,58993,59125,59256,59384,59510,59634,59755,59873,59988,60100,60208,60314,60415,60513,60608,60698,60784,60866,60944,61017,61086,61150,61210,61265,61315,61361,61401,61437,61468,61494,61515,61531,61542,61549,61550,61547,61539,61526,61508,61486,61460,61429,61393,61354,61310,61263,61211,61156,61097,61034,60968,60899,60827,60752,60674,60593,60510,60425,60338,60249,60158,60065,59971,59875,59779,59681,59583,59483,59384,59284,59184,59084,58984,58884,58784,58685,58587,58490,58393,58297,58203,58109,58017,57926,57837,57750,57664,57580,57497,57417,57338,57262,57188,57115,57046,56978,56912,56849,56789,56731,56675,56622,56571,56523,56477,56434,56394,56356,56321,56289,_
56552,56525,56500,56478,56459,56442,56427,56415,56405,56398,56393,56390,56390,56392,56396,56402,56411,56422,56435,56450,56467,56486,56507,56530,56554,56581,56609,56638,56669,56702,56736,56772,56808,56846,56885,56925,56966,57007,57050,57093,57136,57180,57225,57269,57314,57359,57405,57450,57494,57539,57583,57627,57670,57713,57755,57796,57837,57876,57914,57951,57987,58022,58055,58087,58117,58146,58172,58198,58221,58242,58262,58279,58294,58307,58318,58327,58333,58337,58338,58337,58334,58328,58319,58308,58294,58277,58258,58236,58211,58184,58154,58121,58085,58047,58006,57962,57915,57866,57815,57761,57704,57645,57583,57520,57454,57385,57315,57242,57168,57091,57013,56933,56851,56768,56683,56597,56510,56422,56332,56242,56151,56059,55966,55873,55780,55686,55592,55498,55405,55311,55217,55124,55032,54940,54848,54758,54668,54579,54491,54405,54319,54235,54152,54071,53991,53913,53837,53762,53689,53618,53549,53482,53417,53354,53293,53234,53178,53124,53072,53023,52976,52931,52889,52849,52812,52777,52745,52716,52689,52664,52643,52624,52607,52594,52583,52574,52569,52566,52566,52568,52573,52581,52592,52606,52622,52641,52663,52687,52714,52745,52778,52813,52852,52893,52937,52984,53034,53086,53141,53200,53260,53324,53391,53460,53532,53607,53684,53765,53848,53933,54022,54113,54206,54302,54401,54502,54606,54712,54821,54931,55044,55160,55277,55396,55517,55640,55765,55891,56019,56149,56280,56412,56545,56679,56814,56949,57085,57222,57359,57496,57633,57770,57907,58043,58179,58313,58447,58580,58711,58841,58970,59097,59222,59344,59465,59583,59699,59812,59922,60029,60133,60234,60331,60425,60516,60602,60685,60764,60839,60910,60976,61039,61097,61150,61200,61244,61284,61320,61351,61377,61399,61416,61429,61437,61441,61440,61434,61424,61410,61392,61369,61342,61311,61277,61238,61195,61149,61100,61047,60990,60931,60868,60803,60735,60664,60590,60515,60437,60357,60276,60192,60107,60021,59933,59844,59755,59664,59573,59481,59389,59296,59204,59111,59019,58927,58835,58744,58654,58564,58475,58387,58300,58214,58130,58046,57965,57884,57806,57728,57653,57579,57508,57438,57370,57304,57240,57178,57118,57061,57006,56953,56902,56854,56807,56764,56722,56683,56647,56613,56581,_
56815,56788,56763,56741,56721,56703,56688,56675,56663,56654,56647,56643,56640,56640,56641,56645,56650,56658,56667,56678,56692,56707,56723,56742,56762,56783,56806,56831,56857,56884,56913,56943,56974,57006,57039,57073,57107,57143,57179,57216,57253,57291,57329,57367,57406,57444,57483,57522,57560,57598,57636,57674,57711,57747,57783,57819,57853,57886,57919,57950,57981,58010,58038,58064,58090,58113,58136,58156,58175,58192,58207,58221,58232,58242,58250,58255,58258,58260,58258,58255,58250,58242,58231,58219,58204,58186,58166,58144,58119,58091,58061,58029,57994,57957,57917,57874,57830,57783,57733,57682,57628,57571,57513,57452,57390,57325,57258,57190,57119,57047,56973,56898,56821,56742,56663,56582,56500,56417,56332,56247,56162,56075,55988,55901,55813,55725,55636,55548,55459,55371,55283,55195,55108,55021,54935,54849,54765,54681,54598,54516,54435,54355,54277,54200,54124,54050,53978,53907,53838,53770,53704,53641,53579,53519,53461,53405,53351,53299,53250,53203,53158,53115,53075,53037,53001,52968,52937,52909,52883,52860,52839,52821,52805,52792,52781,52773,52768,52765,52765,52768,52773,52781,52792,52805,52821,52839,52861,52885,52911,52941,52973,53008,53045,53086,53129,53174,53223,53274,53328,53385,53444,53506,53571,53638,53708,53781,53856,53934,54015,54098,54184,54272,54363,54456,54551,54649,54750,54852,54957,55064,55173,55284,55397,55512,55628,55747,55867,55988,56111,56235,56361,56487,56615,56743,56873,57002,57133,57263,57394,57525,57656,57787,57918,58048,58177,58305,58433,58560,58685,58809,58932,59052,59171,59288,59403,59516,59626,59734,59839,59941,60041,60137,60230,60320,60406,60489,60569,60645,60717,60785,60849,60909,60966,61018,61066,61109,61149,61184,61215,61242,61265,61283,61297,61307,61312,61313,61311,61304,61293,61278,61259,61236,61209,61179,61145,61108,61067,61023,60976,60925,60872,60816,60757,60695,60631,60565,60497,60426,60354,60279,60203,60126,60047,59967,59886,59804,59721,59637,59553,59469,59384,59299,59214,59129,59044,58959,58875,58791,58708,58626,58544,58464,58384,58305,58228,58152,58077,58004,57932,57861,57792,57725,57659,57596,57534,57473,57415,57359,57304,57252,57201,57153,57107,57063,57021,56981,56943,56908,56875,56843,_
57048,57022,56998,56975,56955,56936,56920,56905,56893,56882,56874,56867,56862,56859,56858,56859,56862,56866,56872,56880,56889,56901,56913,56927,56943,56960,56979,56998,57019,57042,57065,57090,57115,57142,57169,57197,57226,57256,57286,57317,57348,57380,57412,57444,57476,57509,57542,57574,57606,57639,57671,57702,57733,57764,57794,57823,57852,57880,57907,57933,57958,57982,58005,58027,58047,58066,58084,58100,58115,58128,58139,58149,58157,58163,58168,58170,58171,58169,58166,58161,58153,58143,58132,58118,58101,58083,58063,58040,58015,57987,57958,57926,57892,57855,57817,57776,57733,57688,57641,57591,57540,57487,57431,57374,57314,57253,57190,57126,57059,56992,56922,56851,56779,56705,56631,56555,56478,56400,56321,56241,56161,56080,55998,55916,55834,55751,55668,55585,55503,55420,55337,55255,55173,55091,55010,54930,54850,54771,54693,54616,54540,54465,54391,54319,54248,54178,54109,54042,53977,53913,53851,53791,53732,53675,53620,53568,53517,53468,53421,53376,53333,53293,53255,53219,53185,53153,53124,53097,53073,53051,53031,53014,52999,52987,52977,52970,52965,52963,52963,52966,52971,52979,52990,53003,53018,53037,53058,53081,53107,53136,53167,53201,53238,53277,53319,53364,53411,53461,53513,53568,53625,53686,53748,53814,53882,53952,54025,54101,54179,54259,54342,54427,54515,54604,54697,54791,54888,54986,55087,55190,55294,55401,55509,55620,55731,55845,55960,56076,56194,56312,56432,56553,56675,56797,56921,57044,57169,57293,57418,57542,57667,57791,57915,58039,58162,58284,58405,58526,58645,58762,58879,58993,59106,59218,59327,59434,59538,59641,59741,59838,59932,60024,60113,60199,60281,60360,60436,60509,60578,60643,60705,60763,60817,60868,60915,60958,60996,61031,61062,61089,61113,61132,61147,61158,61165,61169,61168,61164,61156,61145,61129,61110,61088,61062,61033,61000,60965,60926,60884,60840,60792,60742,60690,60635,60578,60518,60456,60393,60328,60260,60192,60122,60050,59978,59904,59829,59754,59678,59601,59524,59446,59368,59290,59212,59134,59057,58979,58902,58826,58750,58675,58600,58527,58454,58382,58311,58242,58174,58107,58041,57977,57914,57853,57793,57735,57678,57623,57570,57519,57469,57421,57375,57331,57289,57249,57210,57174,57140,57107,57077,_
57253,57227,57203,57180,57159,57140,57123,57108,57094,57082,57072,57063,57057,57052,57048,57046,57046,57048,57051,57055,57061,57068,57077,57088,57099,57112,57126,57141,57158,57175,57194,57213,57233,57255,57277,57300,57323,57347,57372,57397,57423,57448,57475,57501,57528,57555,57581,57608,57635,57661,57687,57713,57739,57764,57788,57812,57836,57858,57880,57901,57921,57940,57958,57975,57991,58006,58019,58031,58042,58051,58059,58065,58070,58073,58075,58074,58072,58069,58063,58056,58046,58035,58022,58007,57990,57971,57950,57927,57901,57874,57845,57814,57781,57745,57708,57669,57628,57585,57540,57493,57444,57393,57341,57286,57230,57173,57114,57053,56990,56927,56862,56795,56728,56659,56589,56518,56446,56373,56299,56225,56150,56074,55998,55922,55845,55768,55690,55613,55535,55458,55381,55304,55228,55151,55076,55001,54926,54852,54779,54707,54636,54566,54497,54429,54362,54296,54232,54169,54108,54048,53990,53933,53878,53825,53773,53724,53676,53630,53586,53544,53504,53466,53430,53396,53364,53334,53307,53282,53259,53239,53220,53204,53191,53179,53170,53164,53160,53158,53159,53162,53168,53176,53186,53199,53215,53233,53253,53276,53302,53330,53361,53394,53429,53468,53508,53551,53597,53645,53696,53749,53805,53863,53924,53987,54053,54121,54191,54264,54339,54416,54496,54578,54662,54748,54837,54927,55020,55115,55211,55309,55410,55511,55615,55720,55827,55935,56045,56155,56267,56380,56494,56609,56725,56841,56958,57076,57194,57312,57430,57548,57666,57784,57901,58018,58135,58250,58365,58479,58591,58703,58813,58921,59028,59133,59236,59338,59437,59534,59628,59720,59810,59897,59981,60062,60141,60216,60289,60358,60424,60487,60546,60602,60654,60703,60748,60790,60828,60863,60894,60921,60944,60964,60980,60993,61002,61007,61009,61008,61003,60994,60982,60967,60948,60927,60902,60874,60844,60810,60774,60735,60693,60649,60603,60554,60503,60450,60395,60338,60280,60220,60158,60095,60031,59965,59899,59831,59763,59694,59624,59554,59483,59413,59342,59271,59199,59128,59058,58987,58917,58847,58778,58710,58642,58575,58509,58443,58379,58316,58254,58193,58133,58074,58017,57961,57907,57854,57802,57752,57704,57657,57612,57568,57526,57486,57448,57411,57376,57343,57311,57281,_
57430,57404,57380,57357,57336,57316,57298,57282,57267,57254,57243,57232,57224,57217,57211,57207,57204,57203,57203,57204,57207,57211,57217,57223,57231,57240,57250,57261,57273,57286,57299,57314,57330,57346,57363,57381,57399,57418,57438,57458,57478,57498,57519,57540,57561,57583,57604,57625,57647,57668,57688,57709,57729,57749,57768,57787,57805,57823,57840,57856,57872,57886,57900,57912,57924,57934,57944,57952,57959,57965,57969,57972,57974,57974,57973,57970,57966,57960,57952,57943,57932,57919,57905,57889,57871,57851,57830,57806,57781,57754,57726,57695,57663,57629,57593,57555,57516,57474,57432,57387,57341,57293,57243,57192,57139,57085,57030,56973,56914,56855,56794,56732,56669,56605,56540,56473,56406,56339,56270,56201,56131,56061,55990,55919,55847,55776,55704,55632,55560,55488,55417,55345,55274,55203,55133,55063,54994,54925,54857,54790,54724,54659,54594,54531,54469,54408,54348,54290,54232,54177,54122,54069,54018,53968,53920,53874,53829,53787,53745,53706,53669,53634,53600,53569,53539,53512,53486,53463,53442,53423,53406,53392,53379,53369,53361,53356,53353,53352,53353,53356,53362,53371,53381,53394,53410,53428,53448,53471,53496,53523,53553,53585,53620,53657,53696,53738,53782,53829,53878,53929,53983,54039,54098,54158,54221,54287,54354,54424,54496,54570,54647,54725,54805,54888,54972,55059,55147,55237,55329,55423,55518,55615,55714,55814,55915,56018,56121,56226,56333,56440,56548,56656,56766,56876,56986,57097,57209,57320,57432,57543,57654,57765,57876,57986,58096,58205,58313,58420,58526,58631,58734,58837,58937,59036,59133,59229,59322,59414,59503,59590,59674,59757,59836,59913,59988,60059,60128,60194,60256,60316,60373,60426,60477,60524,60568,60608,60646,60679,60710,60737,60761,60782,60799,60813,60823,60830,60834,60835,60833,60827,60819,60807,60792,60774,60754,60731,60705,60676,60645,60611,60575,60536,60496,60453,60408,60362,60313,60263,60211,60157,60102,60046,59989,59930,59870,59810,59748,59686,59624,59560,59497,59432,59368,59304,59239,59175,59110,59046,58982,58918,58855,58792,58730,58669,58608,58548,58489,58430,58373,58317,58261,58207,58154,58102,58051,58001,57953,57906,57861,57817,57774,57733,57693,57655,57618,57583,57549,57517,57486,57457,_
57578,57553,57529,57506,57485,57465,57447,57430,57414,57400,57387,57375,57365,57356,57348,57342,57337,57333,57331,57329,57329,57330,57332,57335,57339,57344,57350,57358,57365,57374,57384,57394,57406,57417,57430,57443,57456,57471,57485,57500,57515,57531,57547,57563,57579,57595,57611,57628,57644,57660,57675,57691,57706,57721,57736,57750,57763,57776,57789,57800,57811,57822,57831,57840,57847,57854,57860,57864,57868,57870,57871,57871,57870,57868,57864,57859,57852,57844,57835,57824,57811,57798,57782,57765,57747,57726,57705,57681,57656,57630,57602,57572,57541,57508,57473,57437,57399,57360,57319,57277,57233,57188,57141,57093,57044,56993,56941,56888,56834,56778,56721,56664,56605,56545,56485,56424,56361,56299,56235,56171,56106,56041,55976,55910,55844,55778,55711,55645,55578,55512,55446,55380,55314,55249,55184,55119,55055,54992,54929,54867,54806,54745,54686,54627,54570,54513,54458,54404,54351,54299,54249,54200,54153,54107,54063,54020,53978,53939,53901,53865,53830,53798,53767,53738,53711,53686,53663,53642,53622,53605,53590,53577,53566,53557,53551,53546,53544,53543,53545,53550,53556,53565,53575,53589,53604,53622,53642,53664,53688,53715,53744,53775,53809,53845,53883,53923,53966,54011,54058,54107,54159,54213,54269,54327,54387,54450,54514,54581,54650,54720,54793,54868,54944,55023,55103,55185,55269,55355,55442,55531,55621,55713,55806,55900,55996,56093,56191,56290,56390,56491,56592,56695,56798,56901,57005,57110,57214,57319,57423,57528,57633,57737,57841,57944,58047,58149,58250,58351,58450,58548,58645,58741,58835,58928,59019,59109,59197,59282,59366,59448,59527,59605,59680,59752,59823,59890,59955,60017,60077,60134,60188,60239,60287,60332,60375,60414,60450,60484,60514,60541,60565,60586,60604,60619,60631,60639,60645,60648,60648,60645,60640,60631,60620,60606,60590,60571,60549,60525,60499,60470,60439,60406,60371,60334,60295,60254,60211,60167,60122,60075,60026,59976,59925,59873,59820,59766,59711,59656,59600,59543,59486,59428,59370,59312,59254,59196,59138,59079,59021,58964,58906,58849,58792,58736,58681,58626,58571,58518,58465,58413,58362,58312,58263,58214,58167,58121,58076,58032,57990,57948,57908,57869,57831,57795,57760,57726,57694,57663,57633,57605,_
57700,57675,57651,57629,57607,57587,57568,57551,57534,57519,57505,57492,57481,57470,57461,57452,57445,57439,57434,57430,57427,57425,57425,57425,57425,57427,57430,57433,57438,57443,57449,57455,57462,57470,57478,57487,57496,57506,57516,57526,57537,57548,57559,57570,57582,57593,57605,57616,57628,57639,57650,57661,57672,57682,57692,57702,57711,57720,57728,57736,57743,57749,57754,57759,57763,57766,57769,57770,57770,57770,57768,57765,57761,57756,57750,57743,57735,57725,57714,57701,57688,57673,57656,57639,57620,57599,57577,57554,57529,57503,57476,57447,57416,57384,57351,57317,57281,57244,57205,57165,57124,57081,57037,56992,56946,56899,56850,56801,56750,56699,56646,56593,56538,56483,56427,56370,56313,56255,56197,56137,56078,56018,55958,55897,55836,55775,55714,55653,55592,55531,55470,55410,55349,55289,55230,55170,55111,55053,54996,54939,54882,54827,54772,54719,54666,54614,54563,54514,54465,54418,54372,54327,54284,54242,54201,54162,54124,54088,54053,54020,53989,53959,53931,53905,53880,53858,53837,53818,53801,53785,53772,53761,53751,53744,53738,53735,53733,53734,53737,53742,53748,53757,53768,53782,53797,53814,53834,53856,53880,53906,53934,53964,53996,54031,54068,54107,54148,54191,54236,54283,54332,54384,54437,54493,54550,54610,54671,54734,54800,54867,54936,55006,55079,55153,55229,55307,55386,55466,55549,55632,55717,55804,55891,55980,56070,56161,56253,56346,56440,56534,56630,56725,56822,56919,57016,57113,57211,57309,57407,57504,57602,57699,57796,57892,57988,58084,58178,58272,58364,58456,58547,58636,58724,58810,58896,58979,59061,59141,59220,59296,59371,59443,59513,59582,59647,59711,59772,59831,59887,59941,59992,60041,60087,60130,60171,60209,60244,60276,60306,60333,60357,60378,60397,60413,60426,60436,60444,60448,60451,60450,60447,60442,60434,60424,60411,60396,60378,60358,60337,60313,60287,60259,60229,60197,60163,60128,60091,60053,60013,59972,59930,59886,59842,59796,59749,59701,59653,59604,59554,59503,59452,59401,59349,59297,59245,59193,59141,59088,59036,58984,58932,58880,58829,58778,58727,58677,58628,58579,58530,58483,58436,58390,58344,58300,58256,58213,58172,58131,58091,58052,58015,57978,57942,57908,57875,57843,57812,57782,57753,57726,_
57795,57771,57748,57725,57704,57684,57665,57647,57630,57614,57599,57585,57572,57560,57549,57539,57530,57522,57515,57509,57504,57499,57496,57493,57491,57490,57489,57490,57491,57492,57494,57497,57501,57505,57509,57514,57519,57525,57531,57537,57543,57550,57557,57564,57571,57579,57586,57593,57600,57607,57614,57621,57628,57634,57640,57645,57651,57655,57660,57664,57667,57670,57672,57673,57674,57674,57673,57671,57669,57665,57661,57656,57650,57642,57634,57625,57615,57603,57591,57577,57563,57547,57530,57511,57492,57471,57449,57426,57402,57376,57349,57321,57292,57261,57230,57197,57163,57127,57091,57053,57014,56975,56934,56892,56849,56805,56759,56714,56667,56619,56570,56521,56471,56420,56368,56316,56264,56210,56157,56102,56048,55993,55938,55882,55827,55771,55715,55659,55604,55548,55492,55437,55382,55327,55273,55219,55165,55112,55059,55008,54956,54906,54856,54807,54759,54712,54666,54621,54577,54534,54492,54451,54412,54373,54337,54301,54267,54234,54203,54173,54145,54118,54093,54070,54048,54027,54009,53992,53977,53964,53952,53943,53935,53929,53925,53922,53922,53924,53927,53932,53940,53949,53960,53974,53989,54006,54025,54047,54070,54095,54122,54152,54183,54216,54251,54288,54328,54369,54412,54457,54504,54552,54603,54656,54710,54766,54824,54884,54946,55009,55074,55141,55209,55279,55350,55423,55497,55573,55650,55728,55808,55889,55971,56054,56138,56223,56308,56395,56483,56571,56659,56749,56838,56928,57019,57109,57200,57291,57382,57473,57563,57653,57743,57833,57922,58010,58098,58185,58270,58356,58440,58522,58604,58685,58764,58841,58917,58992,59065,59136,59205,59273,59339,59402,59464,59523,59581,59636,59689,59740,59788,59834,59878,59919,59958,59994,60028,60060,60089,60115,60139,60161,60180,60196,60210,60222,60231,60237,60242,60243,60243,60240,60235,60228,60219,60207,60193,60178,60160,60140,60119,60096,60071,60044,60016,59986,59954,59921,59887,59852,59815,59777,59738,59698,59658,59616,59573,59530,59486,59442,59397,59351,59306,59259,59213,59167,59120,59073,59026,58979,58933,58886,58840,58794,58748,58703,58658,58614,58570,58526,58483,58441,58400,58359,58319,58279,58240,58203,58166,58130,58094,58060,58027,57994,57963,57932,57903,57874,57847,57821,_
57866,57842,57819,57797,57776,57756,57737,57719,57702,57685,57669,57655,57641,57628,57616,57604,57594,57584,57575,57567,57560,57553,57547,57542,57537,57534,57530,57528,57526,57524,57523,57523,57523,57523,57524,57526,57527,57529,57532,57534,57537,57540,57543,57546,57550,57553,57557,57560,57563,57567,57570,57573,57575,57578,57580,57582,57584,57585,57586,57586,57586,57586,57585,57583,57581,57578,57574,57570,57565,57559,57552,57545,57537,57528,57518,57507,57495,57482,57469,57454,57438,57422,57404,57386,57366,57345,57323,57300,57276,57251,57225,57198,57170,57141,57111,57079,57047,57014,56979,56944,56908,56870,56832,56793,56753,56712,56671,56628,56585,56541,56496,56451,56405,56358,56311,56264,56215,56167,56118,56068,56019,55969,55918,55868,55817,55767,55716,55665,55615,55564,55514,55464,55414,55364,55315,55266,55217,55169,55122,55075,55029,54983,54938,54894,54851,54808,54767,54726,54686,54648,54610,54573,54538,54504,54471,54439,54408,54379,54351,54325,54300,54276,54254,54233,54214,54196,54180,54165,54152,54141,54131,54124,54117,54113,54110,54109,54110,54112,54116,54122,54130,54140,54151,54165,54180,54197,54216,54236,54259,54283,54309,54338,54367,54399,54433,54468,54505,54544,54585,54628,54672,54718,54766,54816,54867,54920,54975,55031,55089,55148,55209,55271,55335,55400,55467,55535,55604,55675,55746,55819,55893,55968,56044,56121,56199,56278,56358,56438,56519,56601,56683,56765,56848,56932,57015,57099,57183,57266,57350,57434,57517,57601,57684,57766,57848,57930,58010,58091,58170,58248,58326,58402,58478,58552,58625,58697,58767,58836,58903,58969,59034,59096,59157,59216,59274,59329,59383,59434,59484,59532,59577,59621,59662,59701,59738,59773,59805,59836,59864,59890,59913,59935,59954,59971,59985,59998,60008,60016,60022,60026,60028,60028,60025,60021,60015,60006,59996,59984,59970,59955,59938,59919,59898,59876,59852,59827,59801,59773,59744,59714,59683,59651,59617,59583,59548,59511,59475,59437,59399,59360,59321,59281,59240,59200,59159,59118,59076,59035,58993,58952,58910,58869,58827,58786,58745,58704,58664,58624,58584,58545,58506,58467,58430,58392,58355,58319,58284,58249,58215,58181,58149,58117,58085,58055,58025,57997,57969,57942,57915,57890,_
57912,57889,57867,57846,57825,57806,57787,57768,57751,57734,57718,57703,57688,57674,57661,57648,57637,57626,57615,57605,57596,57588,57580,57573,57566,57560,57554,57549,57544,57540,57537,57533,57530,57528,57526,57524,57523,57521,57521,57520,57519,57519,57519,57518,57518,57518,57518,57518,57518,57518,57518,57518,57517,57516,57515,57514,57512,57511,57508,57506,57503,57499,57495,57491,57486,57481,57475,57468,57461,57453,57444,57435,57425,57414,57403,57391,57378,57364,57349,57334,57317,57300,57282,57263,57243,57223,57201,57179,57155,57131,57106,57080,57053,57025,56996,56967,56936,56905,56873,56839,56806,56771,56736,56699,56662,56625,56586,56547,56508,56467,56426,56385,56343,56300,56258,56214,56170,56126,56082,56037,55992,55947,55901,55856,55810,55764,55719,55673,55627,55582,55537,55491,55447,55402,55358,55314,55270,55227,55185,55143,55101,55060,55020,54981,54942,54904,54867,54831,54796,54761,54728,54695,54664,54633,54604,54576,54549,54523,54499,54475,54453,54433,54413,54396,54379,54364,54350,54338,54327,54318,54310,54304,54299,54296,54294,54295,54296,54300,54305,54311,54320,54329,54341,54354,54369,54386,54404,54425,54446,54470,54495,54522,54550,54581,54612,54646,54681,54718,54756,54797,54838,54882,54926,54973,55021,55070,55121,55174,55227,55283,55339,55397,55456,55517,55579,55642,55706,55771,55837,55905,55973,56043,56113,56184,56256,56328,56401,56475,56550,56625,56700,56776,56852,56929,57005,57082,57159,57236,57313,57390,57466,57542,57618,57694,57769,57844,57918,57991,58064,58136,58207,58277,58346,58414,58481,58547,58612,58675,58737,58798,58857,58915,58971,59026,59079,59130,59180,59228,59274,59318,59361,59402,59440,59477,59512,59545,59576,59606,59633,59658,59681,59702,59721,59739,59754,59767,59778,59788,59795,59801,59804,59806,59806,59804,59801,59795,59788,59780,59769,59757,59744,59729,59713,59695,59676,59655,59633,59610,59586,59561,59535,59507,59479,59450,59420,59389,59357,59325,59292,59259,59225,59190,59155,59120,59084,59048,59012,58975,58939,58902,58865,58829,58792,58755,58719,58683,58646,58610,58575,58539,58504,58470,58435,58401,58368,58335,58303,58271,58239,58208,58178,58149,58120,58091,58064,58037,58010,57985,57960,57935,_
57936,57914,57893,57872,57852,57833,57814,57796,57779,57762,57745,57730,57715,57700,57686,57673,57660,57648,57636,57625,57615,57605,57595,57586,57578,57570,57562,57555,57548,57542,57536,57530,57525,57520,57515,57510,57506,57502,57499,57495,57492,57488,57485,57482,57479,57476,57473,57470,57467,57464,57461,57457,57454,57450,57446,57442,57438,57433,57429,57423,57418,57412,57406,57399,57392,57384,57376,57367,57358,57349,57338,57327,57316,57304,57291,57278,57264,57249,57234,57218,57201,57184,57165,57146,57127,57106,57085,57063,57041,57017,56993,56968,56942,56916,56889,56861,56832,56803,56773,56742,56710,56678,56646,56612,56578,56544,56509,56473,56437,56400,56363,56325,56287,56248,56210,56170,56131,56091,56051,56011,55970,55929,55889,55848,55807,55766,55725,55684,55644,55603,55563,55522,55482,55443,55403,55364,55326,55287,55250,55212,55176,55140,55104,55069,55035,55002,54969,54937,54906,54875,54846,54818,54790,54764,54738,54714,54690,54668,54647,54626,54608,54590,54573,54558,54544,54531,54520,54510,54501,54494,54488,54483,54480,54479,54478,54480,54482,54486,54492,54499,54508,54518,54530,54543,54558,54574,54592,54611,54632,54655,54679,54704,54731,54760,54790,54821,54854,54889,54925,54962,55001,55042,55083,55127,55171,55217,55264,55313,55362,55413,55466,55519,55574,55629,55686,55744,55803,55863,55924,55986,56048,56112,56176,56241,56307,56373,56440,56508,56576,56644,56713,56782,56851,56921,56991,57061,57131,57201,57271,57340,57410,57479,57549,57617,57686,57753,57821,57888,57954,58019,58084,58148,58211,58273,58334,58394,58453,58511,58567,58623,58677,58730,58782,58832,58881,58928,58974,59018,59061,59102,59142,59179,59216,59250,59283,59314,59344,59372,59398,59422,59444,59465,59484,59501,59517,59530,59542,59553,59561,59568,59574,59577,59579,59580,59578,59576,59572,59566,59559,59550,59540,59529,59516,59502,59487,59471,59453,59434,59415,59394,59372,59350,59326,59302,59276,59250,59224,59196,59168,59140,59111,59081,59051,59021,58990,58959,58927,58895,58864,58832,58800,58767,58735,58703,58671,58638,58606,58575,58543,58511,58480,58449,58418,58387,58357,58327,58298,58269,58240,58212,58184,58157,58130,58104,58078,58053,58029,58005,57981,57958,_
57938,57918,57897,57878,57859,57840,57822,57804,57787,57770,57754,57738,57723,57708,57693,57680,57666,57653,57641,57629,57617,57606,57595,57585,57575,57565,57556,57547,57538,57530,57522,57514,57507,57500,57493,57486,57480,57474,57467,57461,57456,57450,57444,57439,57433,57428,57422,57417,57411,57405,57400,57394,57388,57382,57376,57369,57363,57356,57349,57341,57333,57326,57317,57309,57299,57290,57280,57270,57259,57248,57237,57224,57212,57199,57185,57171,57156,57141,57125,57109,57092,57074,57056,57037,57018,56998,56977,56956,56934,56912,56888,56865,56840,56815,56790,56764,56737,56710,56682,56653,56624,56595,56565,56534,56503,56471,56439,56407,56374,56341,56307,56273,56239,56204,56169,56134,56099,56063,56027,55991,55955,55919,55883,55846,55810,55774,55737,55701,55665,55629,55594,55558,55523,55488,55453,55419,55385,55351,55318,55286,55253,55222,55191,55160,55131,55101,55073,55045,55018,54992,54966,54942,54918,54895,54873,54852,54832,54813,54795,54778,54762,54748,54734,54721,54710,54699,54690,54682,54676,54670,54666,54663,54661,54661,54662,54664,54668,54673,54679,54686,54695,54706,54717,54730,54745,54761,54778,54796,54816,54838,54860,54884,54910,54937,54965,54994,55025,55057,55090,55125,55161,55199,55237,55277,55318,55360,55403,55448,55494,55540,55588,55637,55687,55738,55790,55842,55896,55951,56006,56062,56119,56177,56235,56294,56354,56414,56474,56535,56597,56659,56721,56784,56846,56909,56972,57035,57099,57162,57225,57288,57351,57413,57476,57538,57599,57660,57721,57781,57841,57900,57958,58016,58073,58129,58184,58239,58292,58345,58396,58447,58496,58544,58591,58637,58681,58724,58766,58807,58846,58884,58921,58956,58989,59022,59052,59081,59109,59135,59160,59183,59205,59225,59244,59261,59276,59290,59303,59314,59323,59331,59338,59343,59347,59349,59350,59349,59348,59344,59340,59334,59327,59319,59310,59299,59288,59275,59261,59247,59231,59214,59197,59178,59159,59139,59118,59097,59075,59052,59029,59005,58980,58955,58930,58904,58877,58851,58824,58797,58769,58742,58714,58686,58658,58630,58602,58574,58546,58518,58490,58462,58434,58406,58379,58352,58325,58298,58271,58245,58219,58194,58169,58144,58119,58095,58071,58048,58025,58003,57981,57959,_
57921,57901,57882,57864,57845,57828,57810,57793,57776,57760,57744,57728,57713,57698,57684,57669,57656,57642,57629,57616,57604,57592,57580,57569,57558,57547,57537,57526,57516,57507,57497,57488,57479,57470,57461,57453,57445,57437,57429,57421,57413,57405,57397,57390,57382,57375,57367,57359,57352,57344,57336,57329,57321,57313,57304,57296,57287,57279,57270,57261,57251,57242,57232,57221,57211,57200,57189,57177,57166,57153,57141,57128,57114,57100,57086,57071,57056,57041,57025,57008,56991,56974,56956,56937,56918,56899,56879,56859,56838,56816,56794,56772,56749,56726,56702,56677,56653,56627,56602,56575,56549,56522,56494,56467,56438,56410,56381,56352,56322,56292,56262,56231,56201,56170,56139,56107,56076,56044,56013,55981,55949,55917,55885,55853,55821,55789,55757,55726,55694,55663,55631,55600,55570,55539,55509,55479,55450,55421,55392,55364,55336,55309,55282,55256,55230,55205,55181,55157,55134,55111,55090,55069,55049,55030,55011,54993,54977,54961,54946,54932,54919,54907,54895,54885,54876,54868,54861,54855,54850,54847,54844,54843,54842,54843,54845,54848,54852,54858,54865,54873,54882,54892,54903,54916,54930,54945,54962,54979,54998,55018,55040,55062,55086,55111,55137,55164,55193,55222,55253,55285,55318,55352,55387,55424,55461,55500,55539,55579,55621,55663,55707,55751,55796,55842,55889,55937,55985,56034,56084,56135,56186,56238,56290,56343,56397,56451,56505,56560,56615,56670,56726,56782,56838,56894,56951,57007,57064,57120,57176,57233,57289,57345,57401,57456,57511,57566,57620,57674,57727,57780,57832,57884,57935,57985,58035,58084,58132,58179,58225,58270,58315,58358,58401,58442,58482,58521,58560,58597,58632,58667,58700,58732,58763,58793,58821,58849,58874,58899,58922,58944,58965,58984,59002,59019,59034,59048,59061,59072,59082,59091,59099,59105,59110,59114,59117,59118,59118,59117,59115,59112,59108,59102,59096,59089,59080,59071,59061,59049,59037,59024,59011,58996,58981,58965,58948,58930,58912,58894,58875,58855,58835,58814,58793,58771,58749,58727,58704,58681,58658,58634,58610,58587,58563,58538,58514,58490,58465,58441,58417,58392,58368,58344,58320,58296,58272,58248,58224,58201,58178,58155,58132,58110,58087,58066,58044,58023,58001,57981,57960,57940,_
57885,57867,57849,57832,57814,57797,57781,57765,57748,57733,57717,57702,57687,57672,57658,57644,57630,57617,57603,57590,57577,57565,57553,57541,57529,57517,57506,57495,57484,57473,57462,57452,57442,57432,57422,57412,57402,57393,57383,57374,57365,57355,57346,57337,57328,57318,57309,57300,57291,57282,57272,57263,57253,57244,57234,57224,57214,57204,57194,57183,57172,57161,57150,57139,57127,57116,57103,57091,57078,57065,57052,57039,57025,57010,56996,56981,56966,56950,56934,56918,56901,56884,56866,56848,56830,56811,56792,56773,56753,56733,56712,56691,56670,56648,56626,56604,56581,56558,56534,56510,56486,56462,56437,56412,56386,56361,56335,56308,56282,56255,56229,56202,56174,56147,56120,56092,56064,56037,56009,55981,55953,55925,55897,55869,55842,55814,55786,55759,55732,55704,55678,55651,55624,55598,55572,55547,55522,55497,55472,55448,55425,55401,55379,55356,55335,55314,55293,55273,55254,55235,55217,55200,55183,55167,55152,55137,55124,55111,55099,55087,55077,55067,55059,55051,55044,55038,55033,55029,55026,55023,55022,55022,55023,55025,55028,55032,55036,55042,55049,55058,55067,55077,55088,55100,55114,55128,55144,55160,55178,55197,55217,55237,55259,55282,55306,55331,55357,55384,55412,55441,55471,55502,55534,55567,55601,55635,55671,55707,55745,55783,55821,55861,55902,55943,55985,56027,56070,56114,56159,56204,56249,56295,56342,56389,56436,56484,56532,56581,56630,56679,56728,56778,56827,56877,56927,56977,57027,57077,57127,57177,57226,57276,57325,57374,57423,57471,57519,57567,57614,57661,57707,57753,57798,57843,57887,57930,57973,58015,58056,58096,58136,58175,58212,58249,58286,58321,58355,58388,58421,58452,58482,58511,58540,58567,58593,58618,58642,58664,58686,58707,58726,58744,58761,58777,58792,58806,58819,58830,58841,58850,58858,58866,58872,58877,58881,58884,58886,58886,58886,58885,58883,58880,58877,58872,58866,58860,58852,58844,58835,58826,58815,58804,58792,58780,58767,58753,58739,58724,58708,58692,58676,58659,58642,58624,58606,58587,58569,58549,58530,58510,58491,58470,58450,58430,58409,58388,58368,58347,58326,58305,58284,58263,58242,58221,58200,58179,58158,58138,58117,58097,58077,58056,58037,58017,57997,57978,57959,57940,57921,57903,_
57831,57815,57799,57783,57767,57751,57735,57720,57705,57690,57675,57661,57646,57632,57618,57604,57591,57577,57564,57551,57538,57526,57513,57501,57489,57477,57465,57453,57442,57430,57419,57408,57397,57386,57375,57365,57354,57343,57333,57322,57312,57302,57291,57281,57271,57260,57250,57240,57229,57219,57208,57198,57187,57177,57166,57155,57144,57133,57121,57110,57098,57087,57075,57063,57050,57038,57025,57012,56999,56986,56972,56959,56945,56930,56916,56901,56886,56870,56855,56839,56822,56806,56789,56772,56754,56737,56719,56701,56682,56663,56644,56624,56605,56585,56565,56544,56523,56502,56481,56459,56438,56415,56393,56371,56348,56325,56302,56279,56256,56232,56209,56185,56161,56137,56113,56089,56065,56041,56017,55993,55969,55945,55921,55897,55873,55850,55826,55803,55779,55756,55733,55711,55688,55666,55644,55623,55602,55581,55560,55540,55520,55501,55482,55464,55446,55428,55411,55395,55379,55364,55349,55335,55321,55308,55296,55285,55274,55264,55254,55245,55237,55230,55224,55218,55213,55209,55206,55203,55202,55201,55201,55202,55204,55206,55210,55214,55220,55226,55233,55241,55250,55260,55271,55283,55296,55309,55324,55339,55355,55373,55391,55410,55430,55451,55473,55495,55519,55543,55568,55594,55621,55649,55677,55707,55737,55768,55799,55831,55864,55898,55933,55968,56003,56040,56077,56114,56152,56191,56230,56269,56309,56350,56391,56432,56473,56515,56558,56600,56643,56686,56729,56772,56816,56859,56903,56946,56990,57034,57077,57120,57164,57207,57250,57293,57335,57378,57420,57461,57503,57544,57584,57624,57664,57703,57741,57779,57817,57854,57890,57925,57960,57995,58028,58061,58093,58124,58155,58184,58213,58241,58268,58294,58320,58344,58368,58391,58412,58433,58453,58472,58490,58507,58523,58539,58553,58566,58579,58590,58600,58610,58619,58626,58633,58639,58644,58648,58651,58654,58655,58656,58656,58655,58653,58651,58647,58643,58639,58633,58627,58620,58613,58605,58596,58586,58577,58566,58555,58544,58532,58519,58506,58493,58479,58465,58450,58435,58420,58404,58389,58372,58356,58339,58323,58306,58288,58271,58254,58236,58218,58200,58183,58165,58147,58129,58111,58093,58075,58057,58039,58021,58003,57985,57968,57950,57933,57916,57899,57881,57865,57848,_
57762,57747,57733,57718,57704,57689,57675,57661,57647,57633,57619,57606,57592,57579,57565,57552,57539,57526,57513,57501,57488,57476,57463,57451,57439,57427,57415,57403,57392,57380,57368,57357,57346,57334,57323,57312,57301,57289,57278,57267,57256,57245,57234,57223,57212,57201,57190,57179,57168,57157,57146,57135,57124,57112,57101,57090,57078,57066,57054,57043,57031,57018,57006,56994,56981,56969,56956,56943,56930,56916,56903,56889,56875,56861,56847,56832,56818,56803,56788,56772,56757,56741,56725,56709,56693,56676,56660,56643,56625,56608,56590,56573,56555,56537,56518,56500,56481,56462,56443,56424,56404,56385,56365,56346,56326,56306,56285,56265,56245,56225,56204,56184,56163,56142,56122,56101,56081,56060,56039,56019,55998,55978,55958,55938,55917,55897,55878,55858,55839,55819,55800,55781,55763,55744,55726,55708,55691,55674,55657,55640,55624,55608,55593,55578,55564,55550,55536,55523,55510,55498,55486,55475,55464,55454,55445,55436,55428,55420,55413,55406,55401,55395,55391,55387,55384,55382,55380,55379,55378,55379,55380,55382,55384,55388,55392,55397,55402,55409,55416,55424,55433,55442,55452,55463,55475,55488,55501,55515,55530,55546,55562,55579,55597,55616,55636,55656,55677,55698,55721,55744,55767,55792,55817,55843,55869,55896,55924,55952,55981,56010,56040,56071,56102,56133,56165,56198,56231,56264,56298,56332,56367,56402,56437,56473,56509,56545,56581,56618,56655,56692,56729,56766,56803,56841,56878,56916,56953,56991,57028,57066,57103,57140,57177,57214,57250,57287,57323,57359,57394,57430,57465,57499,57533,57567,57600,57633,57666,57698,57729,57760,57790,57820,57849,57878,57906,57933,57960,57986,58011,58036,58060,58083,58106,58128,58149,58169,58189,58207,58226,58243,58259,58275,58290,58304,58318,58330,58342,58353,58363,58373,58381,58389,58397,58403,58409,58414,58418,58421,58424,58426,58427,58428,58428,58427,58426,58424,58421,58418,58414,58410,58405,58399,58393,58387,58380,58372,58364,58355,58346,58337,58327,58317,58306,58295,58284,58272,58260,58248,58235,58222,58209,58195,58182,58168,58154,58140,58125,58111,58096,58081,58066,58051,58036,58021,58006,57991,57975,57960,57944,57929,57914,57898,57883,57868,57853,57837,57822,57807,57792,57777,_
57679,57666,57653,57640,57627,57614,57601,57588,57576,57563,57550,57538,57525,57513,57501,57488,57476,57464,57452,57440,57428,57416,57404,57392,57380,57369,57357,57346,57334,57323,57311,57300,57288,57277,57266,57255,57243,57232,57221,57210,57199,57188,57176,57165,57154,57143,57132,57120,57109,57098,57087,57075,57064,57052,57041,57029,57017,57006,56994,56982,56970,56958,56946,56933,56921,56908,56896,56883,56870,56857,56844,56831,56817,56804,56790,56776,56763,56749,56734,56720,56706,56691,56676,56661,56646,56631,56616,56600,56585,56569,56553,56537,56521,56505,56488,56472,56455,56439,56422,56405,56388,56371,56354,56337,56320,56302,56285,56268,56250,56233,56215,56198,56180,56163,56146,56128,56111,56094,56076,56059,56042,56025,56008,55992,55975,55959,55942,55926,55910,55894,55879,55864,55848,55834,55819,55805,55790,55777,55763,55750,55737,55725,55712,55701,55689,55678,55668,55657,55648,55638,55629,55621,55613,55605,55598,55592,55586,55580,55575,55571,55567,55563,55561,55558,55557,55556,55555,55555,55556,55557,55559,55562,55565,55569,55573,55578,55584,55590,55597,55605,55613,55622,55631,55641,55652,55664,55676,55688,55702,55716,55730,55746,55761,55778,55795,55813,55831,55850,55869,55889,55910,55931,55953,55975,55998,56021,56045,56069,56093,56119,56144,56170,56197,56224,56251,56279,56307,56335,56364,56393,56422,56452,56482,56512,56542,56573,56604,56635,56666,56697,56729,56760,56792,56823,56855,56887,56918,56950,56981,57013,57044,57076,57107,57138,57169,57200,57230,57261,57291,57321,57350,57380,57409,57437,57466,57493,57521,57548,57575,57601,57627,57653,57678,57702,57726,57750,57773,57795,57817,57839,57859,57880,57899,57919,57937,57955,57972,57989,58005,58020,58035,58049,58063,58076,58088,58100,58111,58121,58131,58140,58149,58157,58164,58171,58177,58182,58187,58191,58195,58198,58200,58202,58203,58204,58204,58204,58203,58201,58200,58197,58194,58191,58187,58183,58178,58173,58167,58161,58155,58148,58141,58133,58125,58117,58108,58099,58090,58081,58071,58061,58051,58040,58029,58018,58007,57996,57984,57973,57961,57949,57937,57924,57912,57899,57887,57874,57861,57849,57836,57823,57810,57797,57784,57770,57757,57744,57731,57718,57705,57692,_
57582,57571,57560,57549,57537,57526,57515,57504,57492,57481,57470,57459,57447,57436,57425,57414,57403,57391,57380,57369,57358,57347,57336,57325,57314,57303,57292,57281,57270,57259,57249,57238,57227,57216,57205,57194,57183,57173,57162,57151,57140,57129,57118,57107,57096,57085,57074,57063,57052,57041,57030,57019,57008,56997,56986,56974,56963,56952,56940,56929,56917,56905,56894,56882,56870,56858,56846,56834,56822,56810,56797,56785,56772,56760,56747,56734,56721,56709,56696,56682,56669,56656,56643,56629,56616,56602,56588,56575,56561,56547,56533,56519,56505,56490,56476,56462,56448,56433,56419,56404,56390,56375,56361,56346,56331,56317,56302,56288,56273,56258,56244,56229,56215,56200,56186,56172,56157,56143,56129,56115,56101,56088,56074,56060,56047,56034,56021,56008,55995,55983,55970,55958,55946,55934,55923,55912,55901,55890,55880,55869,55859,55850,55841,55832,55823,55815,55807,55799,55792,55785,55778,55772,55767,55761,55756,55752,55748,55744,55741,55738,55736,55734,55733,55732,55731,55731,55732,55733,55734,55736,55738,55741,55745,55749,55753,55758,55764,55770,55776,55784,55791,55799,55808,55817,55827,55837,55847,55859,55870,55882,55895,55908,55922,55936,55951,55966,55981,55998,56014,56031,56048,56066,56085,56103,56122,56142,56162,56182,56203,56224,56245,56267,56289,56312,56334,56357,56381,56404,56428,56452,56476,56501,56526,56551,56576,56601,56626,56652,56678,56703,56729,56755,56781,56807,56833,56860,56886,56912,56938,56964,56990,57016,57041,57067,57093,57118,57143,57168,57193,57218,57242,57267,57291,57314,57338,57361,57384,57407,57429,57451,57473,57494,57515,57535,57556,57575,57595,57614,57632,57650,57668,57685,57702,57719,57734,57750,57765,57779,57793,57807,57820,57832,57844,57856,57867,57877,57887,57897,57906,57914,57922,57930,57937,57944,57950,57955,57960,57965,57969,57972,57976,57978,57980,57982,57984,57984,57985,57985,57984,57984,57982,57981,57979,57976,57973,57970,57967,57963,57958,57954,57949,57944,57938,57932,57926,57920,57913,57906,57899,57891,57884,57876,57868,57859,57851,57842,57833,57824,57814,57805,57795,57786,57776,57766,57756,57745,57735,57724,57714,57703,57693,57682,57671,57660,57649,57638,57627,57616,57605,57593,_
57474,57465,57455,57446,57436,57427,57417,57408,57398,57388,57379,57369,57359,57349,57340,57330,57320,57310,57300,57290,57281,57271,57261,57251,57241,57231,57221,57211,57201,57191,57181,57171,57161,57151,57141,57131,57121,57111,57101,57091,57081,57071,57060,57050,57040,57030,57020,57009,56999,56989,56978,56968,56957,56947,56937,56926,56915,56905,56894,56884,56873,56862,56851,56840,56829,56819,56808,56797,56785,56774,56763,56752,56741,56729,56718,56707,56695,56684,56672,56660,56649,56637,56625,56614,56602,56590,56578,56566,56554,56542,56530,56518,56506,56494,56482,56470,56458,56446,56434,56422,56410,56397,56385,56373,56361,56349,56337,56325,56314,56302,56290,56278,56267,56255,56244,56232,56221,56210,56198,56187,56176,56166,56155,56144,56134,56124,56114,56104,56094,56084,56075,56065,56056,56048,56039,56030,56022,56014,56006,55999,55992,55985,55978,55971,55965,55959,55954,55948,55943,55938,55934,55930,55926,55923,55919,55917,55914,55912,55910,55909,55908,55907,55907,55907,55907,55908,55909,55911,55913,55915,55918,55921,55924,55928,55933,55937,55942,55948,55954,55960,55967,55974,55982,55990,55998,56007,56016,56025,56035,56045,56056,56067,56079,56090,56103,56115,56128,56141,56155,56169,56183,56198,56213,56228,56244,56259,56276,56292,56309,56326,56343,56361,56379,56397,56415,56434,56452,56471,56491,56510,56529,56549,56569,56589,56609,56629,56650,56670,56691,56711,56732,56753,56773,56794,56815,56836,56857,56878,56898,56919,56940,56961,56981,57002,57022,57042,57063,57083,57103,57122,57142,57162,57181,57200,57219,57238,57256,57274,57293,57310,57328,57345,57362,57379,57395,57411,57427,57443,57458,57473,57488,57502,57516,57529,57543,57556,57568,57580,57592,57603,57615,57625,57636,57646,57655,57664,57673,57681,57689,57697,57704,57711,57718,57724,57730,57735,57740,57745,57749,57753,57756,57759,57762,57764,57766,57768,57769,57770,57771,57771,57771,57771,57770,57769,57768,57766,57764,57762,57760,57757,57754,57751,57747,57743,57739,57735,57730,57725,57720,57715,57709,57704,57698,57692,57685,57679,57672,57666,57659,57651,57644,57637,57629,57621,57613,57605,57597,57589,57581,57572,57564,57555,57546,57538,57529,57520,57511,57502,57492,57483,_
57355,57347,57340,57332,57325,57317,57309,57301,57294,57286,57278,57270,57262,57253,57245,57237,57229,57221,57212,57204,57195,57187,57179,57170,57162,57153,57144,57136,57127,57119,57110,57101,57092,57084,57075,57066,57057,57048,57040,57031,57022,57013,57004,56995,56986,56977,56968,56958,56949,56940,56931,56922,56913,56903,56894,56885,56875,56866,56857,56847,56838,56828,56819,56809,56800,56790,56781,56771,56762,56752,56742,56733,56723,56713,56703,56694,56684,56674,56664,56654,56645,56635,56625,56615,56605,56595,56586,56576,56566,56556,56546,56536,56526,56517,56507,56497,56487,56477,56468,56458,56448,56439,56429,56420,56410,56401,56391,56382,56373,56364,56354,56345,56336,56327,56319,56310,56301,56293,56284,56276,56268,56260,56252,56244,56236,56228,56221,56214,56207,56200,56193,56186,56179,56173,56167,56161,56155,56149,56144,56139,56134,56129,56124,56120,56116,56112,56108,56105,56101,56098,56096,56093,56091,56089,56087,56085,56084,56083,56083,56082,56082,56082,56083,56083,56084,56086,56087,56089,56091,56094,56096,56099,56103,56106,56110,56114,56119,56124,56129,56134,56140,56146,56152,56159,56166,56173,56180,56188,56196,56204,56213,56222,56231,56241,56250,56260,56270,56281,56292,56303,56314,56325,56337,56349,56361,56373,56386,56399,56412,56425,56439,56452,56466,56480,56494,56508,56523,56537,56552,56567,56582,56597,56612,56627,56643,56658,56674,56689,56705,56721,56737,56753,56768,56784,56800,56816,56832,56848,56864,56880,56896,56912,56927,56943,56959,56974,56990,57005,57020,57036,57051,57066,57081,57095,57110,57124,57139,57153,57167,57181,57194,57208,57221,57234,57247,57259,57272,57284,57296,57308,57319,57331,57342,57353,57363,57373,57384,57393,57403,57412,57421,57430,57438,57447,57455,57462,57470,57477,57483,57490,57496,57502,57508,57513,57518,57523,57528,57532,57536,57540,57543,57547,57549,57552,57554,57557,57558,57560,57561,57562,57563,57564,57564,57564,57564,57563,57563,57562,57561,57559,57558,57556,57554,57551,57549,57546,57543,57540,57537,57534,57530,57526,57522,57518,57514,57509,57505,57500,57495,57490,57484,57479,57474,57468,57462,57456,57450,57444,57438,57431,57425,57418,57412,57405,57398,57391,57384,57377,57370,57362,_
57226,57221,57215,57210,57204,57198,57192,57186,57180,57174,57168,57162,57156,57149,57143,57137,57130,57124,57117,57110,57104,57097,57090,57084,57077,57070,57063,57056,57049,57042,57035,57028,57021,57014,57007,57000,56992,56985,56978,56971,56963,56956,56949,56941,56934,56926,56919,56911,56904,56896,56889,56881,56874,56866,56858,56851,56843,56835,56828,56820,56812,56805,56797,56789,56781,56774,56766,56758,56750,56743,56735,56727,56719,56711,56704,56696,56688,56680,56673,56665,56657,56649,56642,56634,56626,56618,56611,56603,56596,56588,56580,56573,56565,56558,56550,56543,56535,56528,56521,56514,56506,56499,56492,56485,56478,56471,56464,56457,56451,56444,56437,56431,56424,56418,56411,56405,56399,56393,56387,56381,56375,56370,56364,56359,56353,56348,56343,56338,56333,56329,56324,56319,56315,56311,56307,56303,56299,56296,56292,56289,56286,56283,56280,56277,56274,56272,56270,56268,56266,56264,56263,56262,56261,56260,56259,56258,56258,56258,56258,56258,56259,56259,56260,56261,56262,56264,56265,56267,56269,56271,56274,56277,56279,56282,56286,56289,56293,56297,56301,56305,56310,56314,56319,56324,56330,56335,56341,56347,56353,56359,56366,56372,56379,56386,56394,56401,56408,56416,56424,56432,56440,56449,56457,56466,56475,56484,56493,56502,56512,56521,56531,56541,56551,56561,56571,56581,56592,56602,56613,56623,56634,56645,56656,56667,56678,56689,56700,56711,56722,56734,56745,56756,56768,56779,56790,56802,56813,56824,56836,56847,56858,56870,56881,56892,56903,56915,56926,56937,56948,56959,56969,56980,56991,57002,57012,57022,57033,57043,57053,57063,57073,57083,57092,57102,57111,57121,57130,57139,57148,57156,57165,57173,57181,57189,57197,57205,57213,57220,57227,57234,57241,57248,57254,57261,57267,57273,57279,57284,57290,57295,57300,57305,57309,57314,57318,57322,57326,57329,57333,57336,57339,57342,57345,57347,57350,57352,57354,57355,57357,57358,57360,57361,57361,57362,57363,57363,57363,57363,57363,57362,57362,57361,57360,57359,57358,57356,57355,57353,57351,57349,57347,57345,57342,57340,57337,57334,57331,57328,57325,57322,57318,57315,57311,57307,57303,57299,57295,57291,57286,57282,57277,57272,57268,57263,57258,57253,57248,57242,57237,57232,_
57089,57086,57082,57078,57075,57071,57067,57063,57059,57055,57050,57046,57042,57038,57033,57029,57024,57020,57015,57011,57006,57001,56997,56992,56987,56982,56977,56972,56967,56962,56957,56952,56947,56942,56937,56932,56927,56922,56916,56911,56906,56900,56895,56890,56884,56879,56874,56868,56863,56857,56852,56846,56841,56835,56830,56824,56819,56813,56808,56802,56797,56791,56785,56780,56774,56769,56763,56758,56752,56747,56741,56736,56730,56724,56719,56713,56708,56703,56697,56692,56686,56681,56675,56670,56665,56659,56654,56649,56644,56638,56633,56628,56623,56618,56613,56608,56603,56598,56593,56588,56583,56579,56574,56569,56565,56560,56556,56551,56547,56543,56538,56534,56530,56526,56522,56518,56514,56510,56507,56503,56499,56496,56493,56489,56486,56483,56480,56477,56474,56471,56468,56466,56463,56461,56459,56456,56454,56452,56450,56448,56447,56445,56444,56442,56441,56440,56439,56438,56437,56436,56436,56435,56435,56435,56435,56435,56435,56435,56435,56436,56437,56437,56438,56439,56440,56442,56443,56445,56446,56448,56450,56452,56454,56456,56459,56461,56464,56467,56470,56473,56476,56479,56482,56486,56490,56493,56497,56501,56505,56509,56514,56518,56523,56527,56532,56537,56542,56547,56552,56557,56563,56568,56574,56579,56585,56591,56597,56603,56609,56615,56621,56627,56634,56640,56647,56653,56660,56666,56673,56680,56687,56694,56700,56707,56714,56721,56728,56735,56743,56750,56757,56764,56771,56778,56785,56793,56800,56807,56814,56821,56829,56836,56843,56850,56857,56864,56871,56878,56885,56892,56899,56906,56913,56919,56926,56933,56939,56946,56953,56959,56965,56972,56978,56984,56990,56996,57002,57008,57014,57019,57025,57031,57036,57041,57047,57052,57057,57062,57067,57071,57076,57080,57085,57089,57093,57097,57101,57105,57109,57113,57116,57120,57123,57126,57129,57132,57135,57138,57140,57143,57145,57148,57150,57152,57154,57155,57157,57159,57160,57161,57163,57164,57165,57165,57166,57167,57167,57168,57168,57168,57168,57168,57168,57168,57167,57167,57166,57165,57164,57164,57163,57161,57160,57159,57157,57156,57154,57152,57151,57149,57147,57145,57142,57140,57138,57135,57133,57130,57128,57125,57122,57119,57116,57113,57110,57107,57103,57100,57096,57093,_
56945,56943,56941,56940,56938,56936,56934,56932,56930,56928,56926,56923,56921,56919,56917,56914,56912,56910,56907,56905,56903,56900,56898,56895,56893,56890,56888,56885,56882,56880,56877,56874,56872,56869,56866,56863,56861,56858,56855,56852,56849,56847,56844,56841,56838,56835,56832,56829,56826,56823,56820,56817,56814,56811,56808,56805,56803,56800,56797,56794,56791,56788,56785,56782,56779,56776,56773,56770,56767,56764,56761,56758,56755,56752,56749,56746,56743,56741,56738,56735,56732,56729,56726,56724,56721,56718,56715,56713,56710,56707,56705,56702,56699,56697,56694,56692,56689,56687,56684,56682,56680,56677,56675,56673,56670,56668,56666,56664,56662,56660,56658,56655,56654,56652,56650,56648,56646,56644,56643,56641,56639,56638,56636,56635,56633,56632,56630,56629,56628,56627,56625,56624,56623,56622,56621,56620,56619,56619,56618,56617,56617,56616,56615,56615,56614,56614,56614,56614,56613,56613,56613,56613,56613,56613,56613,56614,56614,56614,56614,56615,56615,56616,56617,56617,56618,56619,56620,56621,56621,56622,56624,56625,56626,56627,56628,56630,56631,56633,56634,56636,56637,56639,56641,56643,56645,56646,56648,56650,56652,56655,56657,56659,56661,56663,56666,56668,56671,56673,56676,56678,56681,56683,56686,56689,56692,56694,56697,56700,56703,56706,56709,56712,56715,56718,56721,56724,56727,56730,56734,56737,56740,56743,56746,56750,56753,56756,56760,56763,56766,56770,56773,56776,56780,56783,56787,56790,56793,56797,56800,56804,56807,56810,56814,56817,56820,56824,56827,56830,56834,56837,56840,56844,56847,56850,56853,56857,56860,56863,56866,56869,56872,56875,56878,56881,56884,56887,56890,56893,56896,56898,56901,56904,56907,56909,56912,56914,56917,56919,56922,56924,56927,56929,56931,56933,56935,56938,56940,56942,56944,56946,56947,56949,56951,56953,56954,56956,56958,56959,56960,56962,56963,56964,56966,56967,56968,56969,56970,56971,56972,56973,56974,56974,56975,56976,56976,56977,56977,56978,56978,56978,56978,56979,56979,56979,56979,56979,56979,56978,56978,56978,56978,56977,56977,56976,56976,56975,56975,56974,56973,56972,56972,56971,56970,56969,56968,56967,56966,56964,56963,56962,56961,56959,56958,56956,56955,56953,56952,56950,56948,56947,_
